發生年度,發生月份,發生日期,發生時間,事故類別名稱,處理單位名稱警局層,發生地點,天候名稱,光線名稱,道路類別-第1當事者-名稱,速限-第1當事者,道路型態大類別名稱,道路型態子類別名稱,事故位置大類別名稱,事故位置子類別名稱,路面狀況-路面鋪裝名稱,路面狀況-路面狀態名稱,路面狀況-路面缺陷名稱,道路障礙-障礙物名稱,道路障礙-視距品質名稱,道路障礙-視距名稱,號誌-號誌種類名稱,號誌-號誌動作名稱,車道劃分設施-分向設施大類別名稱,車道劃分設施-分向設施子類別名稱,車道劃分設施-分道設施-快車道或一般車道間名稱,車道劃分設施-分道設施-快慢車道間名稱,車道劃分設施-分道設施-路面邊線名稱,事故類型及型態大類別名稱,事故類型及型態子類別名稱,肇因研判大類別名稱-主要,肇因研判子類別名稱-主要,死亡受傷人數,當事者順位,當事者區分-類別-大類別名稱-車種,當事者區分-類別-子類別名稱-車種,當事者屬-性-別名稱,當事者事故發生時年齡,保護裝備名稱,行動電話或電腦或其他相類功能裝置名稱,當事者行動狀態大類別名稱,當事者行動狀態子類別名稱,車輛撞擊部位大類別名稱-最初,車輛撞擊部位子類別名稱-最初,車輛撞擊部位大類別名稱-其他,車輛撞擊部位子類別名稱-其他,肇因研判大類別名稱-個別,肇因研判子類別名稱-個別,肇事逃逸類別名稱-是否肇逃,經度,緯度
2026,1.0,20260107.0,35600.0,A1,國道公路警察局,高雄市仁武區國道1號 361公里北向外側,晴,有照明且開啟,國道,100.0,單路部分,直路,路段,快車道,柏油,乾燥,無缺陷,無障礙物,無遮蔽物,良好,無號誌,無號誌,中央分向島,寬式(50公分以上),車道線(附標記),未繪設快慢車道分隔線,有,車與車,追撞,駕駛者,恍神、緊張、心不在焉分心駕駛,死亡1;受傷0,3.0,,,無或物(動物、堆置物),-1.0,,,,,,,,,無(非車輛駕駛人因素),尚未發現肇事因素,否,120.328186,22.68749
2026,1.0,20260107.0,35600.0,A1,國道公路警察局,高雄市仁武區國道1號 361公里北向外側,晴,有照明且開啟,國道,100.0,單路部分,直路,路段,快車道,柏油,乾燥,無缺陷,無障礙物,無遮蔽物,良好,無號誌,無號誌,中央分向島,寬式(50公分以上),車道線(附標記),未繪設快慢車道分隔線,有,車與車,追撞,駕駛者,恍神、緊張、心不在焉分心駕駛,死亡1;受傷0,4.0,,,無或物(動物、堆置物),-1.0,,,,,,,,,無(非車輛駕駛人因素),尚未發現肇事因素,否,120.328186,22.68749
2026,1.0,20260107.0,50700.0,A1,國道公路警察局,桃園市楊梅區國道1號 70公里700.0公尺處南,陰,有照明且開啟,國道,40.0,單路部分,直路,路段,交通島(含槽化線),柏油,乾燥,無缺陷,無障礙物,無遮蔽物,良好,無號誌,無號誌,中央分向島,寬式(50公分以上),車道線(附標記),未繪設快慢車道分隔線,有,車輛本身,撞交通島,駕駛者,超速駕駛,死亡1;受傷0,1.0,小客車(含客、貨兩用),自用,男,30.0,不明,不明,車的狀態,向前直行中,汽車,前車頭,,,駕駛者,超速駕駛,否,121.153059,24.900977
2026,1.0,20260107.0,50700.0,A1,國道公路警察局,桃園市楊梅區國道1號 70公里700.0公尺處南,陰,有照明且開啟,國道,40.0,單路部分,直路,路段,交通島(含槽化線),柏油,乾燥,無缺陷,無障礙物,無遮蔽物,良好,無號誌,無號誌,中央分向島,寬式(50公分以上),車道線(附標記),未繪設快慢車道分隔線,有,車輛本身,撞交通島,駕駛者,超速駕駛,死亡1;受傷0,2.0,,,無或物(動物、堆置物),-1.0,,,,,,,,,無(非車輛駕駛人因素),尚未發現肇事因素,否,121.153059,24.900977
2026,1.0,20260107.0,74500.0,A1,高雄市政府警察局,高雄市燕巢區村高鐵總廠路580號前0.0公尺,晴,有照明未開啟或故障,市區道路,50.0,單路部分,直路,路段,路肩、路緣,柏油,乾燥,無缺陷,無障礙物,無遮蔽物,良好,行車管制號誌,正常,中央分向島,寬式(50公分以上),車道線(附標記),未繪設快慢車道分隔線,有,車輛本身,路上翻車、摔倒,其他,其他不當駕車行為,死亡1;受傷0,1.0,機車,普通重型,男,29.0,戴半罩式安全帽,未使用,車的狀態,向前直行中,機車與自行車,右側車身,,,其他,其他不當駕車行為,否,120.345748,22.759773
2026,1.0,20260107.0,74500.0,A1,高雄市政府警察局,高雄市燕巢區村高鐵總廠路580號前0.0公尺,晴,有照明未開啟或故障,市區道路,50.0,單路部分,直路,路段,路肩、路緣,柏油,乾燥,無缺陷,無障礙物,無遮蔽物,良好,行車管制號誌,正常,中央分向島,寬式(50公分以上),車道線(附標記),未繪設快慢車道分隔線,有,車輛本身,路上翻車、摔倒,其他,其他不當駕車行為,死亡1;受傷0,2.0,,,無或物(動物、堆置物),0.0,,,,,,,,,無(非車輛駕駛人因素),尚未發現肇事因素,否,120.345748,22.759773
2026,1.0,20260107.0,74500.0,A1,高雄市政府警察局,高雄市燕巢區村高鐵總廠路580號前0.0公尺,晴,有照明未開啟或故障,市區道路,50.0,單路部分,直路,路段,路肩、路緣,柏油,乾燥,無缺陷,無障礙物,無遮蔽物,良好,行車管制號誌,正常,中央分向島,寬式(50公分以上),車道線(附標記),未繪設快慢車道分隔線,有,車輛本身,路上翻車、摔倒,其他,其他不當駕車行為,死亡1;受傷0,3.0,,,無或物(動物、堆置物),0.0,,,,,,,,,無(非車輛駕駛人因素),尚未發現肇事因素,否,120.345748,22.759773
2026,1.0,20260107.0,83900.0,A1,高雄市政府警察局,高雄市三民區凱旋一路160號前0.0公尺,晴,無照明,市區道路,40.0,單路部分,直路,路段,一般車道(未劃分快慢車道),柏油,乾燥,無缺陷,無障礙物,無遮蔽物,良好,無號誌,無號誌,行車分向線,無標記,車道線(無標記),未繪設快慢車道分隔線,無,人與車,穿越道路中,非駕駛者,穿越道路未注意左右來車,死亡1;受傷1,1.0,人,行人,女,50.0,其他(無需使用保護裝備之人),非駕駛人,人的狀態,步行,其他,非汽、機及自行車,,,非駕駛者,穿越道路未注意左右來車,否,120.31808,22.638261
2026,1.0,20260107.0,83900.0,A1,高雄市政府警察局,高雄市三民區凱旋一路160號前0.0公尺,晴,無照明,市區道路,40.0,單路部分,直路,路段,一般車道(未劃分快慢車道),柏油,乾燥,無缺陷,無障礙物,無遮蔽物,良好,無號誌,無號誌,行車分向線,無標記,車道線(無標記),未繪設快慢車道分隔線,無,人與車,穿越道路中,非駕駛者,穿越道路未注意左右來車,死亡1;受傷1,2.0,機車,普通重型,男,41.0,戴半罩式安全帽,未使用,車的狀態,向前直行中,機車與自行車,前車頭,,,駕駛者,恍神、緊張、心不在焉分心駕駛,否,120.31808,22.638261
2026,1.0,20260107.0,123031.0,A1,苗栗縣警察局,苗栗縣苑裡鎮山柑里國三北上交流道旁產業道路水溝,晴,無照明,其他,50.0,單路部分,直路,其他,其他,柏油,乾燥,無缺陷,無障礙物,無遮蔽物,良好,無號誌,無號誌,無,無分向設施,未繪設車道線,未繪設快慢車道分隔線,有,車輛本身,其他,無(車輛駕駛者因素),尚未發現肇事因素,死亡1;受傷0,1.0,慢車,腳踏自行車,男,49.0,其他(無需使用保護裝備之人),不明,車的狀態,向前直行中,其他,不明,,,無(車輛駕駛者因素),尚未發現肇事因素,否,120.670314,24.396439
2026,1.0,20260107.0,123031.0,A1,苗栗縣警察局,苗栗縣苑裡鎮山柑里國三北上交流道旁產業道路水溝,晴,無照明,其他,50.0,單路部分,直路,其他,其他,柏油,乾燥,無缺陷,無障礙物,無遮蔽物,良好,無號誌,無號誌,無,無分向設施,未繪設車道線,未繪設快慢車道分隔線,有,車輛本身,其他,無(車輛駕駛者因素),尚未發現肇事因素,死亡1;受傷0,2.0,,,無或物(動物、堆置物),-1.0,,,,,,,,,無(非車輛駕駛人因素),尚未發現肇事因素,否,120.670314,24.396439
2026,1.0,20260107.0,201300.0,A1,臺南市政府警察局,臺南市東區崇善路北 / 臺南市東區德東街北,晴,有照明且開啟,市區道路,40.0,單路部分,直路,路段,機車優先道,柏油,乾燥,無缺陷,無障礙物,無遮蔽物,良好,無號誌,無號誌,雙向禁止超車線,無標記,未繪設車道線,快慢車道分隔線,有,人與車,同向通行中,駕駛者,恍神、緊張、心不在焉分心駕駛,死亡1;受傷2,1.0,機車,普通重型,女,48.0,戴半罩式安全帽,未使用,車的狀態,向前直行中,機車與自行車,前車頭,,,駕駛者,恍神、緊張、心不在焉分心駕駛,否,120.236375,22.961915
2026,1.0,20260107.0,201300.0,A1,臺南市政府警察局,臺南市東區崇善路北 / 臺南市東區德東街北,晴,有照明且開啟,市區道路,40.0,單路部分,直路,路段,機車優先道,柏油,乾燥,無缺陷,無障礙物,無遮蔽物,良好,無號誌,無號誌,雙向禁止超車線,無標記,未繪設車道線,快慢車道分隔線,有,人與車,同向通行中,駕駛者,恍神、緊張、心不在焉分心駕駛,死亡1;受傷2,2.0,人,行人,男,60.0,其他(無需使用保護裝備之人),非駕駛人,人的狀態,步行,其他,非汽、機及自行車,,,非駕駛者,其他引起事故之疏失或行為,否,120.236375,22.961915
2026,1.0,20260107.0,201300.0,A1,臺南市政府警察局,臺南市東區崇善路北 / 臺南市東區德東街北,晴,有照明且開啟,市區道路,40.0,單路部分,直路,路段,機車優先道,柏油,乾燥,無缺陷,無障礙物,無遮蔽物,良好,無號誌,無號誌,雙向禁止超車線,無標記,未繪設車道線,快慢車道分隔線,有,人與車,同向通行中,駕駛者,恍神、緊張、心不在焉分心駕駛,死亡1;受傷2,3.0,機車,普通重型,男,18.0,戴半罩式安全帽,未使用,車的狀態,向前直行中,機車與自行車,前車頭,,,駕駛者,恍神、緊張、心不在焉分心駕駛,否,120.236375,22.961915
2026,1.0,20260108.0,102000.0,A1,新北市政府警察局,新北市板橋區文化路1段 / 新北市板橋區民生路3段,陰,有照明未開啟或故障,市區道路,50.0,交岔路,多岔路,交叉路口,交叉路口內,柏油,乾燥,無缺陷,無障礙物,無遮蔽物,良好,行車管制號誌(附設行人專用號誌),正常,中央分向島,寬式(50公分以上),車道線(附標記),未繪設快慢車道分隔線,無,車與車,側撞,駕駛者,違反禁止左轉、右轉標誌,死亡1;受傷0,1.0,大客車,營業用,男,57.0,繫安全帶(使用幼童安全椅),未使用,車的狀態,右轉彎,汽車,右側車身,,,駕駛者,違反禁止左轉、右轉標誌,否,121.468036,25.023181
2026,1.0,20260108.0,102000.0,A1,新北市政府警察局,新北市板橋區文化路1段 / 新北市板橋區民生路3段,陰,有照明未開啟或故障,市區道路,50.0,交岔路,多岔路,交叉路口,交叉路口內,柏油,乾燥,無缺陷,無障礙物,無遮蔽物,良好,行車管制號誌(附設行人專用號誌),正常,中央分向島,寬式(50公分以上),車道線(附標記),未繪設快慢車道分隔線,無,車與車,側撞,駕駛者,違反禁止左轉、右轉標誌,死亡1;受傷0,2.0,慢車,腳踏自行車,女,69.0,未戴安全帽或未繫安全帶(未使用幼童安全椅),未使用,車的狀態,向前直行中,機車與自行車,左側車身,,,駕駛者,違反行人專用標誌(線),否,121.468036,25.023181
2026,1.0,20260108.0,140800.0,A1,嘉義縣警察局,嘉義縣新港鄉潭大村台37線2.4公里,晴,有照明未開啟或故障,省道,30.0,交岔路,四岔路,交叉路口,交叉路口內,柏油,乾燥,無缺陷,無障礙物,無遮蔽物,良好,閃光號誌,正常,無,無分向設施,未繪設車道線,未繪設快慢車道分隔線,無,車與車,路口交岔撞,駕駛者,違反閃光號誌,死亡1;受傷1,1.0,機車,普通重型,女,61.0,不明,未使用,車的狀態,向前直行中,機車與自行車,右側車身,,,駕駛者,違反閃光號誌,否,120.327786,23.538026
2026,1.0,20260108.0,140800.0,A1,嘉義縣警察局,嘉義縣新港鄉潭大村台37線2.4公里,晴,有照明未開啟或故障,省道,30.0,交岔路,四岔路,交叉路口,交叉路口內,柏油,乾燥,無缺陷,無障礙物,無遮蔽物,良好,閃光號誌,正常,無,無分向設施,未繪設車道線,未繪設快慢車道分隔線,無,車與車,路口交岔撞,駕駛者,違反閃光號誌,死亡1;受傷1,2.0,小客車(含客、貨兩用),計程車,男,48.0,繫安全帶(使用幼童安全椅),未使用,車的狀態,向前直行中,汽車,前車頭,,,駕駛者,未依規定減速,否,120.327786,23.538026
2026,1.0,20260108.0,171600.0,A1,彰化縣警察局,彰化縣埔鹽鄉三省村成功路1段428號前0.0公尺,晴,有照明且開啟,村里道路,50.0,單路部分,直路,路段,一般車道(未劃分快慢車道),柏油,乾燥,無缺陷,無障礙物,無遮蔽物,良好,無號誌,無號誌,行車分向線,無標記,未繪設車道線,未繪設快慢車道分隔線,有,車與車,其他,駕駛者,起步時未注意安全,死亡1;受傷0,1.0,小客車(含客、貨兩用),自用,男,56.0,不明,不明,車的狀態,起步,汽車,左前車頭(身),,,駕駛者,起步時未注意安全,否,120.449433,23.973394
2026,1.0,20260108.0,171600.0,A1,彰化縣警察局,彰化縣埔鹽鄉三省村成功路1段428號前0.0公尺,晴,有照明且開啟,村里道路,50.0,單路部分,直路,路段,一般車道(未劃分快慢車道),柏油,乾燥,無缺陷,無障礙物,無遮蔽物,良好,無號誌,無號誌,行車分向線,無標記,未繪設車道線,未繪設快慢車道分隔線,有,車與車,其他,駕駛者,起步時未注意安全,死亡1;受傷0,2.0,機車,普通重型,男,30.0,不明,不明,車的狀態,向前直行中,機車與自行車,前車頭,,,無(車輛駕駛者因素),尚未發現肇事因素,否,120.449433,23.973394
2026,1.0,20260108.0,182016.0,A1,國道公路警察局,屏東縣長治鄉國道3號 399公里300.0公尺處南向外側,晴,有照明且開啟,國道,110.0,單路部分,直路,路段,快車道,柏油,乾燥,無缺陷,無障礙物,無遮蔽物,良好,無號誌,無號誌,中央分向島,寬式(50公分以上),車道線(附標記),未繪設快慢車道分隔線,有,車與車,對撞,駕駛者,逆向行駛,死亡1;受傷1,1.0,機車,普通重型,男,82.0,不明,不明,車的狀態,向前直行中,機車與自行車,前車頭,,,駕駛者,逆向行駛,否,120.549135,22.699943
2026,1.0,20260108.0,182016.0,A1,國道公路警察局,屏東縣長治鄉國道3號 399公里300.0公尺處南向外側,晴,有照明且開啟,國道,110.0,單路部分,直路,路段,快車道,柏油,乾燥,無缺陷,無障礙物,無遮蔽物,良好,無號誌,無號誌,中央分向島,寬式(50公分以上),車道線(附標記),未繪設快慢車道分隔線,有,車與車,對撞,駕駛者,逆向行駛,死亡1;受傷1,2.0,小貨車,自用,男,26.0,繫安全帶(使用幼童安全椅),未使用,車的狀態,向前直行中,汽車,前車頭,,,無(車輛駕駛者因素),尚未發現肇事因素,否,120.549135,22.699943
2026,1.0,20260109.0,125900.0,A1,高雄市政府警察局,高雄市仁武區水管路 / 高雄市仁武區安樂東街,晴,有照明未開啟或故障,市區道路,50.0,交岔路,四岔路,交叉路口,交叉路口內,柏油,乾燥,無缺陷,無障礙物,無遮蔽物,良好,行車管制號誌,正常,無,無分向設施,未繪設車道線,未繪設快慢車道分隔線,無,車與車,路口交岔撞,駕駛者,闖紅燈直行,死亡1;受傷0,1.0,小貨車,自用,男,65.0,繫安全帶(使用幼童安全椅),未使用,車的狀態,向前直行中,汽車,右前車頭(身),,,駕駛者,闖紅燈直行,否,120.347488,22.705776
2026,1.0,20260109.0,125900.0,A1,高雄市政府警察局,高雄市仁武區水管路 / 高雄市仁武區安樂東街,晴,有照明未開啟或故障,市區道路,50.0,交岔路,四岔路,交叉路口,交叉路口內,柏油,乾燥,無缺陷,無障礙物,無遮蔽物,良好,行車管制號誌,正常,無,無分向設施,未繪設車道線,未繪設快慢車道分隔線,無,車與車,路口交岔撞,駕駛者,闖紅燈直行,死亡1;受傷0,2.0,機車,普通重型,男,35.0,戴非半罩式安全帽,未使用,車的狀態,向前直行中,機車與自行車,左側車身,,,無(車輛駕駛者因素),尚未發現肇事因素,否,120.347488,22.705776
2026,1.0,20260109.0,133000.0,A1,苗栗縣警察局,苗栗縣後龍鎮勝利路188號前,晴,有照明未開啟或故障,市區道路,50.0,單路部分,彎曲路及附近,路段,慢車道,柏油,乾燥,無缺陷,無障礙物,無遮蔽物,良好,無號誌,無號誌,雙向禁止超車線,無標記,禁止變換車道線(無標記),快慢車道分隔線,有,車與車,其他,駕駛者,逆向行駛,死亡1;受傷0,1.0,機車,普通重型,男,63.0,戴半罩式安全帽,未使用,車的狀態,向前直行中,機車與自行車,前車頭,,,駕駛者,逆向行駛,否,120.777416,24.62276
2026,1.0,20260109.0,133000.0,A1,苗栗縣警察局,苗栗縣後龍鎮勝利路188號前,晴,有照明未開啟或故障,市區道路,50.0,單路部分,彎曲路及附近,路段,慢車道,柏油,乾燥,無缺陷,無障礙物,無遮蔽物,良好,無號誌,無號誌,雙向禁止超車線,無標記,禁止變換車道線(無標記),快慢車道分隔線,有,車與車,其他,駕駛者,逆向行駛,死亡1;受傷0,2.0,小貨車,自用,男,56.0,繫安全帶(使用幼童安全椅),未使用,車的狀態,等待(引擎未熄火),汽車,前車頭,,,無(車輛駕駛者因素),尚未發現肇事因素,否,120.777416,24.62276
2026,1.0,20260110.0,5000.0,A1,新北市政府警察局,新北市板橋區縣民大道1段 / 新北市板橋區民權路,晴,有照明且開啟,市區道路,50.0,交岔路,四岔路,交叉路口,交叉路口內,柏油,乾燥,無缺陷,無障礙物,無遮蔽物,良好,行車管制號誌,正常,中央分向島,寬式(50公分以上),車道線(無標記),快慢車道分隔線,有,人與車,穿越道路中,非駕駛者,未依號誌或手勢指揮(示)穿越道路,死亡1;受傷0,1.0,人,行人,女,81.0,其他(無需使用保護裝備之人),非駕駛人,人的狀態,步行,其他,非汽、機及自行車,,,非駕駛者,未依號誌或手勢指揮(示)穿越道路,否,121.461923,25.011221
2026,1.0,20260110.0,5000.0,A1,新北市政府警察局,新北市板橋區縣民大道1段 / 新北市板橋區民權路,晴,有照明且開啟,市區道路,50.0,交岔路,四岔路,交叉路口,交叉路口內,柏油,乾燥,無缺陷,無障礙物,無遮蔽物,良好,行車管制號誌,正常,中央分向島,寬式(50公分以上),車道線(無標記),快慢車道分隔線,有,人與車,穿越道路中,非駕駛者,未依號誌或手勢指揮(示)穿越道路,死亡1;受傷0,2.0,小客車(含客、貨兩用),自用,男,44.0,繫安全帶(使用幼童安全椅),未使用,車的狀態,向前直行中,汽車,前車頭,,,其他,其他不當駕車行為,否,121.461923,25.011221
2026,1.0,20260110.0,61715.0,A1,苗栗縣警察局,苗栗縣頭份市中興路與永安街口,晴,有照明且開啟,市區道路,40.0,交岔路,四岔路,交叉路口,交叉路口內,柏油,乾燥,無缺陷,無障礙物,無遮蔽物,良好,閃光號誌,正常,中央分向島,寬式(50公分以上),未繪設車道線,未繪設快慢車道分隔線,無,車與車,路口交岔撞,駕駛者,違反閃光號誌,死亡1;受傷0,1.0,小客車(含客、貨兩用),自用,男,66.0,繫安全帶(使用幼童安全椅),未使用,車的狀態,向前直行中,汽車,右前車頭(身),汽車,右前車頭(身),駕駛者,違反閃光號誌,否,120.912031,24.698201
2026,1.0,20260110.0,61715.0,A1,苗栗縣警察局,苗栗縣頭份市中興路與永安街口,晴,有照明且開啟,市區道路,40.0,交岔路,四岔路,交叉路口,交叉路口內,柏油,乾燥,無缺陷,無障礙物,無遮蔽物,良好,閃光號誌,正常,中央分向島,寬式(50公分以上),未繪設車道線,未繪設快慢車道分隔線,無,車與車,路口交岔撞,駕駛者,違反閃光號誌,死亡1;受傷0,2.0,機車,普通重型,男,18.0,戴半罩式安全帽,未使用,車的狀態,向前直行中,機車與自行車,前車頭,機車與自行車,右側車身,駕駛者,未依規定減速,否,120.912031,24.698201
2026,1.0,20260110.0,95100.0,A1,國道公路警察局,臺中市豐原區國道4號 20公里100.0公尺處東向內側,晴,有照明未開啟或故障,國道,100.0,單路部分,直路,路段,快車道,柏油,乾燥,無缺陷,無障礙物,無遮蔽物,良好,無號誌,無號誌,無,無分向設施,車道線(附標記),未繪設快慢車道分隔線,有,車輛本身,撞護欄(樁),其他,車輛或機械操作不當(慎),死亡1;受傷0,1.0,小客車(含客、貨兩用),自用,女,41.0,繫安全帶(使用幼童安全椅),不明,車的狀態,向前直行中,汽車,前車頭,,,其他,車輛或機械操作不當(慎),否,120.751105,24.25088
2026,1.0,20260110.0,95100.0,A1,國道公路警察局,臺中市豐原區國道4號 20公里100.0公尺處東向內側,晴,有照明未開啟或故障,國道,100.0,單路部分,直路,路段,快車道,柏油,乾燥,無缺陷,無障礙物,無遮蔽物,良好,無號誌,無號誌,無,無分向設施,車道線(附標記),未繪設快慢車道分隔線,有,車輛本身,撞護欄(樁),其他,車輛或機械操作不當(慎),死亡1;受傷0,2.0,,,無或物(動物、堆置物),-1.0,,,,,,,,,無(非車輛駕駛人因素),尚未發現肇事因素,否,120.751105,24.25088
2026,1.0,20260110.0,95100.0,A1,國道公路警察局,臺中市豐原區國道4號 20公里100.0公尺處東向內側,晴,有照明未開啟或故障,國道,100.0,單路部分,直路,路段,快車道,柏油,乾燥,無缺陷,無障礙物,無遮蔽物,良好,無號誌,無號誌,無,無分向設施,車道線(附標記),未繪設快慢車道分隔線,有,車輛本身,撞護欄(樁),其他,車輛或機械操作不當(慎),死亡1;受傷0,3.0,,,無或物(動物、堆置物),-1.0,,,,,,,,,無(非車輛駕駛人因素),尚未發現肇事因素,否,120.751105,24.25088
2026,1.0,20260110.0,115900.0,A1,桃園市政府警察局,桃園市楊梅區中山路口 / 桃園市楊梅區新成路口,晴,有照明且開啟,市區道路,50.0,交岔路,三岔路,交叉路口,交叉路口內,柏油,乾燥,無缺陷,無障礙物,無遮蔽物,良好,行車管制號誌,正常,無,無分向設施,未繪設車道線,未繪設快慢車道分隔線,無,車與車,側撞,駕駛者,有號誌路口，轉彎車未讓直行車先行,死亡1;受傷0,1.0,小客車(含客、貨兩用),自用,男,64.0,繫安全帶(使用幼童安全椅),未使用,車的狀態,左轉彎,汽車,後車尾,,,駕駛者,有號誌路口，轉彎車未讓直行車先行,否,121.147423,24.907326
2026,1.0,20260110.0,115900.0,A1,桃園市政府警察局,桃園市楊梅區中山路口 / 桃園市楊梅區新成路口,晴,有照明且開啟,市區道路,50.0,交岔路,三岔路,交叉路口,交叉路口內,柏油,乾燥,無缺陷,無障礙物,無遮蔽物,良好,行車管制號誌,正常,無,無分向設施,未繪設車道線,未繪設快慢車道分隔線,無,車與車,側撞,駕駛者,有號誌路口，轉彎車未讓直行車先行,死亡1;受傷0,2.0,機車,普通重型,男,51.0,戴半罩式安全帽,未使用,車的狀態,向前直行中,機車與自行車,前車頭,,,其他,其他不當駕車行為,否,121.147423,24.907326
2026,1.0,20260110.0,124000.0,A1,南投縣政府警察局,南投縣水里鄉新安路新山高枝10分5電桿旁,晴,無照明,村里道路,30.0,單路部分,彎曲路及附近,路段,路肩、路緣,水泥,乾燥,無缺陷,無障礙物,無遮蔽物,良好,無號誌,無號誌,無,無分向設施,未繪設車道線,未繪設快慢車道分隔線,無,車輛本身,衝出路外,其他,車輛或機械操作不當(慎),死亡2;受傷2,1.0,小貨車,自用,男,33.0,不明,不明,車的狀態,向前直行中,汽車,前車頭,,,其他,車輛或機械操作不當(慎),否,120.864678,23.769173
2026,1.0,20260110.0,124000.0,A1,南投縣政府警察局,南投縣水里鄉新安路新山高枝10分5電桿旁,晴,無照明,村里道路,30.0,單路部分,彎曲路及附近,路段,路肩、路緣,水泥,乾燥,無缺陷,無障礙物,無遮蔽物,良好,無號誌,無號誌,無,無分向設施,未繪設車道線,未繪設快慢車道分隔線,無,車輛本身,衝出路外,其他,車輛或機械操作不當(慎),死亡2;受傷2,2.0,,,無或物(動物、堆置物),-1.0,,,,,,,,,無(非車輛駕駛人因素),尚未發現肇事因素,否,120.864678,23.769173
2026,1.0,20260110.0,124000.0,A1,南投縣政府警察局,南投縣水里鄉新安路新山高枝10分5電桿旁,晴,無照明,村里道路,30.0,單路部分,彎曲路及附近,路段,路肩、路緣,水泥,乾燥,無缺陷,無障礙物,無遮蔽物,良好,無號誌,無號誌,無,無分向設施,未繪設車道線,未繪設快慢車道分隔線,無,車輛本身,衝出路外,其他,車輛或機械操作不當(慎),死亡2;受傷2,3.0,人,乘客,男,-1.0,不明,非駕駛人,人的狀態,其他,其他,非汽、機及自行車,,,無(非車輛駕駛人因素),尚未發現肇事因素,否,120.864678,23.769173
2026,1.0,20260110.0,124000.0,A1,南投縣政府警察局,南投縣水里鄉新安路新山高枝10分5電桿旁,晴,無照明,村里道路,30.0,單路部分,彎曲路及附近,路段,路肩、路緣,水泥,乾燥,無缺陷,無障礙物,無遮蔽物,良好,無號誌,無號誌,無,無分向設施,未繪設車道線,未繪設快慢車道分隔線,無,車輛本身,衝出路外,其他,車輛或機械操作不當(慎),死亡2;受傷2,4.0,人,乘客,男,-1.0,不明,非駕駛人,人的狀態,其他,其他,非汽、機及自行車,,,無(非車輛駕駛人因素),尚未發現肇事因素,否,120.864678,23.769173
2026,1.0,20260110.0,124000.0,A1,南投縣政府警察局,南投縣水里鄉新安路新山高枝10分5電桿旁,晴,無照明,村里道路,30.0,單路部分,彎曲路及附近,路段,路肩、路緣,水泥,乾燥,無缺陷,無障礙物,無遮蔽物,良好,無號誌,無號誌,無,無分向設施,未繪設車道線,未繪設快慢車道分隔線,無,車輛本身,衝出路外,其他,車輛或機械操作不當(慎),死亡2;受傷2,5.0,人,乘客,男,-1.0,不明,非駕駛人,人的狀態,其他,其他,非汽、機及自行車,,,無(非車輛駕駛人因素),尚未發現肇事因素,否,120.864678,23.769173
2026,1.0,20260110.0,214000.0,A1,雲林縣警察局,雲林縣斗六市鎮北路349-1號,晴,有照明且開啟,市區道路,50.0,單路部分,直路,路段,一般車道(未劃分快慢車道),柏油,乾燥,無缺陷,無障礙物,無遮蔽物,良好,無號誌,無號誌,雙向禁止超車線,無標記,未繪設車道線,未繪設快慢車道分隔線,有,車與車,其他,其他,其他不當駕車行為,死亡1;受傷0,1.0,小客車(含客、貨兩用),自用,男,65.0,繫安全帶(使用幼童安全椅),未使用,車的狀態,向前直行中,汽車,右前車頭(身),汽車,右前車頭(身),其他,其他不當駕車行為,否,120.540658,23.721773
2026,1.0,20260110.0,214000.0,A1,雲林縣警察局,雲林縣斗六市鎮北路349-1號,晴,有照明且開啟,市區道路,50.0,單路部分,直路,路段,一般車道(未劃分快慢車道),柏油,乾燥,無缺陷,無障礙物,無遮蔽物,良好,無號誌,無號誌,雙向禁止超車線,無標記,未繪設車道線,未繪設快慢車道分隔線,有,車與車,其他,其他,其他不當駕車行為,死亡1;受傷0,2.0,慢車,腳踏自行車,女,58.0,其他(無需使用保護裝備之人),未使用,車的狀態,其他,其他,無撞擊,,,其他,其他不當駕車行為,否,120.540658,23.721773
2026,1.0,20260111.0,105000.0,A1,高雄市政府警察局,高雄市小港區村高鳳路 / 高雄市小港區高鳳路,晴,無照明,市區道路,40.0,交岔路,三岔路,交叉路口,交叉路口內,柏油,乾燥,無缺陷,無障礙物,無遮蔽物,良好,無號誌,無號誌,無,無分向設施,未繪設車道線,未繪設快慢車道分隔線,無,車與車,其他,駕駛者,起步時未注意安全,死亡1;受傷1,1.0,慢車,電動輔助自行車,男,75.0,戴半罩式安全帽,未使用,車的狀態,起步,機車與自行車,左側車身,,,駕駛者,起步時未注意安全,否,120.371448,22.577735
2026,1.0,20260111.0,105000.0,A1,高雄市政府警察局,高雄市小港區村高鳳路 / 高雄市小港區高鳳路,晴,無照明,市區道路,40.0,交岔路,三岔路,交叉路口,交叉路口內,柏油,乾燥,無缺陷,無障礙物,無遮蔽物,良好,無號誌,無號誌,無,無分向設施,未繪設車道線,未繪設快慢車道分隔線,無,車與車,其他,駕駛者,起步時未注意安全,死亡1;受傷1,2.0,機車,普通重型,男,49.0,戴非半罩式安全帽,未使用,車的狀態,向前直行中,機車與自行車,前車頭,,,駕駛者,未依規定減速,否,120.371448,22.577735