發生年度,發生月份,發生日期,發生時間,事故類別名稱,處理單位名稱警局層,發生地點,天候名稱,光線名稱,道路類別-第1當事者-名稱,速限-第1當事者,道路型態大類別名稱,道路型態子類別名稱,事故位置大類別名稱,事故位置子類別名稱,路面狀況-路面鋪裝名稱,路面狀況-路面狀態名稱,路面狀況-路面缺陷名稱,道路障礙-障礙物名稱,道路障礙-視距品質名稱,道路障礙-視距名稱,號誌-號誌種類名稱,號誌-號誌動作名稱,車道劃分設施-分向設施大類別名稱,車道劃分設施-分向設施子類別名稱,車道劃分設施-分道設施-快車道或一般車道間名稱,車道劃分設施-分道設施-快慢車道間名稱,車道劃分設施-分道設施-路面邊線名稱,事故類型及型態大類別名稱,事故類型及型態子類別名稱,肇因研判大類別名稱-主要,肇因研判子類別名稱-主要,死亡受傷人數,當事者順位,當事者區分-類別-大類別名稱-車種,當事者區分-類別-子類別名稱-車種,當事者屬-性-別名稱,當事者事故發生時年齡,保護裝備名稱,行動電話或電腦或其他相類功能裝置名稱,當事者行動狀態大類別名稱,當事者行動狀態子類別名稱,車輛撞擊部位大類別名稱-最初,車輛撞擊部位子類別名稱-最初,車輛撞擊部位大類別名稱-其他,車輛撞擊部位子類別名稱-其他,肇因研判大類別名稱-個別,肇因研判子類別名稱-個別,肇事逃逸類別名稱-是否肇逃,經度,緯度
2026,1.0,20260111.0,105000.0,A1,高雄市政府警察局,高雄市小港區村高鳳路 / 高雄市小港區高鳳路,晴,無照明,市區道路,40.0,交岔路,三岔路,交叉路口,交叉路口內,柏油,乾燥,無缺陷,無障礙物,無遮蔽物,良好,無號誌,無號誌,無,無分向設施,未繪設車道線,未繪設快慢車道分隔線,無,車與車,其他,駕駛者,起步時未注意安全,死亡1;受傷1,3.0,人,乘客,女,25.0,不明,非駕駛人,不明,不明,其他,無撞擊,,,無(非車輛駕駛人因素),尚未發現肇事因素,否,120.371448,22.577735
2026,1.0,20260111.0,120400.0,A1,臺中市政府警察局,臺中市和平區自由里東崎路二段169號前0.0公尺,晴,有照明未開啟或故障,市區道路,25.0,單路部分,直路,路段,一般車道(未劃分快慢車道),柏油,乾燥,無缺陷,無障礙物,無遮蔽物,良好,無號誌,無號誌,雙向禁止超車線,無標記,禁止變換車道線(無標記),未繪設快慢車道分隔線,有,車輛本身,撞橋樑(橋墩),其他,其他不當駕車行為,死亡1;受傷0,1.0,機車,普通重型,男,72.0,戴半罩式安全帽,未使用,車的狀態,其他,其他,不明,,,其他,其他不當駕車行為,否,120.935998,24.271845
2026,1.0,20260111.0,120400.0,A1,臺中市政府警察局,臺中市和平區自由里東崎路二段169號前0.0公尺,晴,有照明未開啟或故障,市區道路,25.0,單路部分,直路,路段,一般車道(未劃分快慢車道),柏油,乾燥,無缺陷,無障礙物,無遮蔽物,良好,無號誌,無號誌,雙向禁止超車線,無標記,禁止變換車道線(無標記),未繪設快慢車道分隔線,有,車輛本身,撞橋樑(橋墩),其他,其他不當駕車行為,死亡1;受傷0,2.0,,,無或物(動物、堆置物),0.0,,,,,,,,,無(非車輛駕駛人因素),尚未發現肇事因素,否,120.935998,24.271845
2026,1.0,20260111.0,180800.0,A1,南投縣政府警察局,南投縣名間鄉彰南路529號前,晴,有照明且開啟,村里道路,30.0,單路部分,直路,路段,一般車道(未劃分快慢車道),柏油,乾燥,無缺陷,無障礙物,無遮蔽物,良好,無號誌,無號誌,無,無分向設施,未繪設車道線,未繪設快慢車道分隔線,有,人與車,對向通行中,其他,因光線、視線遮蔽致生事故,死亡1;受傷0,1.0,機車,普通重型,男,21.0,戴非半罩式安全帽,未使用,車的狀態,向前直行中,機車與自行車,右側車身,,,其他,因光線、視線遮蔽致生事故,否,120.695423,23.881296
2026,1.0,20260111.0,180800.0,A1,南投縣政府警察局,南投縣名間鄉彰南路529號前,晴,有照明且開啟,村里道路,30.0,單路部分,直路,路段,一般車道(未劃分快慢車道),柏油,乾燥,無缺陷,無障礙物,無遮蔽物,良好,無號誌,無號誌,無,無分向設施,未繪設車道線,未繪設快慢車道分隔線,有,人與車,對向通行中,其他,因光線、視線遮蔽致生事故,死亡1;受傷0,2.0,人,行人,女,80.0,其他(無需使用保護裝備之人),非駕駛人,人的狀態,步行,其他,非汽、機及自行車,,,非駕駛者,其他引起事故之疏失或行為,否,120.695423,23.881296
2026,1.0,20260111.0,204200.0,A1,雲林縣警察局,雲林縣崙背鄉港尾村新鎮72-1號前,晴,有照明且開啟,縣道,40.0,單路部分,直路,路段,路肩、路緣,柏油,乾燥,無缺陷,無障礙物,無遮蔽物,良好,無號誌,無號誌,行車分向線,無標記,未繪設車道線,未繪設快慢車道分隔線,有,車與車,追撞,駕駛者,恍神、緊張、心不在焉分心駕駛,死亡1;受傷0,1.0,機車,普通重型,男,26.0,戴非半罩式安全帽,未使用,車的狀態,向前直行中,機車與自行車,前車頭,,,駕駛者,恍神、緊張、心不在焉分心駕駛,否,120.375614,23.755109
2026,1.0,20260111.0,204200.0,A1,雲林縣警察局,雲林縣崙背鄉港尾村新鎮72-1號前,晴,有照明且開啟,縣道,40.0,單路部分,直路,路段,路肩、路緣,柏油,乾燥,無缺陷,無障礙物,無遮蔽物,良好,無號誌,無號誌,行車分向線,無標記,未繪設車道線,未繪設快慢車道分隔線,有,車與車,追撞,駕駛者,恍神、緊張、心不在焉分心駕駛,死亡1;受傷0,2.0,小貨車,自用,男,50.0,不明,不明,車的狀態,靜止(引擎熄火),汽車,左後車尾(身),,,無(車輛駕駛者因素),尚未發現肇事因素,否,120.375614,23.755109
2026,1.0,20260112.0,100000.0,A1,彰化縣警察局,彰化縣彰化市彰南路2段口 / 彰化縣彰化市三竹路口,晴,有照明未開啟或故障,市區道路,50.0,交岔路,四岔路,交叉路口,交叉路口內,柏油,乾燥,無缺陷,路上有停車,無遮蔽物,良好,行車管制號誌,正常,中央分向島,寬式(50公分以上),車道線(無標記),快慢車道分隔線,有,車與車,同向擦撞,其他,其他不當駕車行為,死亡1;受傷0,1.0,機車,普通重型,女,67.0,戴半罩式安全帽,未使用,車的狀態,向前直行中,機車與自行車,左側車身,,,其他,其他不當駕車行為,否,120.58029,24.085238
2026,1.0,20260112.0,100000.0,A1,彰化縣警察局,彰化縣彰化市彰南路2段口 / 彰化縣彰化市三竹路口,晴,有照明未開啟或故障,市區道路,50.0,交岔路,四岔路,交叉路口,交叉路口內,柏油,乾燥,無缺陷,路上有停車,無遮蔽物,良好,行車管制號誌,正常,中央分向島,寬式(50公分以上),車道線(無標記),快慢車道分隔線,有,車與車,同向擦撞,其他,其他不當駕車行為,死亡1;受傷0,2.0,大貨車,營業用,男,58.0,繫安全帶(使用幼童安全椅),未使用,車的狀態,向前直行中,汽車,右側車身,,,其他,其他不當駕車行為,否,120.58029,24.085238
2026,1.0,20260112.0,100000.0,A1,彰化縣警察局,彰化縣彰化市彰南路2段口 / 彰化縣彰化市三竹路口,晴,有照明未開啟或故障,市區道路,50.0,交岔路,四岔路,交叉路口,交叉路口內,柏油,乾燥,無缺陷,路上有停車,無遮蔽物,良好,行車管制號誌,正常,中央分向島,寬式(50公分以上),車道線(無標記),快慢車道分隔線,有,車與車,同向擦撞,其他,其他不當駕車行為,死亡1;受傷0,3.0,小貨車,自用,男,43.0,不明,不明,車的狀態,等待(引擎未熄火),其他,無撞擊,,,其他,違規(臨時)停車,否,120.58029,24.085238
2026,1.0,20260112.0,120200.0,A1,新北市政府警察局,新北市石門區台2線道路前0.0公尺,陰,有照明未開啟或故障,省道,70.0,單路部分,彎曲路及附近,路段,路肩、路緣,柏油,乾燥,無缺陷,無障礙物,無遮蔽物,良好,無號誌,無號誌,中央分向島,寬式(50公分以上),車道線(附標記),未繪設快慢車道分隔線,有,車輛本身,撞護欄(樁),駕駛者,未依規定減速,死亡1;受傷0,1.0,機車,普通重型,男,20.0,戴半罩式安全帽,未使用,車的狀態,向前直行中,機車與自行車,前車頭,,,駕駛者,未依規定減速,否,121.526991,25.284937
2026,1.0,20260112.0,120200.0,A1,新北市政府警察局,新北市石門區台2線道路前0.0公尺,陰,有照明未開啟或故障,省道,70.0,單路部分,彎曲路及附近,路段,路肩、路緣,柏油,乾燥,無缺陷,無障礙物,無遮蔽物,良好,無號誌,無號誌,中央分向島,寬式(50公分以上),車道線(附標記),未繪設快慢車道分隔線,有,車輛本身,撞護欄(樁),駕駛者,未依規定減速,死亡1;受傷0,2.0,,,無或物(動物、堆置物),0.0,,,,,,,,,無(非車輛駕駛人因素),尚未發現肇事因素,否,121.526991,25.284937
2026,1.0,20260112.0,145300.0,A1,新北市政府警察局,新北市三重區重新橋機車道路往三重前0.0公尺,晴,有照明且開啟,其他,40.0,單路部分,橋樑,路段,機車專用道,柏油,乾燥,無缺陷,無障礙物,無遮蔽物,良好,無號誌,無號誌,行車分向線,附標記,車道線(附標記),未繪設快慢車道分隔線,有,車與車,追撞,駕駛者,未保持行車安全距離,死亡1;受傷2,1.0,機車,普通重型,男,19.0,戴非半罩式安全帽,未使用,車的狀態,向前直行中,機車與自行車,前車頭,,,駕駛者,未保持行車安全距離,否,121.483407,25.051112
2026,1.0,20260112.0,145300.0,A1,新北市政府警察局,新北市三重區重新橋機車道路往三重前0.0公尺,晴,有照明且開啟,其他,40.0,單路部分,橋樑,路段,機車專用道,柏油,乾燥,無缺陷,無障礙物,無遮蔽物,良好,無號誌,無號誌,行車分向線,附標記,車道線(附標記),未繪設快慢車道分隔線,有,車與車,追撞,駕駛者,未保持行車安全距離,死亡1;受傷2,2.0,機車,普通重型,女,46.0,戴非半罩式安全帽,未使用,車的狀態,向前直行中,機車與自行車,後車尾,,,無(車輛駕駛者因素),尚未發現肇事因素,否,121.483407,25.051112
2026,1.0,20260112.0,145300.0,A1,新北市政府警察局,新北市三重區重新橋機車道路往三重前0.0公尺,晴,有照明且開啟,其他,40.0,單路部分,橋樑,路段,機車專用道,柏油,乾燥,無缺陷,無障礙物,無遮蔽物,良好,無號誌,無號誌,行車分向線,附標記,車道線(附標記),未繪設快慢車道分隔線,有,車與車,追撞,駕駛者,未保持行車安全距離,死亡1;受傷2,3.0,人,乘客,女,21.0,其他(無需使用保護裝備之人),非駕駛人,不明,不明,其他,非汽、機及自行車,,,無(非車輛駕駛人因素),尚未發現肇事因素,否,121.483407,25.051112
2026,1.0,20260112.0,164900.0,A1,嘉義市政府警察局,嘉義市西區番社里民權路前0.0公尺,晴,無照明,市區道路,40.0,單路部分,橋樑,路段,慢車道,柏油,乾燥,無缺陷,無障礙物,無遮蔽物,良好,無號誌,無號誌,行車分向線,無標記,車道線(無標記),寬式快慢車道分隔島(50公分以上),有,車輛本身,撞護欄(樁),其他,其他不當駕車行為,死亡1;受傷1,1.0,機車,普通重型,男,40.0,戴半罩式安全帽,未使用,車的狀態,向前直行中,機車與自行車,右側車身,,,其他,其他不當駕車行為,否,120.445148,23.482215
2026,1.0,20260112.0,164900.0,A1,嘉義市政府警察局,嘉義市西區番社里民權路前0.0公尺,晴,無照明,市區道路,40.0,單路部分,橋樑,路段,慢車道,柏油,乾燥,無缺陷,無障礙物,無遮蔽物,良好,無號誌,無號誌,行車分向線,無標記,車道線(無標記),寬式快慢車道分隔島(50公分以上),有,車輛本身,撞護欄(樁),其他,其他不當駕車行為,死亡1;受傷1,2.0,,,無或物(動物、堆置物),0.0,,,,,,,,,無(非車輛駕駛人因素),尚未發現肇事因素,否,120.445148,23.482215
2026,1.0,20260112.0,164900.0,A1,嘉義市政府警察局,嘉義市西區番社里民權路前0.0公尺,晴,無照明,市區道路,40.0,單路部分,橋樑,路段,慢車道,柏油,乾燥,無缺陷,無障礙物,無遮蔽物,良好,無號誌,無號誌,行車分向線,無標記,車道線(無標記),寬式快慢車道分隔島(50公分以上),有,車輛本身,撞護欄(樁),其他,其他不當駕車行為,死亡1;受傷1,3.0,人,乘客,男,53.0,戴半罩式安全帽,非駕駛人,人的狀態,不明,其他,非汽、機及自行車,,,無(非車輛駕駛人因素),尚未發現肇事因素,否,120.445148,23.482215
2026,1.0,20260112.0,191700.0,A1,彰化縣警察局,彰化縣溪湖鎮西勢里環河路1段170號前,晴,無照明,村里道路,50.0,單路部分,直路,路段,一般車道(未劃分快慢車道),柏油,乾燥,無缺陷,無障礙物,有遮蔽物,路上停放車輛,無號誌,無號誌,行車分向線,無標記,未繪設車道線,未繪設快慢車道分隔線,有,車與車,同向擦撞,駕駛者,未保持行車安全間隔,死亡1;受傷0,1.0,小貨車,自用,男,32.0,繫安全帶(使用幼童安全椅),未使用,車的狀態,向前直行中,汽車,右前車頭(身),,,駕駛者,未保持行車安全間隔,否,120.465605,23.934131
2026,1.0,20260112.0,191700.0,A1,彰化縣警察局,彰化縣溪湖鎮西勢里環河路1段170號前,晴,無照明,村里道路,50.0,單路部分,直路,路段,一般車道(未劃分快慢車道),柏油,乾燥,無缺陷,無障礙物,有遮蔽物,路上停放車輛,無號誌,無號誌,行車分向線,無標記,未繪設車道線,未繪設快慢車道分隔線,有,車與車,同向擦撞,駕駛者,未保持行車安全間隔,死亡1;受傷0,2.0,慢車,腳踏自行車,男,72.0,其他(無需使用保護裝備之人),未使用,車的狀態,向前直行中,其他,不明,,,燈光,未依規定使用燈光,否,120.465605,23.934131
2026,1.0,20260112.0,200500.0,A1,高雄市政府警察局,高雄市燕巢區中西路 / 高雄市燕巢區中西路,晴,有照明且開啟,市區道路,50.0,交岔路,四岔路,交叉路口,交叉路口內,柏油,乾燥,無缺陷,無障礙物,無遮蔽物,良好,無號誌,無號誌,中央分向島,寬式(50公分以上),車道線(無標記),未繪設快慢車道分隔線,有,車與車,側撞,駕駛者,左轉彎未依規定,死亡1;受傷1,1.0,慢車,微型電動二輪車,女,32.0,戴半罩式安全帽,未使用,車的狀態,左轉彎,機車與自行車,前車頭,,,駕駛者,左轉彎未依規定,否,120.359435,22.791361
2026,1.0,20260112.0,200500.0,A1,高雄市政府警察局,高雄市燕巢區中西路 / 高雄市燕巢區中西路,晴,有照明且開啟,市區道路,50.0,交岔路,四岔路,交叉路口,交叉路口內,柏油,乾燥,無缺陷,無障礙物,無遮蔽物,良好,無號誌,無號誌,中央分向島,寬式(50公分以上),車道線(無標記),未繪設快慢車道分隔線,有,車與車,側撞,駕駛者,左轉彎未依規定,死亡1;受傷1,2.0,機車,普通重型,男,23.0,戴半罩式安全帽,未使用,車的狀態,向前直行中,機車與自行車,後車尾,,,駕駛者,未依規定減速,否,120.359435,22.791361
2026,1.0,20260112.0,204400.0,A1,高雄市政府警察局,高雄市仁武區八德南路 / 高雄市仁武區松藝路,晴,有照明且開啟,市區道路,50.0,交岔路,三岔路,交叉路口,交叉路口內,柏油,乾燥,無缺陷,無障礙物,無遮蔽物,良好,行車管制號誌,正常,雙向禁止超車線,附標記,禁止變換車道線(附標記),未繪設快慢車道分隔線,有,車與車,側撞,駕駛者,違反其他號誌,死亡1;受傷0,1.0,小客車(含客、貨兩用),自用,男,25.0,繫安全帶(使用幼童安全椅),未使用,車的狀態,左轉彎,汽車,前車頭,,,駕駛者,違反其他號誌,否,120.344276,22.671478
2026,1.0,20260112.0,204400.0,A1,高雄市政府警察局,高雄市仁武區八德南路 / 高雄市仁武區松藝路,晴,有照明且開啟,市區道路,50.0,交岔路,三岔路,交叉路口,交叉路口內,柏油,乾燥,無缺陷,無障礙物,無遮蔽物,良好,行車管制號誌,正常,雙向禁止超車線,附標記,禁止變換車道線(附標記),未繪設快慢車道分隔線,有,車與車,側撞,駕駛者,違反其他號誌,死亡1;受傷0,2.0,機車,普通重型,男,24.0,戴非半罩式安全帽,不明,車的狀態,向前直行中,機車與自行車,前車頭,,,駕駛者,未依規定減速,否,120.344276,22.671478
2026,1.0,20260113.0,1400.0,A1,臺南市政府警察局,臺南市南區中華西路一段與建南路口,晴,有照明且開啟,省道,60.0,交岔路,四岔路,交叉路口,交叉路口內,柏油,乾燥,無缺陷,無障礙物,無遮蔽物,良好,行車管制號誌(附設行人專用號誌),正常,無,無分向設施,未繪設車道線,未繪設快慢車道分隔線,無,車與車,側撞,駕駛者,違反二段式左(右)轉標誌(線),死亡1;受傷2,1.0,慢車,腳踏自行車,男,60.0,其他(無需使用保護裝備之人),未使用,車的狀態,左轉彎,機車與自行車,右側車身,,,駕駛者,違反二段式左(右)轉標誌(線),否,120.186412,22.985245
2026,1.0,20260113.0,1400.0,A1,臺南市政府警察局,臺南市南區中華西路一段與建南路口,晴,有照明且開啟,省道,60.0,交岔路,四岔路,交叉路口,交叉路口內,柏油,乾燥,無缺陷,無障礙物,無遮蔽物,良好,行車管制號誌(附設行人專用號誌),正常,無,無分向設施,未繪設車道線,未繪設快慢車道分隔線,無,車與車,側撞,駕駛者,違反二段式左(右)轉標誌(線),死亡1;受傷2,2.0,機車,大型重型1(550C.C.以上),男,34.0,戴半罩式安全帽,未使用,車的狀態,向前直行中,機車與自行車,前車頭,,,駕駛者,恍神、緊張、心不在焉分心駕駛,否,120.186412,22.985245
2026,1.0,20260113.0,1400.0,A1,臺南市政府警察局,臺南市南區中華西路一段與建南路口,晴,有照明且開啟,省道,60.0,交岔路,四岔路,交叉路口,交叉路口內,柏油,乾燥,無缺陷,無障礙物,無遮蔽物,良好,行車管制號誌(附設行人專用號誌),正常,無,無分向設施,未繪設車道線,未繪設快慢車道分隔線,無,車與車,側撞,駕駛者,違反二段式左(右)轉標誌(線),死亡1;受傷2,3.0,人,乘客,女,36.0,戴半罩式安全帽,非駕駛人,不明,不明,其他,非汽、機及自行車,,,無(非車輛駕駛人因素),尚未發現肇事因素,否,120.186412,22.985245
2026,1.0,20260113.0,70600.0,A1,宜蘭縣政府警察局,宜蘭縣冬山鄉大進路159-1號前0.0公尺附近,晴,有照明未開啟或故障,村里道路,50.0,單路部分,彎曲路及附近,路段,一般車道(未劃分快慢車道),柏油,乾燥,無缺陷,無障礙物,無遮蔽物,良好,無號誌,無號誌,雙向禁止超車線,無標記,未繪設車道線,未繪設快慢車道分隔線,有,車輛本身,撞電桿,其他,車輛或機械操作不當(慎),死亡1;受傷0,1.0,機車,普通重型,男,24.0,戴半罩式安全帽,未使用,車的狀態,向前直行中,機車與自行車,前車頭,,,其他,車輛或機械操作不當(慎),否,121.718941,24.640632
2026,1.0,20260113.0,70600.0,A1,宜蘭縣政府警察局,宜蘭縣冬山鄉大進路159-1號前0.0公尺附近,晴,有照明未開啟或故障,村里道路,50.0,單路部分,彎曲路及附近,路段,一般車道(未劃分快慢車道),柏油,乾燥,無缺陷,無障礙物,無遮蔽物,良好,無號誌,無號誌,雙向禁止超車線,無標記,未繪設車道線,未繪設快慢車道分隔線,有,車輛本身,撞電桿,其他,車輛或機械操作不當(慎),死亡1;受傷0,2.0,,,無或物(動物、堆置物),-1.0,,,,,,,,,無(非車輛駕駛人因素),尚未發現肇事因素,否,121.718941,24.640632
2026,1.0,20260113.0,110400.0,A1,新竹市警察局,新竹市東區明湖路472之1號前,晴,有照明未開啟或故障,市區道路,40.0,單路部分,直路,路段,一般車道(未劃分快慢車道),柏油,乾燥,無缺陷,無障礙物,無遮蔽物,良好,無號誌,無號誌,行車分向線,無標記,未繪設車道線,未繪設快慢車道分隔線,有,車與車,其他,其他,其他不當駕車行為,死亡1;受傷0,1.0,機車,普通重型,男,76.0,戴非半罩式安全帽,未使用,車的狀態,向前直行中,機車與自行車,前車頭,,,其他,其他不當駕車行為,否,120.967006,24.782397
2026,1.0,20260113.0,110400.0,A1,新竹市警察局,新竹市東區明湖路472之1號前,晴,有照明未開啟或故障,市區道路,40.0,單路部分,直路,路段,一般車道(未劃分快慢車道),柏油,乾燥,無缺陷,無障礙物,無遮蔽物,良好,無號誌,無號誌,行車分向線,無標記,未繪設車道線,未繪設快慢車道分隔線,有,車與車,其他,其他,其他不當駕車行為,死亡1;受傷0,2.0,小客車(含客、貨兩用),自用,男,66.0,不明,不明,車的狀態,靜止(引擎熄火),汽車,右前車頭(身),,,無(車輛駕駛者因素),尚未發現肇事因素,否,120.967006,24.782397
2026,1.0,20260113.0,110400.0,A1,新竹市警察局,新竹市東區明湖路472之1號前,晴,有照明未開啟或故障,市區道路,40.0,單路部分,直路,路段,一般車道(未劃分快慢車道),柏油,乾燥,無缺陷,無障礙物,無遮蔽物,良好,無號誌,無號誌,行車分向線,無標記,未繪設車道線,未繪設快慢車道分隔線,有,車與車,其他,其他,其他不當駕車行為,死亡1;受傷0,3.0,機車,普通重型,男,55.0,戴非半罩式安全帽,未使用,車的狀態,向前直行中,機車與自行車,右側車身,,,無(車輛駕駛者因素),尚未發現肇事因素,否,120.967006,24.782397
2026,1.0,20260113.0,203610.0,A1,國道公路警察局,新北市林口區國道1號 40公里600.0公尺處南,晴,有照明且開啟,國道,100.0,單路部分,直路,路段,快車道,柏油,乾燥,無缺陷,無障礙物,無遮蔽物,良好,無號誌,無號誌,無,無分向設施,車道線(附標記),未繪設快慢車道分隔線,有,車與車,其他,其他,其他不當駕車行為,死亡1;受傷0,1.0,小客車(含客、貨兩用),計程車,男,51.0,不明,不明,車的狀態,靜止(引擎熄火),其他,無撞擊,,,其他,其他不當駕車行為,否,121.388138,25.079011
2026,1.0,20260113.0,203610.0,A1,國道公路警察局,新北市林口區國道1號 40公里600.0公尺處南,晴,有照明且開啟,國道,100.0,單路部分,直路,路段,快車道,柏油,乾燥,無缺陷,無障礙物,無遮蔽物,良好,無號誌,無號誌,無,無分向設施,車道線(附標記),未繪設快慢車道分隔線,有,車與車,其他,其他,其他不當駕車行為,死亡1;受傷0,2.0,小客車(含客、貨兩用),自用,男,54.0,繫安全帶(使用幼童安全椅),使用免持或未有礙駕駛安全,車的狀態,向前直行中,汽車,前車頭,,,無(車輛駕駛者因素),尚未發現肇事因素,否,121.388138,25.079011
2026,1.0,20260113.0,203610.0,A1,國道公路警察局,新北市林口區國道1號 40公里600.0公尺處南,晴,有照明且開啟,國道,100.0,單路部分,直路,路段,快車道,柏油,乾燥,無缺陷,無障礙物,無遮蔽物,良好,無號誌,無號誌,無,無分向設施,車道線(附標記),未繪設快慢車道分隔線,有,車與車,其他,其他,其他不當駕車行為,死亡1;受傷0,3.0,大貨車,自用,男,36.0,不明,不明,車的狀態,停車操作中,其他,無撞擊,,,無(車輛駕駛者因素),尚未發現肇事因素,否,121.388138,25.079011
2026,1.0,20260114.0,44700.0,A1,臺南市政府警察局,臺南市西港區台19線與南34線,晴,有照明且開啟,省道,50.0,交岔路,四岔路,交叉路口,交叉路口內,柏油,乾燥,無缺陷,無障礙物,無遮蔽物,良好,行車管制號誌,正常,無,無分向設施,未繪設車道線,未繪設快慢車道分隔線,無,車輛本身,撞號誌、標誌桿,駕駛者,恍神、緊張、心不在焉分心駕駛,死亡1;受傷0,1.0,小客車(含客、貨兩用),自用,女,23.0,繫安全帶(使用幼童安全椅),未使用,車的狀態,向前直行中,汽車,前車頭,,,駕駛者,恍神、緊張、心不在焉分心駕駛,否,120.202799,23.125235
2026,1.0,20260114.0,44700.0,A1,臺南市政府警察局,臺南市西港區台19線與南34線,晴,有照明且開啟,省道,50.0,交岔路,四岔路,交叉路口,交叉路口內,柏油,乾燥,無缺陷,無障礙物,無遮蔽物,良好,行車管制號誌,正常,無,無分向設施,未繪設車道線,未繪設快慢車道分隔線,無,車輛本身,撞號誌、標誌桿,駕駛者,恍神、緊張、心不在焉分心駕駛,死亡1;受傷0,2.0,,,無或物(動物、堆置物),-1.0,,,,,,,,,無(非車輛駕駛人因素),尚未發現肇事因素,否,120.202799,23.125235
2026,1.0,20260114.0,83200.0,A1,嘉義市政府警察局,嘉義市東區宣信里信興街 / 嘉義市東區宣信里興業東路,晴,有照明未開啟或故障,市區道路,50.0,交岔路,三岔路,交叉路口,交叉路口內,柏油,乾燥,無缺陷,無障礙物,無遮蔽物,良好,無號誌,無號誌,無,無分向設施,未繪設車道線,未繪設快慢車道分隔線,無,車與車,側撞,駕駛者,未依規定減速,死亡1;受傷0,1.0,小客車(含客、貨兩用),自用,男,55.0,繫安全帶(使用幼童安全椅),未使用,車的狀態,向前直行中,汽車,前車頭,,,駕駛者,未依規定減速,否,120.458748,23.469752
2026,1.0,20260114.0,83200.0,A1,嘉義市政府警察局,嘉義市東區宣信里信興街 / 嘉義市東區宣信里興業東路,晴,有照明未開啟或故障,市區道路,50.0,交岔路,三岔路,交叉路口,交叉路口內,柏油,乾燥,無缺陷,無障礙物,無遮蔽物,良好,無號誌,無號誌,無,無分向設施,未繪設車道線,未繪設快慢車道分隔線,無,車與車,側撞,駕駛者,未依規定減速,死亡1;受傷0,2.0,機車,普通重型,女,76.0,戴半罩式安全帽,未使用,車的狀態,左轉彎,機車與自行車,左側車身,,,駕駛者,無號誌路口，支線道未讓幹線道先行,否,120.458748,23.469752
2026,1.0,20260114.0,203600.0,A1,新北市政府警察局,新北市汐止區大同路2段前0.0公尺,晴,有照明且開啟,市區道路,50.0,單路部分,直路,路段,一般車道(未劃分快慢車道),柏油,乾燥,無缺陷,無障礙物,無遮蔽物,良好,無號誌,無號誌,行車分向線,附標記,車道線(附標記),快慢車道分隔線,有,車輛本身,衝出路外,其他,其他不當駕車行為,死亡1;受傷0,1.0,機車,普通重型,男,23.0,戴非半罩式安全帽,未使用,車的狀態,向前直行中,機車與自行車,前車頭,,,其他,其他不當駕車行為,否,121.650391,25.063522
2026,1.0,20260114.0,203600.0,A1,新北市政府警察局,新北市汐止區大同路2段前0.0公尺,晴,有照明且開啟,市區道路,50.0,單路部分,直路,路段,一般車道(未劃分快慢車道),柏油,乾燥,無缺陷,無障礙物,無遮蔽物,良好,無號誌,無號誌,行車分向線,附標記,車道線(附標記),快慢車道分隔線,有,車輛本身,衝出路外,其他,其他不當駕車行為,死亡1;受傷0,2.0,,,無或物(動物、堆置物),0.0,,,,,,,,,無(非車輛駕駛人因素),尚未發現肇事因素,否,121.650391,25.063522
2026,1.0,20260114.0,233500.0,A1,臺南市政府警察局,臺南市永康區龍中街30巷11號前0.0公尺,陰,有照明且開啟,市區道路,30.0,單路部分,直路,路段,一般車道(未劃分快慢車道),柏油,乾燥,無缺陷,無障礙物,無遮蔽物,良好,無號誌,無號誌,無,無分向設施,未繪設車道線,未繪設快慢車道分隔線,無,車輛本身,撞電桿,駕駛者,恍神、緊張、心不在焉分心駕駛,死亡1;受傷0,1.0,機車,普通重型,男,27.0,未戴安全帽或未繫安全帶(未使用幼童安全椅),不明,車的狀態,向前直行中,機車與自行車,前車頭,,,駕駛者,恍神、緊張、心不在焉分心駕駛,否,120.263628,23.030353
2026,1.0,20260114.0,233500.0,A1,臺南市政府警察局,臺南市永康區龍中街30巷11號前0.0公尺,陰,有照明且開啟,市區道路,30.0,單路部分,直路,路段,一般車道(未劃分快慢車道),柏油,乾燥,無缺陷,無障礙物,無遮蔽物,良好,無號誌,無號誌,無,無分向設施,未繪設車道線,未繪設快慢車道分隔線,無,車輛本身,撞電桿,駕駛者,恍神、緊張、心不在焉分心駕駛,死亡1;受傷0,2.0,,,無或物(動物、堆置物),-1.0,,,,,,,,,無(非車輛駕駛人因素),尚未發現肇事因素,否,120.263628,23.030353