發生年度,發生月份,發生日期,發生時間,事故類別名稱,處理單位名稱警局層,發生地點,天候名稱,光線名稱,道路類別-第1當事者-名稱,速限-第1當事者,道路型態大類別名稱,道路型態子類別名稱,事故位置大類別名稱,事故位置子類別名稱,路面狀況-路面鋪裝名稱,路面狀況-路面狀態名稱,路面狀況-路面缺陷名稱,道路障礙-障礙物名稱,道路障礙-視距品質名稱,道路障礙-視距名稱,號誌-號誌種類名稱,號誌-號誌動作名稱,車道劃分設施-分向設施大類別名稱,車道劃分設施-分向設施子類別名稱,車道劃分設施-分道設施-快車道或一般車道間名稱,車道劃分設施-分道設施-快慢車道間名稱,車道劃分設施-分道設施-路面邊線名稱,事故類型及型態大類別名稱,事故類型及型態子類別名稱,肇因研判大類別名稱-主要,肇因研判子類別名稱-主要,死亡受傷人數,當事者順位,當事者區分-類別-大類別名稱-車種,當事者區分-類別-子類別名稱-車種,當事者屬-性-別名稱,當事者事故發生時年齡,保護裝備名稱,行動電話或電腦或其他相類功能裝置名稱,當事者行動狀態大類別名稱,當事者行動狀態子類別名稱,車輛撞擊部位大類別名稱-最初,車輛撞擊部位子類別名稱-最初,車輛撞擊部位大類別名稱-其他,車輛撞擊部位子類別名稱-其他,肇因研判大類別名稱-個別,肇因研判子類別名稱-個別,肇事逃逸類別名稱-是否肇逃,經度,緯度
2026,1.0,20260114.0,233500.0,A1,宜蘭縣政府警察局,宜蘭縣頭城鎮青雲路三段與沙成路口,晴,有照明且開啟,市區道路,50.0,交岔路,四岔路,交叉路口,交叉路口內,柏油,乾燥,無缺陷,無障礙物,無遮蔽物,良好,行車管制號誌,正常,雙向禁止超車線,無標記,禁止變換車道線(無標記),快慢車道分隔線,有,車與車,其他,駕駛者,有號誌路口，轉彎車未讓直行車先行,死亡1;受傷0,1.0,小客車(含客、貨兩用),自用,男,63.0,繫安全帶(使用幼童安全椅),未使用,車的狀態,左轉彎,汽車,右前車頭(身),,,駕駛者,有號誌路口，轉彎車未讓直行車先行,否,121.824693,24.856684
2026,1.0,20260114.0,233500.0,A1,宜蘭縣政府警察局,宜蘭縣頭城鎮青雲路三段與沙成路口,晴,有照明且開啟,市區道路,50.0,交岔路,四岔路,交叉路口,交叉路口內,柏油,乾燥,無缺陷,無障礙物,無遮蔽物,良好,行車管制號誌,正常,雙向禁止超車線,無標記,禁止變換車道線(無標記),快慢車道分隔線,有,車與車,其他,駕駛者,有號誌路口，轉彎車未讓直行車先行,死亡1;受傷0,2.0,機車,普通重型,男,14.0,戴非半罩式安全帽,未使用,車的狀態,向前直行中,機車與自行車,前車頭,,,駕駛者,未依規定減速,否,121.824693,24.856684
2026,1.0,20260115.0,1916.0,A1,保安警察第二總隊,臺南市新市區環西路一段往南(路燈編號11-03-07附近),晴,有照明且開啟,市區道路,50.0,單路部分,彎曲路及附近,路段,交通島(含槽化線),柏油,乾燥,無缺陷,無障礙物,無遮蔽物,良好,無號誌,無號誌,中央分向島,寬式(50公分以上),車道線(無標記),未繪設快慢車道分隔線,無,車輛本身,撞交通島,其他,其他不當駕車行為,死亡1;受傷0,1.0,機車,普通重型,女,66.0,戴半罩式安全帽,未使用,車的狀態,向前直行中,機車與自行車,前車頭,,,其他,其他不當駕車行為,否,120.275666,23.100238
2026,1.0,20260115.0,1916.0,A1,保安警察第二總隊,臺南市新市區環西路一段往南(路燈編號11-03-07附近),晴,有照明且開啟,市區道路,50.0,單路部分,彎曲路及附近,路段,交通島(含槽化線),柏油,乾燥,無缺陷,無障礙物,無遮蔽物,良好,無號誌,無號誌,中央分向島,寬式(50公分以上),車道線(無標記),未繪設快慢車道分隔線,無,車輛本身,撞交通島,其他,其他不當駕車行為,死亡1;受傷0,2.0,,,無或物(動物、堆置物),-1.0,,,,,,,,,無(非車輛駕駛人因素),尚未發現肇事因素,否,120.275666,23.100238
2026,1.0,20260115.0,83100.0,A1,高雄市政府警察局,高雄市左營區翠華路前0.0公尺,晴,無照明,市區道路,40.0,單路部分,直路,路段,慢車道,柏油,乾燥,無缺陷,無障礙物,無遮蔽物,良好,無號誌,無號誌,行車分向線,無標記,車道線(無標記),寬式快慢車道分隔島(50公分以上),無,車輛本身,路上翻車、摔倒,其他,其他不當駕車行為,死亡1;受傷0,1.0,機車,普通重型,男,46.0,戴非半罩式安全帽,不明,車的狀態,向前直行中,其他,不明,,,其他,其他不當駕車行為,否,120.3021,22.68481
2026,1.0,20260115.0,83100.0,A1,高雄市政府警察局,高雄市左營區翠華路前0.0公尺,晴,無照明,市區道路,40.0,單路部分,直路,路段,慢車道,柏油,乾燥,無缺陷,無障礙物,無遮蔽物,良好,無號誌,無號誌,行車分向線,無標記,車道線(無標記),寬式快慢車道分隔島(50公分以上),無,車輛本身,路上翻車、摔倒,其他,其他不當駕車行為,死亡1;受傷0,2.0,,,無或物(動物、堆置物),0.0,,,,,,,,,無(非車輛駕駛人因素),尚未發現肇事因素,否,120.3021,22.68481
2026,1.0,20260115.0,114300.0,A1,高雄市政府警察局,高雄市杉林區司馬路28號前0.0公尺,晴,有照明未開啟或故障,市區道路,50.0,單路部分,直路,路段,一般車道(未劃分快慢車道),柏油,乾燥,無缺陷,無障礙物,無遮蔽物,良好,無號誌,無號誌,行車分向線,無標記,未繪設車道線,未繪設快慢車道分隔線,有,車輛本身,撞電桿,駕駛者,恍神、緊張、心不在焉分心駕駛,死亡1;受傷0,1.0,機車,普通重型,男,63.0,不明,不明,車的狀態,向前直行中,機車與自行車,前車頭,,,駕駛者,恍神、緊張、心不在焉分心駕駛,否,120.5579,22.9851
2026,1.0,20260115.0,114300.0,A1,高雄市政府警察局,高雄市杉林區司馬路28號前0.0公尺,晴,有照明未開啟或故障,市區道路,50.0,單路部分,直路,路段,一般車道(未劃分快慢車道),柏油,乾燥,無缺陷,無障礙物,無遮蔽物,良好,無號誌,無號誌,行車分向線,無標記,未繪設車道線,未繪設快慢車道分隔線,有,車輛本身,撞電桿,駕駛者,恍神、緊張、心不在焉分心駕駛,死亡1;受傷0,2.0,,,無或物(動物、堆置物),0.0,,,,,,,,,無(非車輛駕駛人因素),尚未發現肇事因素,否,120.5579,22.9851
2026,1.0,20260115.0,125441.0,A1,南投縣政府警察局,南投縣水里鄉民和村民和路口 / 南投縣水里鄉民和村過溝路口,晴,有照明未開啟或故障,省道,30.0,交岔路,三岔路,交叉路口,交叉路口內,柏油,乾燥,無缺陷,無障礙物,無遮蔽物,良好,無號誌,無號誌,雙向禁止超車線,無標記,未繪設車道線,未繪設快慢車道分隔線,有,車與車,對撞,駕駛者,逆向行駛,死亡1;受傷1,1.0,機車,普通重型,男,68.0,不明,未使用,車的狀態,向前直行中,機車與自行車,前車頭,,,駕駛者,逆向行駛,否,120.933501,23.789126
2026,1.0,20260115.0,125441.0,A1,南投縣政府警察局,南投縣水里鄉民和村民和路口 / 南投縣水里鄉民和村過溝路口,晴,有照明未開啟或故障,省道,30.0,交岔路,三岔路,交叉路口,交叉路口內,柏油,乾燥,無缺陷,無障礙物,無遮蔽物,良好,無號誌,無號誌,雙向禁止超車線,無標記,未繪設車道線,未繪設快慢車道分隔線,有,車與車,對撞,駕駛者,逆向行駛,死亡1;受傷1,2.0,小貨車,自用,男,50.0,不明,未使用,車的狀態,向前直行中,汽車,前車頭,,,無(車輛駕駛者因素),尚未發現肇事因素,否,120.933501,23.789126
2026,1.0,20260115.0,175100.0,A1,臺中市政府警察局,臺中市大里區立仁路口 / 臺中市大里區公教街口,晴,有照明且開啟,市區道路,50.0,交岔路,三岔路,交叉路口,交叉路口內,柏油,乾燥,無缺陷,無障礙物,無遮蔽物,良好,行車管制號誌,正常,無,無分向設施,未繪設車道線,未繪設快慢車道分隔線,有,車與車,側撞,駕駛者,有號誌路口，轉彎車未讓直行車先行,死亡1;受傷1,1.0,小貨車,自用,男,54.0,繫安全帶(使用幼童安全椅),未使用,車的狀態,左轉彎,汽車,前車頭,,,駕駛者,有號誌路口，轉彎車未讓直行車先行,否,120.710577,24.107846
2026,1.0,20260115.0,175100.0,A1,臺中市政府警察局,臺中市大里區立仁路口 / 臺中市大里區公教街口,晴,有照明且開啟,市區道路,50.0,交岔路,三岔路,交叉路口,交叉路口內,柏油,乾燥,無缺陷,無障礙物,無遮蔽物,良好,行車管制號誌,正常,無,無分向設施,未繪設車道線,未繪設快慢車道分隔線,有,車與車,側撞,駕駛者,有號誌路口，轉彎車未讓直行車先行,死亡1;受傷1,2.0,機車,普通重型,男,24.0,戴半罩式安全帽,未使用,車的狀態,向前直行中,機車與自行車,前車頭,,,其他,其他不當駕車行為,否,120.710577,24.107846
2026,1.0,20260115.0,182800.0,A1,屏東縣政府警察局,屏東縣佳冬鄉台1線429.5公里處,陰,無照明,省道,40.0,單路部分,直路,路段,慢車道,柏油,乾燥,無缺陷,無障礙物,無遮蔽物,良好,無號誌,無號誌,中央分向島,寬式(50公分以上),車道線(附標記),快慢車道分隔線,有,人與車,同向通行中,非駕駛者,在道路上嬉戲或奔走不定,死亡1;受傷1,1.0,人,行人,男,63.0,其他(無需使用保護裝備之人),非駕駛人,人的狀態,步行,其他,非汽、機及自行車,,,非駕駛者,在道路上嬉戲或奔走不定,否,120.563519,22.441859
2026,1.0,20260115.0,182800.0,A1,屏東縣政府警察局,屏東縣佳冬鄉台1線429.5公里處,陰,無照明,省道,40.0,單路部分,直路,路段,慢車道,柏油,乾燥,無缺陷,無障礙物,無遮蔽物,良好,無號誌,無號誌,中央分向島,寬式(50公分以上),車道線(附標記),快慢車道分隔線,有,人與車,同向通行中,非駕駛者,在道路上嬉戲或奔走不定,死亡1;受傷1,2.0,機車,普通重型,男,48.0,戴半罩式安全帽,未使用,車的狀態,向前直行中,機車與自行車,前車頭,,,駕駛者,恍神、緊張、心不在焉分心駕駛,否,120.563519,22.441859
2026,1.0,20260116.0,103600.0,A1,臺中市政府警察局,臺中市東區東南里進化路170號前0.0公尺,晴,有照明且開啟,市區道路,50.0,交岔路,四岔路,交叉路口,交叉路口內,柏油,乾燥,無缺陷,無障礙物,無遮蔽物,良好,行車管制號誌,正常,行車分向線,無標記,車道線(無標記),未繪設快慢車道分隔線,無,車與車,同向擦撞,其他,開啟或關閉車門不當,死亡1;受傷1,1.0,小客車(含客、貨兩用),自用,男,35.0,繫安全帶(使用幼童安全椅),未使用,車的狀態,等待(引擎未熄火),汽車,左側車身,,,其他,開啟或關閉車門不當,否,120.694546,24.146406
2026,1.0,20260116.0,103600.0,A1,臺中市政府警察局,臺中市東區東南里進化路170號前0.0公尺,晴,有照明且開啟,市區道路,50.0,交岔路,四岔路,交叉路口,交叉路口內,柏油,乾燥,無缺陷,無障礙物,無遮蔽物,良好,行車管制號誌,正常,行車分向線,無標記,車道線(無標記),未繪設快慢車道分隔線,無,車與車,同向擦撞,其他,開啟或關閉車門不當,死亡1;受傷1,2.0,機車,普通重型,女,72.0,戴半罩式安全帽,未使用,車的狀態,右轉彎,機車與自行車,右側車身,機車與自行車,後車尾,駕駛者,闖紅燈右轉,否,120.694546,24.146406
2026,1.0,20260116.0,103600.0,A1,臺中市政府警察局,臺中市東區東南里進化路170號前0.0公尺,晴,有照明且開啟,市區道路,50.0,交岔路,四岔路,交叉路口,交叉路口內,柏油,乾燥,無缺陷,無障礙物,無遮蔽物,良好,行車管制號誌,正常,行車分向線,無標記,車道線(無標記),未繪設快慢車道分隔線,無,車與車,同向擦撞,其他,開啟或關閉車門不當,死亡1;受傷1,3.0,機車,普通重型,男,21.0,戴半罩式安全帽,未使用,車的狀態,向前直行中,機車與自行車,前車頭,機車與自行車,右側車身,駕駛者,未保持行車安全距離,否,120.694546,24.146406
2026,1.0,20260116.0,104500.0,A1,桃園市政府警察局,桃園市八德區崁頂路附近 / 桃園市八德區崁頂路附近,陰,有照明未開啟或故障,市區道路,50.0,單路部分,直路,路段,一般車道(未劃分快慢車道),柏油,濕潤,無缺陷,其他障礙物,無遮蔽物,良好,無號誌,無號誌,雙向禁止超車線,無標記,車道線(無標記),未繪設快慢車道分隔線,無,車與車,追撞,駕駛者,酒醉(後)駕駛,死亡1;受傷0,1.0,機車,普通重型,男,65.0,戴非半罩式安全帽,未使用,車的狀態,向前直行中,機車與自行車,前車頭,,,駕駛者,酒醉(後)駕駛,否,121.266425,24.954027
2026,1.0,20260116.0,104500.0,A1,桃園市政府警察局,桃園市八德區崁頂路附近 / 桃園市八德區崁頂路附近,陰,有照明未開啟或故障,市區道路,50.0,單路部分,直路,路段,一般車道(未劃分快慢車道),柏油,濕潤,無缺陷,其他障礙物,無遮蔽物,良好,無號誌,無號誌,雙向禁止超車線,無標記,車道線(無標記),未繪設快慢車道分隔線,無,車與車,追撞,駕駛者,酒醉(後)駕駛,死亡1;受傷0,2.0,曳引車,營業用,男,31.0,繫安全帶(使用幼童安全椅),未使用,車的狀態,靜止(引擎熄火),汽車,後車尾,,,其他,違規(臨時)停車,否,121.266425,24.954027
2026,1.0,20260116.0,104500.0,A1,桃園市政府警察局,桃園市八德區崁頂路附近 / 桃園市八德區崁頂路附近,陰,有照明未開啟或故障,市區道路,50.0,單路部分,直路,路段,一般車道(未劃分快慢車道),柏油,濕潤,無缺陷,其他障礙物,無遮蔽物,良好,無號誌,無號誌,雙向禁止超車線,無標記,車道線(無標記),未繪設快慢車道分隔線,無,車與車,追撞,駕駛者,酒醉(後)駕駛,死亡1;受傷0,3.0,小客車(含客、貨兩用),自用,女,55.0,不明,不明,車的狀態,靜止(引擎熄火),其他,無撞擊,,,其他,違規(臨時)停車,否,121.266425,24.954027
2026,1.0,20260116.0,130300.0,A1,臺中市政府警察局,臺中市大甲區幸福里黎明路前0.0公尺,晴,有照明未開啟或故障,市區道路,50.0,單路部分,直路,路段,一般車道(未劃分快慢車道),柏油,乾燥,無缺陷,無障礙物,無遮蔽物,良好,無號誌,無號誌,雙向禁止超車線,附標記,車道線(無標記),未繪設快慢車道分隔線,有,車與車,追撞,其他,其他不當駕車行為,死亡1;受傷0,1.0,機車,普通重型,男,37.0,戴半罩式安全帽,未使用,車的狀態,向右變換車道,機車與自行車,前車頭,,,其他,其他不當駕車行為,否,120.652051,24.388679
2026,1.0,20260116.0,130300.0,A1,臺中市政府警察局,臺中市大甲區幸福里黎明路前0.0公尺,晴,有照明未開啟或故障,市區道路,50.0,單路部分,直路,路段,一般車道(未劃分快慢車道),柏油,乾燥,無缺陷,無障礙物,無遮蔽物,良好,無號誌,無號誌,雙向禁止超車線,附標記,車道線(無標記),未繪設快慢車道分隔線,有,車與車,追撞,其他,其他不當駕車行為,死亡1;受傷0,2.0,曳引車,營業用,男,62.0,繫安全帶(使用幼童安全椅),未使用,車的狀態,靜止(引擎熄火),汽車,左後車尾(身),,,無(車輛駕駛者因素),尚未發現肇事因素,否,120.652051,24.388679
2026,1.0,20260116.0,142700.0,A1,屏東縣政府警察局,屏東縣屏東市大溪路口 / 屏東縣屏東市建國路口,晴,有照明未開啟或故障,市區道路,50.0,交岔路,四岔路,交叉路口,交叉路口內,柏油,乾燥,無缺陷,無障礙物,無遮蔽物,良好,行車管制號誌,正常,行車分向線,無標記,車道線(無標記),未繪設快慢車道分隔線,有,車與車,同向擦撞,駕駛者,未保持行車安全間隔,死亡1;受傷1,1.0,曳引車,自用,男,47.0,繫安全帶(使用幼童安全椅),未使用,車的狀態,向前直行中,汽車,右側車身,,,駕駛者,未保持行車安全間隔,否,120.453694,22.640021
2026,1.0,20260116.0,142700.0,A1,屏東縣政府警察局,屏東縣屏東市大溪路口 / 屏東縣屏東市建國路口,晴,有照明未開啟或故障,市區道路,50.0,交岔路,四岔路,交叉路口,交叉路口內,柏油,乾燥,無缺陷,無障礙物,無遮蔽物,良好,行車管制號誌,正常,行車分向線,無標記,車道線(無標記),未繪設快慢車道分隔線,有,車與車,同向擦撞,駕駛者,未保持行車安全間隔,死亡1;受傷1,2.0,機車,普通重型,男,67.0,戴半罩式安全帽,未使用,車的狀態,向前直行中,機車與自行車,左側車身,,,駕駛者,未保持行車安全間隔,否,120.453694,22.640021
2026,1.0,20260116.0,142700.0,A1,屏東縣政府警察局,屏東縣屏東市大溪路口 / 屏東縣屏東市建國路口,晴,有照明未開啟或故障,市區道路,50.0,交岔路,四岔路,交叉路口,交叉路口內,柏油,乾燥,無缺陷,無障礙物,無遮蔽物,良好,行車管制號誌,正常,行車分向線,無標記,車道線(無標記),未繪設快慢車道分隔線,有,車與車,同向擦撞,駕駛者,未保持行車安全間隔,死亡1;受傷1,3.0,人,乘客,女,68.0,戴半罩式安全帽,非駕駛人,人的狀態,靜立(止),其他,非汽、機及自行車,,,無(非車輛駕駛人因素),尚未發現肇事因素,否,120.453694,22.640021
2026,1.0,20260116.0,175800.0,A1,新北市政府警察局,新北市林口區菁埔路26號前0.0公尺,晴,有照明未開啟或故障,市區道路,30.0,圓環廣場,其他,路段,一般車道(未劃分快慢車道),柏油,乾燥,無缺陷,無障礙物,無遮蔽物,良好,無號誌,無號誌,無,無分向設施,未繪設車道線,未繪設快慢車道分隔線,有,車輛本身,撞號誌、標誌桿,其他,其他不當駕車行為,死亡1;受傷0,1.0,慢車,微型電動二輪車,男,78.0,不明,不明,車的狀態,向前直行中,機車與自行車,右側車身,,,其他,其他不當駕車行為,否,121.376899,25.095859
2026,1.0,20260116.0,175800.0,A1,新北市政府警察局,新北市林口區菁埔路26號前0.0公尺,晴,有照明未開啟或故障,市區道路,30.0,圓環廣場,其他,路段,一般車道(未劃分快慢車道),柏油,乾燥,無缺陷,無障礙物,無遮蔽物,良好,無號誌,無號誌,無,無分向設施,未繪設車道線,未繪設快慢車道分隔線,有,車輛本身,撞號誌、標誌桿,其他,其他不當駕車行為,死亡1;受傷0,2.0,,,無或物(動物、堆置物),115.0,,,,,,,,,無(非車輛駕駛人因素),尚未發現肇事因素,否,121.376899,25.095859
2026,1.0,20260116.0,182600.0,A1,臺中市政府警察局,臺中市霧峰區甲寅里草湖路250號前0.0公尺,晴,有照明且開啟,市區道路,50.0,交岔路,四岔路,交叉路口,交叉路口內,柏油,乾燥,無缺陷,無障礙物,無遮蔽物,良好,行車管制號誌,正常,無,無分向設施,未繪設車道線,未繪設快慢車道分隔線,有,車與車,其他,駕駛者,逆向行駛,死亡1;受傷1,1.0,小客車(含客、貨兩用),自用,男,49.0,繫安全帶(使用幼童安全椅),未使用,車的狀態,向前直行中,汽車,左前車頭(身),,,駕駛者,逆向行駛,否,120.693187,24.073198
2026,1.0,20260116.0,182600.0,A1,臺中市政府警察局,臺中市霧峰區甲寅里草湖路250號前0.0公尺,晴,有照明且開啟,市區道路,50.0,交岔路,四岔路,交叉路口,交叉路口內,柏油,乾燥,無缺陷,無障礙物,無遮蔽物,良好,行車管制號誌,正常,無,無分向設施,未繪設車道線,未繪設快慢車道分隔線,有,車與車,其他,駕駛者,逆向行駛,死亡1;受傷1,2.0,機車,普通重型,男,19.0,戴非半罩式安全帽,未使用,車的狀態,向前直行中,機車與自行車,左側車身,,,其他,其他不當駕車行為,否,120.693187,24.073198
2026,1.0,20260116.0,210300.0,A1,雲林縣警察局,雲林縣東勢鄉安南村萬安76 K0344BB87號電桿旁產業道路交叉路口處,晴,有照明且開啟,村里道路,30.0,交岔路,四岔路,交叉路口,交叉路口內,柏油,乾燥,無缺陷,無障礙物,無遮蔽物,良好,無號誌,無號誌,無,無分向設施,未繪設車道線,未繪設快慢車道分隔線,有,車與車,路口交岔撞,駕駛者,無號誌路口，左方車未讓右方車先行,死亡1;受傷0,1.0,慢車,微型電動二輪車,男,33.0,戴半罩式安全帽,未使用,車的狀態,向前直行中,機車與自行車,前車頭,,,駕駛者,無號誌路口，左方車未讓右方車先行,否,120.249012,23.699613
2026,1.0,20260116.0,210300.0,A1,雲林縣警察局,雲林縣東勢鄉安南村萬安76 K0344BB87號電桿旁產業道路交叉路口處,晴,有照明且開啟,村里道路,30.0,交岔路,四岔路,交叉路口,交叉路口內,柏油,乾燥,無缺陷,無障礙物,無遮蔽物,良好,無號誌,無號誌,無,無分向設施,未繪設車道線,未繪設快慢車道分隔線,有,車與車,路口交岔撞,駕駛者,無號誌路口，左方車未讓右方車先行,死亡1;受傷0,2.0,小客車(含客、貨兩用),自用,男,49.0,繫安全帶(使用幼童安全椅),未使用,車的狀態,向前直行中,汽車,左前車頭(身),,,其他,其他不當駕車行為,否,120.249012,23.699613
2026,1.0,20260117.0,151030.0,A1,臺南市政府警察局,臺南市北門區慈安里台61線288.7公里處(南下車道),晴,有照明未開啟或故障,快速(公)道,90.0,單路部分,直路,路段,快車道,柏油,乾燥,無缺陷,無障礙物,無遮蔽物,良好,無號誌,無號誌,中央分向島,寬式(50公分以上),車道線(附標記),未繪設快慢車道分隔線,有,車與車,追撞,駕駛者,恍神、緊張、心不在焉分心駕駛,死亡1;受傷0,1.0,小客車(含客、貨兩用),自用,男,43.0,未戴安全帽或未繫安全帶(未使用幼童安全椅),未使用,車的狀態,向左變換車道,汽車,前車頭,,,駕駛者,恍神、緊張、心不在焉分心駕駛,否,120.107732,23.246361
2026,1.0,20260117.0,151030.0,A1,臺南市政府警察局,臺南市北門區慈安里台61線288.7公里處(南下車道),晴,有照明未開啟或故障,快速(公)道,90.0,單路部分,直路,路段,快車道,柏油,乾燥,無缺陷,無障礙物,無遮蔽物,良好,無號誌,無號誌,中央分向島,寬式(50公分以上),車道線(附標記),未繪設快慢車道分隔線,有,車與車,追撞,駕駛者,恍神、緊張、心不在焉分心駕駛,死亡1;受傷0,2.0,小貨車,自用,男,34.0,繫安全帶(使用幼童安全椅),未使用,車的狀態,向前直行中,汽車,後車尾,,,無(車輛駕駛者因素),尚未發現肇事因素,否,120.107732,23.246361
2026,1.0,20260117.0,180500.0,A1,新北市政府警察局,新北市三峽區復興路 / 新北市三峽區隆恩街,晴,有照明且開啟,市區道路,50.0,交岔路,四岔路,交叉路口,交叉路口內,柏油,乾燥,無缺陷,無障礙物,無遮蔽物,良好,行車管制號誌,正常,中央分向島,寬式(50公分以上),車道線(無標記),寬式快慢車道分隔島(50公分以上),有,車與車,同向擦撞,駕駛者,變換車道不當,死亡1;受傷1,1.0,機車,普通重型,女,63.0,戴非半罩式安全帽,未使用,車的狀態,向左變換車道,機車與自行車,左側車身,,,駕駛者,變換車道不當,否,121.356654,24.940436
2026,1.0,20260117.0,180500.0,A1,新北市政府警察局,新北市三峽區復興路 / 新北市三峽區隆恩街,晴,有照明且開啟,市區道路,50.0,交岔路,四岔路,交叉路口,交叉路口內,柏油,乾燥,無缺陷,無障礙物,無遮蔽物,良好,行車管制號誌,正常,中央分向島,寬式(50公分以上),車道線(無標記),寬式快慢車道分隔島(50公分以上),有,車與車,同向擦撞,駕駛者,變換車道不當,死亡1;受傷1,2.0,大客車,營業用,男,58.0,繫安全帶(使用幼童安全椅),未使用,車的狀態,其他,汽車,左前車頭(身),,,其他,其他不當駕車行為,否,121.356654,24.940436
2026,1.0,20260117.0,180500.0,A1,新北市政府警察局,新北市三峽區復興路 / 新北市三峽區隆恩街,晴,有照明且開啟,市區道路,50.0,交岔路,四岔路,交叉路口,交叉路口內,柏油,乾燥,無缺陷,無障礙物,無遮蔽物,良好,行車管制號誌,正常,中央分向島,寬式(50公分以上),車道線(無標記),寬式快慢車道分隔島(50公分以上),有,車與車,同向擦撞,駕駛者,變換車道不當,死亡1;受傷1,3.0,人,其他人,女,37.0,其他(無需使用保護裝備之人),非駕駛人,人的狀態,其他,其他,非汽、機及自行車,,,無(非車輛駕駛人因素),尚未發現肇事因素,否,121.356654,24.940436
2026,1.0,20260117.0,235300.0,A1,臺中市政府警察局,臺中市南屯區楓樹里環中路五段 / 臺中市南屯區楓樹里精誠南路,晴,有照明未開啟或故障,市區道路,50.0,交岔路,四岔路,交叉路口,交叉路口內,柏油,乾燥,無缺陷,無障礙物,無遮蔽物,良好,行車管制號誌,正常,行車分向線,無標記,車道線(無標記),寬式快慢車道分隔島(50公分以上),無,車與車,其他,駕駛者,闖紅燈直行,死亡1;受傷1,1.0,機車,普通重型,男,39.0,戴半罩式安全帽,未使用,車的狀態,向前直行中,機車與自行車,前車頭,,,駕駛者,闖紅燈直行,否,120.64024,24.117248
2026,1.0,20260117.0,235300.0,A1,臺中市政府警察局,臺中市南屯區楓樹里環中路五段 / 臺中市南屯區楓樹里精誠南路,晴,有照明未開啟或故障,市區道路,50.0,交岔路,四岔路,交叉路口,交叉路口內,柏油,乾燥,無缺陷,無障礙物,無遮蔽物,良好,行車管制號誌,正常,行車分向線,無標記,車道線(無標記),寬式快慢車道分隔島(50公分以上),無,車與車,其他,駕駛者,闖紅燈直行,死亡1;受傷1,2.0,機車,普通重型,女,36.0,戴半罩式安全帽,未使用,車的狀態,向前直行中,機車與自行車,左側車身,,,無(車輛駕駛者因素),尚未發現肇事因素,否,120.64024,24.117248
2026,1.0,20260118.0,62400.0,A1,新北市政府警察局,新北市新莊區新北大道4段 / 新北市新莊區中原路,陰,有照明且開啟,市區道路,50.0,交岔路,三岔路,交叉路口,交叉路口內,柏油,乾燥,無缺陷,無障礙物,無遮蔽物,良好,行車管制號誌(附設行人專用號誌),正常,中央分向島,寬式(50公分以上),未繪設車道線,寬式快慢車道分隔島(50公分以上),有,車與車,側撞,駕駛者,違反禁止左轉、右轉標誌,死亡1;受傷0,1.0,小客車(含客、貨兩用),自用,男,59.0,繫安全帶(使用幼童安全椅),未使用,車的狀態,左轉彎,汽車,前車頭,,,駕駛者,違反禁止左轉、右轉標誌,否,121.440571,25.054351
2026,1.0,20260118.0,62400.0,A1,新北市政府警察局,新北市新莊區新北大道4段 / 新北市新莊區中原路,陰,有照明且開啟,市區道路,50.0,交岔路,三岔路,交叉路口,交叉路口內,柏油,乾燥,無缺陷,無障礙物,無遮蔽物,良好,行車管制號誌(附設行人專用號誌),正常,中央分向島,寬式(50公分以上),未繪設車道線,寬式快慢車道分隔島(50公分以上),有,車與車,側撞,駕駛者,違反禁止左轉、右轉標誌,死亡1;受傷0,2.0,機車,普通重型,男,56.0,戴半罩式安全帽,未使用,車的狀態,向前直行中,機車與自行車,左側車身,,,無(車輛駕駛者因素),尚未發現肇事因素,否,121.440571,25.054351
2026,1.0,20260118.0,105000.0,A1,桃園市政府警察局,桃園市新屋區中興路口 / 桃園市新屋區興福路口,晴,有照明且開啟,市區道路,50.0,交岔路,三岔路,交叉路口,交叉路口內,柏油,乾燥,無缺陷,無障礙物,無遮蔽物,良好,行車管制號誌,正常,無,無分向設施,未繪設車道線,未繪設快慢車道分隔線,無,車與車,側撞,駕駛者,違反禁止超車標誌(線),死亡1;受傷0,1.0,機車,普通重型,男,22.0,戴半罩式安全帽,未使用,車的狀態,向前直行中,機車與自行車,左側車身,,,駕駛者,違反禁止超車標誌(線),否,121.089805,24.957406
2026,1.0,20260118.0,105000.0,A1,桃園市政府警察局,桃園市新屋區中興路口 / 桃園市新屋區興福路口,晴,有照明且開啟,市區道路,50.0,交岔路,三岔路,交叉路口,交叉路口內,柏油,乾燥,無缺陷,無障礙物,無遮蔽物,良好,行車管制號誌,正常,無,無分向設施,未繪設車道線,未繪設快慢車道分隔線,無,車與車,側撞,駕駛者,違反禁止超車標誌(線),死亡1;受傷0,2.0,小客車(含客、貨兩用),自用,男,19.0,繫安全帶(使用幼童安全椅),未使用,車的狀態,右轉彎,汽車,右前車頭(身),,,駕駛者,右轉彎未依規定,否,121.089805,24.957406