發生年度,發生月份,發生日期,發生時間,事故類別名稱,處理單位名稱警局層,發生地點,天候名稱,光線名稱,道路類別-第1當事者-名稱,速限-第1當事者,道路型態大類別名稱,道路型態子類別名稱,事故位置大類別名稱,事故位置子類別名稱,路面狀況-路面鋪裝名稱,路面狀況-路面狀態名稱,路面狀況-路面缺陷名稱,道路障礙-障礙物名稱,道路障礙-視距品質名稱,道路障礙-視距名稱,號誌-號誌種類名稱,號誌-號誌動作名稱,車道劃分設施-分向設施大類別名稱,車道劃分設施-分向設施子類別名稱,車道劃分設施-分道設施-快車道或一般車道間名稱,車道劃分設施-分道設施-快慢車道間名稱,車道劃分設施-分道設施-路面邊線名稱,事故類型及型態大類別名稱,事故類型及型態子類別名稱,肇因研判大類別名稱-主要,肇因研判子類別名稱-主要,死亡受傷人數,當事者順位,當事者區分-類別-大類別名稱-車種,當事者區分-類別-子類別名稱-車種,當事者屬-性-別名稱,當事者事故發生時年齡,保護裝備名稱,行動電話或電腦或其他相類功能裝置名稱,當事者行動狀態大類別名稱,當事者行動狀態子類別名稱,車輛撞擊部位大類別名稱-最初,車輛撞擊部位子類別名稱-最初,車輛撞擊部位大類別名稱-其他,車輛撞擊部位子類別名稱-其他,肇因研判大類別名稱-個別,肇因研判子類別名稱-個別,肇事逃逸類別名稱-是否肇逃,經度,緯度
2026,1.0,20260118.0,113500.0,A1,南投縣政府警察局,南投縣仁愛鄉台14線68公里處,晴,有照明未開啟或故障,省道,40.0,單路部分,直路,路段,一般車道(未劃分快慢車道),柏油,乾燥,無缺陷,無障礙物,無遮蔽物,良好,無號誌,無號誌,雙向禁止超車線,附標記,未繪設車道線,未繪設快慢車道分隔線,有,車輛本身,撞電桿,駕駛者,打瞌睡或疲勞駕駛(包括連續駕車8小時),死亡1;受傷1,1.0,機車,普通重型,男,29.0,戴非半罩式安全帽,未使用,車的狀態,向前直行中,機車與自行車,前車頭,機車與自行車,前車頭,駕駛者,打瞌睡或疲勞駕駛(包括連續駕車8小時),否,121.065738,24.003624
2026,1.0,20260118.0,113500.0,A1,南投縣政府警察局,南投縣仁愛鄉台14線68公里處,晴,有照明未開啟或故障,省道,40.0,單路部分,直路,路段,一般車道(未劃分快慢車道),柏油,乾燥,無缺陷,無障礙物,無遮蔽物,良好,無號誌,無號誌,雙向禁止超車線,附標記,未繪設車道線,未繪設快慢車道分隔線,有,車輛本身,撞電桿,駕駛者,打瞌睡或疲勞駕駛(包括連續駕車8小時),死亡1;受傷1,2.0,,,無或物(動物、堆置物),-1.0,,,,,,,,,無(非車輛駕駛人因素),尚未發現肇事因素,否,121.065738,24.003624
2026,1.0,20260118.0,113500.0,A1,南投縣政府警察局,南投縣仁愛鄉台14線68公里處,晴,有照明未開啟或故障,省道,40.0,單路部分,直路,路段,一般車道(未劃分快慢車道),柏油,乾燥,無缺陷,無障礙物,無遮蔽物,良好,無號誌,無號誌,雙向禁止超車線,附標記,未繪設車道線,未繪設快慢車道分隔線,有,車輛本身,撞電桿,駕駛者,打瞌睡或疲勞駕駛(包括連續駕車8小時),死亡1;受傷1,3.0,人,乘客,女,25.0,戴非半罩式安全帽,非駕駛人,人的狀態,其他,其他,非汽、機及自行車,其他,非汽、機及自行車,無(非車輛駕駛人因素),尚未發現肇事因素,否,121.065738,24.003624
2026,1.0,20260118.0,193626.0,A1,彰化縣警察局,彰化縣和美鎮彰新路5段88號,晴,有照明且開啟,村里道路,50.0,單路部分,直路,路段,一般車道(未劃分快慢車道),柏油,乾燥,無缺陷,無障礙物,無遮蔽物,良好,無號誌,無號誌,無,無分向設施,車道線(無標記),未繪設快慢車道分隔線,有,車與車,追撞,駕駛者,恍神、緊張、心不在焉分心駕駛,死亡1;受傷0,1.0,小客車(含客、貨兩用),自用,女,51.0,不明,不明,車的狀態,向前直行中,汽車,前車頭,,,駕駛者,恍神、緊張、心不在焉分心駕駛,否,120.512505,24.129524
2026,1.0,20260118.0,193626.0,A1,彰化縣警察局,彰化縣和美鎮彰新路5段88號,晴,有照明且開啟,村里道路,50.0,單路部分,直路,路段,一般車道(未劃分快慢車道),柏油,乾燥,無缺陷,無障礙物,無遮蔽物,良好,無號誌,無號誌,無,無分向設施,車道線(無標記),未繪設快慢車道分隔線,有,車與車,追撞,駕駛者,恍神、緊張、心不在焉分心駕駛,死亡1;受傷0,2.0,慢車,腳踏自行車,男,69.0,不明,不明,車的狀態,向前直行中,機車與自行車,後車尾,,,其他,其他不當駕車行為,否,120.512505,24.129524
2026,1.0,20260119.0,60000.0,A1,臺中市政府警察局,臺中市沙鹿區斗抵里沙田路13-7號前0.0公尺,晴,有照明且開啟,市區道路,40.0,單路部分,直路,路段,慢車道,柏油,乾燥,無缺陷,無障礙物,無遮蔽物,良好,無號誌,無號誌,中央分向島,寬式(50公分以上),車道線(無標記),快慢車道分隔線,無,車與車,其他,其他,違規(臨時)停車,死亡1;受傷0,1.0,全聯結車,營業用,男,51.0,繫安全帶(使用幼童安全椅),未使用,車的狀態,等待(引擎未熄火),汽車,左後車尾(身),,,其他,違規(臨時)停車,否,120.555466,24.220082
2026,1.0,20260119.0,60000.0,A1,臺中市政府警察局,臺中市沙鹿區斗抵里沙田路13-7號前0.0公尺,晴,有照明且開啟,市區道路,40.0,單路部分,直路,路段,慢車道,柏油,乾燥,無缺陷,無障礙物,無遮蔽物,良好,無號誌,無號誌,中央分向島,寬式(50公分以上),車道線(無標記),快慢車道分隔線,無,車與車,其他,其他,違規(臨時)停車,死亡1;受傷0,2.0,機車,普通重型,男,57.0,戴半罩式安全帽,未使用,車的狀態,向前直行中,機車與自行車,右側車身,,,駕駛者,恍神、緊張、心不在焉分心駕駛,否,120.555466,24.220082
2026,1.0,20260119.0,91900.0,A1,高雄市政府警察局,高雄市路竹區中山南路118號前0.0公尺,晴,有照明未開啟或故障,市區道路,30.0,單路部分,直路,路段,慢車道,柏油,乾燥,無缺陷,無障礙物,無遮蔽物,良好,無號誌,無號誌,中央分向島,寬式(50公分以上),車道線(附標記),快慢車道分隔線,有,車與車,追撞,駕駛者,恍神、緊張、心不在焉分心駕駛,死亡2;受傷0,1.0,大貨車,營業用,男,31.0,繫安全帶(使用幼童安全椅),未使用,車的狀態,向前直行中,汽車,右前車頭(身),,,駕駛者,恍神、緊張、心不在焉分心駕駛,否,120.258449,22.857586
2026,1.0,20260119.0,91900.0,A1,高雄市政府警察局,高雄市路竹區中山南路118號前0.0公尺,晴,有照明未開啟或故障,市區道路,30.0,單路部分,直路,路段,慢車道,柏油,乾燥,無缺陷,無障礙物,無遮蔽物,良好,無號誌,無號誌,中央分向島,寬式(50公分以上),車道線(附標記),快慢車道分隔線,有,車與車,追撞,駕駛者,恍神、緊張、心不在焉分心駕駛,死亡2;受傷0,2.0,機車,普通重型,男,29.0,戴半罩式安全帽,不明,車的狀態,向前直行中,機車與自行車,後車尾,,,無(車輛駕駛者因素),尚未發現肇事因素,否,120.258449,22.857586
2026,1.0,20260119.0,91900.0,A1,高雄市政府警察局,高雄市路竹區中山南路118號前0.0公尺,晴,有照明未開啟或故障,市區道路,30.0,單路部分,直路,路段,慢車道,柏油,乾燥,無缺陷,無障礙物,無遮蔽物,良好,無號誌,無號誌,中央分向島,寬式(50公分以上),車道線(附標記),快慢車道分隔線,有,車與車,追撞,駕駛者,恍神、緊張、心不在焉分心駕駛,死亡2;受傷0,3.0,人,乘客,女,31.0,戴半罩式安全帽,非駕駛人,不明,不明,其他,非汽、機及自行車,,,無(非車輛駕駛人因素),尚未發現肇事因素,否,120.258449,22.857586
2026,1.0,20260119.0,91900.0,A1,高雄市政府警察局,高雄市路竹區中山南路118號前0.0公尺,晴,有照明未開啟或故障,市區道路,30.0,單路部分,直路,路段,慢車道,柏油,乾燥,無缺陷,無障礙物,無遮蔽物,良好,無號誌,無號誌,中央分向島,寬式(50公分以上),車道線(附標記),快慢車道分隔線,有,車與車,追撞,駕駛者,恍神、緊張、心不在焉分心駕駛,死亡2;受傷0,4.0,,,無或物(動物、堆置物),0.0,,,,,,,,,無(非車輛駕駛人因素),尚未發現肇事因素,否,120.258449,22.857586
2026,1.0,20260119.0,102800.0,A1,新北市政府警察局,新北市鶯歌區大湖路 / 新北市鶯歌區大湖路,晴,有照明未開啟或故障,市區道路,50.0,交岔路,三岔路,交叉路口,交叉路口內,柏油,乾燥,無缺陷,無障礙物,無遮蔽物,良好,無號誌,無號誌,行車分向線,無標記,車道線(無標記),未繪設快慢車道分隔線,有,車與車,側撞,駕駛者,無號誌路口，轉彎車未讓直行車先行,死亡1;受傷0,1.0,機車,普通重型,男,73.0,戴半罩式安全帽,未使用,車的狀態,左轉彎,機車與自行車,右側車身,,,駕駛者,無號誌路口，轉彎車未讓直行車先行,否,121.331636,24.977488
2026,1.0,20260119.0,102800.0,A1,新北市政府警察局,新北市鶯歌區大湖路 / 新北市鶯歌區大湖路,晴,有照明未開啟或故障,市區道路,50.0,交岔路,三岔路,交叉路口,交叉路口內,柏油,乾燥,無缺陷,無障礙物,無遮蔽物,良好,無號誌,無號誌,行車分向線,無標記,車道線(無標記),未繪設快慢車道分隔線,有,車與車,側撞,駕駛者,無號誌路口，轉彎車未讓直行車先行,死亡1;受傷0,2.0,大客車,營業用,男,34.0,繫安全帶(使用幼童安全椅),未使用,車的狀態,向前直行中,汽車,前車頭,,,駕駛者,未依規定減速,否,121.331636,24.977488
2026,1.0,20260119.0,103900.0,A1,新北市政府警察局,新北市三峽區復興路 / 新北市三峽區復興路,晴,有照明未開啟或故障,市區道路,50.0,單路部分,直路,其他,行人穿越道附近,柏油,乾燥,無缺陷,無障礙物,無遮蔽物,良好,行車管制號誌(附設行人專用號誌),正常,中央分向島,寬式(50公分以上),車道線(無標記),快慢車道分隔線,無,人與車,穿越道路中,駕駛者,車輛未依規定暫停讓行人先行,死亡1;受傷0,1.0,小客車(含客、貨兩用),自用,男,55.0,繫安全帶(使用幼童安全椅),未使用,車的狀態,向前直行中,汽車,前車頭,,,駕駛者,車輛未依規定暫停讓行人先行,否,121.373101,24.937252
2026,1.0,20260119.0,103900.0,A1,新北市政府警察局,新北市三峽區復興路 / 新北市三峽區復興路,晴,有照明未開啟或故障,市區道路,50.0,單路部分,直路,其他,行人穿越道附近,柏油,乾燥,無缺陷,無障礙物,無遮蔽物,良好,行車管制號誌(附設行人專用號誌),正常,中央分向島,寬式(50公分以上),車道線(無標記),快慢車道分隔線,無,人與車,穿越道路中,駕駛者,車輛未依規定暫停讓行人先行,死亡1;受傷0,2.0,人,行人,女,74.0,其他(無需使用保護裝備之人),非駕駛人,人的狀態,步行,其他,非汽、機及自行車,,,非駕駛者,未依號誌或手勢指揮(示)穿越道路,否,121.373101,24.937252
2026,1.0,20260119.0,154200.0,A1,臺東縣警察局,臺東縣臺東市南島大道路燈編號350115號附近,晴,有照明未開啟或故障,市區道路,60.0,單路部分,彎曲路及附近,路段,快車道,柏油,乾燥,無缺陷,無障礙物,無遮蔽物,良好,無號誌,無號誌,中央分向島,寬式(50公分以上),禁止變換車道線(無標記),快慢車道分隔線,無,車輛本身,撞交通島,其他,其他不當駕車行為,死亡1;受傷0,1.0,機車,普通重型,女,19.0,戴非半罩式安全帽,不明,車的狀態,向前直行中,機車與自行車,前車頭,機車與自行車,左側車身,其他,其他不當駕車行為,否,121.098808,22.763241
2026,1.0,20260119.0,154200.0,A1,臺東縣警察局,臺東縣臺東市南島大道路燈編號350115號附近,晴,有照明未開啟或故障,市區道路,60.0,單路部分,彎曲路及附近,路段,快車道,柏油,乾燥,無缺陷,無障礙物,無遮蔽物,良好,無號誌,無號誌,中央分向島,寬式(50公分以上),禁止變換車道線(無標記),快慢車道分隔線,無,車輛本身,撞交通島,其他,其他不當駕車行為,死亡1;受傷0,2.0,,,無或物(動物、堆置物),-1.0,,,,,,,,,無(非車輛駕駛人因素),尚未發現肇事因素,否,121.098808,22.763241
2026,1.0,20260119.0,164400.0,A1,屏東縣政府警察局,屏東縣新埤鄉南興路148號前,晴,有照明未開啟或故障,村里道路,30.0,交岔路,三岔路,交叉路口,交叉口附近,柏油,乾燥,無缺陷,無障礙物,無遮蔽物,良好,無號誌,無號誌,雙向禁止超車線,附標記,未繪設車道線,快慢車道分隔線,有,車與車,側撞,駕駛者,無號誌路口，少線道未讓多線道先行,死亡1;受傷1,1.0,慢車,腳踏自行車,男,15.0,其他(無需使用保護裝備之人),未使用,車的狀態,左轉彎,機車與自行車,左側車身,,,駕駛者,無號誌路口，少線道未讓多線道先行,否,120.546395,22.495141
2026,1.0,20260119.0,164400.0,A1,屏東縣政府警察局,屏東縣新埤鄉南興路148號前,晴,有照明未開啟或故障,村里道路,30.0,交岔路,三岔路,交叉路口,交叉口附近,柏油,乾燥,無缺陷,無障礙物,無遮蔽物,良好,無號誌,無號誌,雙向禁止超車線,附標記,未繪設車道線,快慢車道分隔線,有,車與車,側撞,駕駛者,無號誌路口，少線道未讓多線道先行,死亡1;受傷1,2.0,機車,普通重型,男,69.0,戴半罩式安全帽,未使用,車的狀態,向前直行中,機車與自行車,右側車身,,,無(車輛駕駛者因素),尚未發現肇事因素,否,120.546395,22.495141
2026,1.0,20260119.0,225500.0,A1,新北市政府警察局,新北市淡水區民權路 / 新北市淡水區自強路,雨,有照明且開啟,市區道路,50.0,交岔路,三岔路,交叉路口,交叉路口內,柏油,濕潤,無缺陷,無障礙物,無遮蔽物,良好,行車管制號誌,正常,中央分向島,寬式(50公分以上),車道線(無標記),未繪設快慢車道分隔線,有,車與車,側撞,駕駛者,有號誌路口，轉彎車未讓直行車先行,死亡1;受傷0,1.0,小客車(含客、貨兩用),自用,女,24.0,繫安全帶(使用幼童安全椅),未使用,車的狀態,左轉彎,汽車,右側車身,,,駕駛者,有號誌路口，轉彎車未讓直行車先行,否,121.462998,25.124625
2026,1.0,20260119.0,225500.0,A1,新北市政府警察局,新北市淡水區民權路 / 新北市淡水區自強路,雨,有照明且開啟,市區道路,50.0,交岔路,三岔路,交叉路口,交叉路口內,柏油,濕潤,無缺陷,無障礙物,無遮蔽物,良好,行車管制號誌,正常,中央分向島,寬式(50公分以上),車道線(無標記),未繪設快慢車道分隔線,有,車與車,側撞,駕駛者,有號誌路口，轉彎車未讓直行車先行,死亡1;受傷0,2.0,機車,普通重型,男,25.0,戴非半罩式安全帽,未使用,車的狀態,向前直行中,機車與自行車,前車頭,,,駕駛者,未依規定減速,否,121.462998,25.124625
2026,1.0,20260119.0,225500.0,A1,新北市政府警察局,新北市淡水區民權路 / 新北市淡水區自強路,雨,有照明且開啟,市區道路,50.0,交岔路,三岔路,交叉路口,交叉路口內,柏油,濕潤,無缺陷,無障礙物,無遮蔽物,良好,行車管制號誌,正常,中央分向島,寬式(50公分以上),車道線(無標記),未繪設快慢車道分隔線,有,車與車,側撞,駕駛者,有號誌路口，轉彎車未讓直行車先行,死亡1;受傷0,3.0,人,乘客,男,27.0,繫安全帶(使用幼童安全椅),非駕駛人,人的狀態,其他,其他,非汽、機及自行車,,,無(非車輛駕駛人因素),尚未發現肇事因素,否,121.462998,25.124625
2026,1.0,20260120.0,181551.0,A1,臺南市政府警察局,臺南市東山區科里里區道南99線下庄子1-14號附近,晴,有照明且開啟,市區道路,50.0,單路部分,彎曲路及附近,路段,路肩、路緣,柏油,乾燥,無缺陷,無障礙物,無遮蔽物,良好,無號誌,無號誌,雙向禁止超車線,附標記,車道線(無標記),快慢車道分隔線,有,車輛本身,撞電桿,駕駛者,恍神、緊張、心不在焉分心駕駛,死亡1;受傷0,1.0,機車,普通重型,男,68.0,戴半罩式安全帽,未使用,車的狀態,向前直行中,機車與自行車,前車頭,機車與自行車,前車頭,駕駛者,恍神、緊張、心不在焉分心駕駛,否,120.409986,23.308229
2026,1.0,20260120.0,181551.0,A1,臺南市政府警察局,臺南市東山區科里里區道南99線下庄子1-14號附近,晴,有照明且開啟,市區道路,50.0,單路部分,彎曲路及附近,路段,路肩、路緣,柏油,乾燥,無缺陷,無障礙物,無遮蔽物,良好,無號誌,無號誌,雙向禁止超車線,附標記,車道線(無標記),快慢車道分隔線,有,車輛本身,撞電桿,駕駛者,恍神、緊張、心不在焉分心駕駛,死亡1;受傷0,2.0,,,無或物(動物、堆置物),-1.0,,,,,,,,,無(非車輛駕駛人因素),尚未發現肇事因素,否,120.409986,23.308229
2026,1.0,20260121.0,70100.0,A1,新北市政府警察局,新北市樹林區柑園街1段 / 新北市樹林區柑園街1段,雨,有照明未開啟或故障,市區道路,40.0,交岔路,四岔路,交叉路口,交叉口附近,柏油,濕潤,無缺陷,無障礙物,無遮蔽物,良好,無號誌,無號誌,行車分向線,無標記,未繪設車道線,未繪設快慢車道分隔線,有,車與車,對撞,其他,其他不當駕車行為,死亡1;受傷0,1.0,機車,普通重型,男,27.0,戴非半罩式安全帽,未使用,車的狀態,其他,其他,不明,,,其他,其他不當駕車行為,否,121.392467,24.956277
2026,1.0,20260121.0,70100.0,A1,新北市政府警察局,新北市樹林區柑園街1段 / 新北市樹林區柑園街1段,雨,有照明未開啟或故障,市區道路,40.0,交岔路,四岔路,交叉路口,交叉口附近,柏油,濕潤,無缺陷,無障礙物,無遮蔽物,良好,無號誌,無號誌,行車分向線,無標記,未繪設車道線,未繪設快慢車道分隔線,有,車與車,對撞,其他,其他不當駕車行為,死亡1;受傷0,2.0,小客車(含客、貨兩用),自用,男,31.0,繫安全帶(使用幼童安全椅),未使用,車的狀態,向前直行中,汽車,前車頭,,,無(車輛駕駛者因素),尚未發現肇事因素,否,121.392467,24.956277
2026,1.0,20260121.0,125500.0,A1,雲林縣警察局,雲林縣西螺鎮下湳里新社154號電桿處產業道路,晴,無照明,村里道路,30.0,交岔路,四岔路,交叉路口,交叉路口內,柏油,乾燥,無缺陷,無障礙物,無遮蔽物,良好,無號誌,無號誌,無,無分向設施,未繪設車道線,未繪設快慢車道分隔線,有,車與車,路口交岔撞,駕駛者,無號誌路口，左方車未讓右方車先行,死亡1;受傷0,1.0,大貨車,自用,男,31.0,繫安全帶(使用幼童安全椅),未使用,車的狀態,向前直行中,汽車,右側車身,,,駕駛者,無號誌路口，左方車未讓右方車先行,否,120.43033,23.76057
2026,1.0,20260121.0,125500.0,A1,雲林縣警察局,雲林縣西螺鎮下湳里新社154號電桿處產業道路,晴,無照明,村里道路,30.0,交岔路,四岔路,交叉路口,交叉路口內,柏油,乾燥,無缺陷,無障礙物,無遮蔽物,良好,無號誌,無號誌,無,無分向設施,未繪設車道線,未繪設快慢車道分隔線,有,車與車,路口交岔撞,駕駛者,無號誌路口，左方車未讓右方車先行,死亡1;受傷0,2.0,機車,普通重型,男,26.0,戴非半罩式安全帽,未使用,車的狀態,向前直行中,機車與自行車,前車頭,,,駕駛者,未依規定減速,否,120.43033,23.76057
2026,1.0,20260121.0,192200.0,A1,臺北市政府警察局,臺北市中山區建國北路1段80號前0.0公尺,晴,有照明且開啟,市區道路,50.0,交岔路,三岔路,其他,行人穿越道,柏油,乾燥,無缺陷,無障礙物,無遮蔽物,良好,行車管制號誌,正常,中央分向島,寬式(50公分以上),車道線(無標記),未繪設快慢車道分隔線,無,人與車,穿越道路中,駕駛者,車輛未依規定暫停讓行人先行,死亡1;受傷0,1.0,小客車(含客、貨兩用),自用,男,47.0,不明,不明,車的狀態,左轉彎,汽車,前車頭,,,駕駛者,車輛未依規定暫停讓行人先行,否,121.540364,25.048065
2026,1.0,20260121.0,192200.0,A1,臺北市政府警察局,臺北市中山區建國北路1段80號前0.0公尺,晴,有照明且開啟,市區道路,50.0,交岔路,三岔路,其他,行人穿越道,柏油,乾燥,無缺陷,無障礙物,無遮蔽物,良好,行車管制號誌,正常,中央分向島,寬式(50公分以上),車道線(無標記),未繪設快慢車道分隔線,無,人與車,穿越道路中,駕駛者,車輛未依規定暫停讓行人先行,死亡1;受傷0,2.0,人,行人,男,64.0,其他(無需使用保護裝備之人),非駕駛人,人的狀態,步行,其他,非汽、機及自行車,,,無(非車輛駕駛人因素),尚未發現肇事因素,否,121.540364,25.048065
2026,1.0,20260121.0,192200.0,A1,臺北市政府警察局,臺北市中山區建國北路1段80號前0.0公尺,晴,有照明且開啟,市區道路,50.0,交岔路,三岔路,其他,行人穿越道,柏油,乾燥,無缺陷,無障礙物,無遮蔽物,良好,行車管制號誌,正常,中央分向島,寬式(50公分以上),車道線(無標記),未繪設快慢車道分隔線,無,人與車,穿越道路中,駕駛者,車輛未依規定暫停讓行人先行,死亡1;受傷0,3.0,小客車(含客、貨兩用),自用,男,40.0,不明,不明,車的狀態,左轉彎,汽車,左前車頭(身),,,駕駛者,觀看其他事故、活動、道路環境或車外資訊分心駕駛,否,121.540364,25.048065
2026,1.0,20260121.0,224900.0,A1,桃園市政府警察局,桃園市桃園區大興西路三段168號前0.0公尺,雨,有照明且開啟,市區道路,50.0,單路部分,直路,路段,一般車道(未劃分快慢車道),柏油,濕潤,無缺陷,道路工事(程)中,無遮蔽物,良好,無號誌,無號誌,中央分向島,寬式(50公分以上),車道線(無標記),未繪設快慢車道分隔線,有,車輛本身,撞工程施工,駕駛者,酒醉(後)駕駛,死亡1;受傷0,1.0,機車,普通重型,男,33.0,戴半罩式安全帽,未使用,車的狀態,向前直行中,機車與自行車,前車頭,,,駕駛者,酒醉(後)駕駛,否,121.289408,25.00466
2026,1.0,20260121.0,224900.0,A1,桃園市政府警察局,桃園市桃園區大興西路三段168號前0.0公尺,雨,有照明且開啟,市區道路,50.0,單路部分,直路,路段,一般車道(未劃分快慢車道),柏油,濕潤,無缺陷,道路工事(程)中,無遮蔽物,良好,無號誌,無號誌,中央分向島,寬式(50公分以上),車道線(無標記),未繪設快慢車道分隔線,有,車輛本身,撞工程施工,駕駛者,酒醉(後)駕駛,死亡1;受傷0,2.0,,,無或物(動物、堆置物),-1.0,,,,,,,,,無(非車輛駕駛人因素),尚未發現肇事因素,否,121.289408,25.00466
2026,1.0,20260122.0,52900.0,A1,新竹縣政府警察局,新竹縣竹北市縣政九路附近 / 新竹縣竹北市文平路附近,陰,有照明且開啟,市區道路,50.0,交岔路,四岔路,其他,行人穿越道,柏油,乾燥,無缺陷,無障礙物,無遮蔽物,良好,閃光號誌,正常,雙向禁止超車線,無標記,車道線(無標記),未繪設快慢車道分隔線,無,人與車,穿越道路中,駕駛者,車輛未依規定暫停讓行人先行,死亡1;受傷1,1.0,機車,普通重型,男,23.0,戴非半罩式安全帽,未使用,車的狀態,向前直行中,機車與自行車,前車頭,,,駕駛者,車輛未依規定暫停讓行人先行,否,121.011176,24.829461
2026,1.0,20260122.0,52900.0,A1,新竹縣政府警察局,新竹縣竹北市縣政九路附近 / 新竹縣竹北市文平路附近,陰,有照明且開啟,市區道路,50.0,交岔路,四岔路,其他,行人穿越道,柏油,乾燥,無缺陷,無障礙物,無遮蔽物,良好,閃光號誌,正常,雙向禁止超車線,無標記,車道線(無標記),未繪設快慢車道分隔線,無,人與車,穿越道路中,駕駛者,車輛未依規定暫停讓行人先行,死亡1;受傷1,2.0,人,行人,男,78.0,其他(無需使用保護裝備之人),非駕駛人,人的狀態,步行,其他,非汽、機及自行車,,,無(非車輛駕駛人因素),尚未發現肇事因素,否,121.011176,24.829461
2026,1.0,20260122.0,53100.0,A1,彰化縣警察局,彰化縣二林鎮福建巷前0.0公尺附近,晴,有照明未開啟或故障,村里道路,30.0,單路部分,直路,路段,一般車道(未劃分快慢車道),柏油,乾燥,無缺陷,無障礙物,無遮蔽物,良好,無號誌,無號誌,無,無分向設施,未繪設車道線,未繪設快慢車道分隔線,有,車輛本身,衝出路外,駕駛者,患病或服用藥物(疲勞)駕駛,死亡1;受傷0,1.0,機車,普通重型,男,64.0,不明,不明,不明,不明,其他,不明,,,駕駛者,患病或服用藥物(疲勞)駕駛,否,120.387449,23.886758
2026,1.0,20260122.0,53100.0,A1,彰化縣警察局,彰化縣二林鎮福建巷前0.0公尺附近,晴,有照明未開啟或故障,村里道路,30.0,單路部分,直路,路段,一般車道(未劃分快慢車道),柏油,乾燥,無缺陷,無障礙物,無遮蔽物,良好,無號誌,無號誌,無,無分向設施,未繪設車道線,未繪設快慢車道分隔線,有,車輛本身,衝出路外,駕駛者,患病或服用藥物(疲勞)駕駛,死亡1;受傷0,2.0,,,無或物(動物、堆置物),-1.0,,,,,,,,,無(非車輛駕駛人因素),尚未發現肇事因素,否,120.387449,23.886758
2026,1.0,20260122.0,105900.0,A1,臺南市政府警察局,臺南市歸仁區保大路一段232號,晴,有照明未開啟或故障,市區道路,50.0,單路部分,直路,路段,一般車道(未劃分快慢車道),柏油,乾燥,無缺陷,無障礙物,無遮蔽物,良好,無號誌,無號誌,行車分向線,附標記,車道線(附標記),未繪設快慢車道分隔線,有,車與車,其他,駕駛者,起步時未注意安全,死亡1;受傷0,1.0,機車,普通重型,女,53.0,戴非半罩式安全帽,未使用,車的狀態,起步,機車與自行車,右側車身,,,駕駛者,起步時未注意安全,否,120.292283,22.996693
2026,1.0,20260122.0,105900.0,A1,臺南市政府警察局,臺南市歸仁區保大路一段232號,晴,有照明未開啟或故障,市區道路,50.0,單路部分,直路,路段,一般車道(未劃分快慢車道),柏油,乾燥,無缺陷,無障礙物,無遮蔽物,良好,無號誌,無號誌,行車分向線,附標記,車道線(附標記),未繪設快慢車道分隔線,有,車與車,其他,駕駛者,起步時未注意安全,死亡1;受傷0,2.0,小客車(含客、貨兩用),自用,男,45.0,繫安全帶(使用幼童安全椅),未使用,車的狀態,向前直行中,汽車,前車頭,,,無(車輛駕駛者因素),尚未發現肇事因素,否,120.292283,22.996693
2026,1.0,20260122.0,140200.0,A1,新北市政府警察局,新北市新莊區環漢路2段口 / 新北市新莊區重新路5段口,雨,有照明未開啟或故障,市區道路,50.0,交岔路,三岔路,交叉路口,交叉路口內,柏油,濕潤,無缺陷,無障礙物,無遮蔽物,良好,行車管制號誌,正常,無,無分向設施,未繪設車道線,未繪設快慢車道分隔線,有,車與車,側撞,駕駛者,有號誌路口，轉彎車未讓直行車先行,死亡1;受傷0,1.0,機車,普通重型,男,39.0,戴半罩式安全帽,未使用,車的狀態,左轉彎,機車與自行車,右側車身,,,駕駛者,有號誌路口，轉彎車未讓直行車先行,否,121.466428,25.04121
2026,1.0,20260122.0,140200.0,A1,新北市政府警察局,新北市新莊區環漢路2段口 / 新北市新莊區重新路5段口,雨,有照明未開啟或故障,市區道路,50.0,交岔路,三岔路,交叉路口,交叉路口內,柏油,濕潤,無缺陷,無障礙物,無遮蔽物,良好,行車管制號誌,正常,無,無分向設施,未繪設車道線,未繪設快慢車道分隔線,有,車與車,側撞,駕駛者,有號誌路口，轉彎車未讓直行車先行,死亡1;受傷0,2.0,小客車(含客、貨兩用),自用,男,62.0,繫安全帶(使用幼童安全椅),未使用,車的狀態,向前直行中,汽車,前車頭,,,駕駛者,未依規定減速,否,121.466428,25.04121