發生年度,發生月份,發生日期,發生時間,事故類別名稱,處理單位名稱警局層,發生地點,天候名稱,光線名稱,道路類別-第1當事者-名稱,速限-第1當事者,道路型態大類別名稱,道路型態子類別名稱,事故位置大類別名稱,事故位置子類別名稱,路面狀況-路面鋪裝名稱,路面狀況-路面狀態名稱,路面狀況-路面缺陷名稱,道路障礙-障礙物名稱,道路障礙-視距品質名稱,道路障礙-視距名稱,號誌-號誌種類名稱,號誌-號誌動作名稱,車道劃分設施-分向設施大類別名稱,車道劃分設施-分向設施子類別名稱,車道劃分設施-分道設施-快車道或一般車道間名稱,車道劃分設施-分道設施-快慢車道間名稱,車道劃分設施-分道設施-路面邊線名稱,事故類型及型態大類別名稱,事故類型及型態子類別名稱,肇因研判大類別名稱-主要,肇因研判子類別名稱-主要,死亡受傷人數,當事者順位,當事者區分-類別-大類別名稱-車種,當事者區分-類別-子類別名稱-車種,當事者屬-性-別名稱,當事者事故發生時年齡,保護裝備名稱,行動電話或電腦或其他相類功能裝置名稱,當事者行動狀態大類別名稱,當事者行動狀態子類別名稱,車輛撞擊部位大類別名稱-最初,車輛撞擊部位子類別名稱-最初,車輛撞擊部位大類別名稱-其他,車輛撞擊部位子類別名稱-其他,肇因研判大類別名稱-個別,肇因研判子類別名稱-個別,肇事逃逸類別名稱-是否肇逃,經度,緯度
2026,1.0,20260124.0,92429.0,A1,彰化縣警察局,彰化縣彰化市中正路1段口 / 彰化縣彰化市中民街口,晴,有照明未開啟或故障,市區道路,50.0,交岔路,四岔路,交叉路口,交叉口附近,柏油,乾燥,無缺陷,無障礙物,無遮蔽物,良好,行車管制號誌,正常,無,無分向設施,車道線(無標記),未繪設快慢車道分隔線,有,人與車,穿越道路中,駕駛者,車輛未依規定暫停讓行人先行,死亡1;受傷0,1.0,大貨車,營業用,男,24.0,繫安全帶(使用幼童安全椅),未使用,車的狀態,起步,汽車,前車頭,,,駕駛者,車輛未依規定暫停讓行人先行,否,120.547184,24.08376
2026,1.0,20260124.0,92429.0,A1,彰化縣警察局,彰化縣彰化市中正路1段口 / 彰化縣彰化市中民街口,晴,有照明未開啟或故障,市區道路,50.0,交岔路,四岔路,交叉路口,交叉口附近,柏油,乾燥,無缺陷,無障礙物,無遮蔽物,良好,行車管制號誌,正常,無,無分向設施,車道線(無標記),未繪設快慢車道分隔線,有,人與車,穿越道路中,駕駛者,車輛未依規定暫停讓行人先行,死亡1;受傷0,2.0,人,行人,女,81.0,其他(無需使用保護裝備之人),非駕駛人,人的狀態,步行,其他,非汽、機及自行車,,,非駕駛者,未依號誌或手勢指揮(示)穿越道路,否,120.547184,24.08376
2026,1.0,20260124.0,93900.0,A1,高雄市政府警察局,高雄市橋頭區村白樹路 / 高雄市橋頭區五林路,晴,有照明未開啟或故障,市區道路,40.0,交岔路,四岔路,交叉路口,交叉路口內,柏油,乾燥,無缺陷,無障礙物,無遮蔽物,良好,行車管制號誌,正常,無,無分向設施,未繪設車道線,未繪設快慢車道分隔線,無,車與車,對向擦撞,駕駛者,未保持行車安全間隔,死亡1;受傷0,1.0,機車,普通重型,男,51.0,不明,不明,不明,不明,其他,不明,,,駕駛者,未保持行車安全間隔,否,120.310397,22.757974
2026,1.0,20260124.0,93900.0,A1,高雄市政府警察局,高雄市橋頭區村白樹路 / 高雄市橋頭區五林路,晴,有照明未開啟或故障,市區道路,40.0,交岔路,四岔路,交叉路口,交叉路口內,柏油,乾燥,無缺陷,無障礙物,無遮蔽物,良好,行車管制號誌,正常,無,無分向設施,未繪設車道線,未繪設快慢車道分隔線,無,車與車,對向擦撞,駕駛者,未保持行車安全間隔,死亡1;受傷0,2.0,小客車(含客、貨兩用),計程車,男,43.0,繫安全帶(使用幼童安全椅),未使用,車的狀態,向前直行中,汽車,左側車身,,,駕駛者,未保持行車安全間隔,否,120.310397,22.757974
2026,1.0,20260124.0,105900.0,A1,臺南市政府警察局,臺南市下營區茅營里中營1288之6號旁三岔路口,晴,無照明,省道,40.0,交岔路,三岔路,交叉路口,交叉口附近,柏油,乾燥,無缺陷,無障礙物,無遮蔽物,良好,無號誌,無號誌,行車分向線,無標記,未繪設車道線,快慢車道分隔線,有,車與車,側撞,駕駛者,左轉彎未依規定,死亡1;受傷0,1.0,慢車,腳踏自行車,男,64.0,其他(無需使用保護裝備之人),未使用,車的狀態,左轉彎,機車與自行車,右側車身,,,駕駛者,左轉彎未依規定,否,120.26986,23.219449
2026,1.0,20260124.0,105900.0,A1,臺南市政府警察局,臺南市下營區茅營里中營1288之6號旁三岔路口,晴,無照明,省道,40.0,交岔路,三岔路,交叉路口,交叉口附近,柏油,乾燥,無缺陷,無障礙物,無遮蔽物,良好,無號誌,無號誌,行車分向線,無標記,未繪設車道線,快慢車道分隔線,有,車與車,側撞,駕駛者,左轉彎未依規定,死亡1;受傷0,2.0,小客車(含客、貨兩用),自用,女,53.0,繫安全帶(使用幼童安全椅),未使用,車的狀態,向前直行中,汽車,左側車身,,,駕駛者,恍神、緊張、心不在焉分心駕駛,否,120.26986,23.219449
2026,1.0,20260124.0,155800.0,A1,苗栗縣警察局,苗栗縣竹南鎮保安街與產業道路,晴,有照明未開啟或故障,村里道路,30.0,交岔路,四岔路,交叉路口,交叉路口內,柏油,乾燥,無缺陷,無障礙物,無遮蔽物,良好,無號誌,無號誌,雙向禁止超車線,無標記,未繪設車道線,未繪設快慢車道分隔線,有,車與車,路口交岔撞,駕駛者,無號誌路口，左方車未讓右方車先行,死亡1;受傷0,1.0,機車,普通重型,男,78.0,戴半罩式安全帽,未使用,車的狀態,向前直行中,機車與自行車,前車頭,,,駕駛者,無號誌路口，左方車未讓右方車先行,否,120.858563,24.683857
2026,1.0,20260124.0,155800.0,A1,苗栗縣警察局,苗栗縣竹南鎮保安街與產業道路,晴,有照明未開啟或故障,村里道路,30.0,交岔路,四岔路,交叉路口,交叉路口內,柏油,乾燥,無缺陷,無障礙物,無遮蔽物,良好,無號誌,無號誌,雙向禁止超車線,無標記,未繪設車道線,未繪設快慢車道分隔線,有,車與車,路口交岔撞,駕駛者,無號誌路口，左方車未讓右方車先行,死亡1;受傷0,2.0,小客車(含客、貨兩用),自用,男,57.0,繫安全帶(使用幼童安全椅),未使用,車的狀態,向前直行中,汽車,左前車頭(身),,,駕駛者,未保持行車安全距離,否,120.858563,24.683857
2026,1.0,20260124.0,155800.0,A1,苗栗縣警察局,苗栗縣竹南鎮保安街與產業道路,晴,有照明未開啟或故障,村里道路,30.0,交岔路,四岔路,交叉路口,交叉路口內,柏油,乾燥,無缺陷,無障礙物,無遮蔽物,良好,無號誌,無號誌,雙向禁止超車線,無標記,未繪設車道線,未繪設快慢車道分隔線,有,車與車,路口交岔撞,駕駛者,無號誌路口，左方車未讓右方車先行,死亡1;受傷0,3.0,人,乘客,女,53.0,繫安全帶(使用幼童安全椅),非駕駛人,人的狀態,其他,其他,非汽、機及自行車,,,無(非車輛駕駛人因素),尚未發現肇事因素,否,120.858563,24.683857
2026,1.0,20260124.0,165400.0,A1,澎湖縣政府警察局,澎湖縣馬公市縣202線道路附近 / 澎湖縣馬公市澎21號道附近,陰,有照明未開啟或故障,縣道,50.0,交岔路,三岔路,交叉路口,交叉口附近,柏油,乾燥,無缺陷,無障礙物,無遮蔽物,良好,行車管制號誌,正常,雙向禁止超車線,無標記,車道線(無標記),未繪設快慢車道分隔線,有,車輛本身,撞路樹,駕駛者,恍神、緊張、心不在焉分心駕駛,死亡1;受傷0,1.0,機車,普通重型,男,60.0,戴半罩式安全帽,未使用,車的狀態,向前直行中,機車與自行車,前車頭,,,駕駛者,恍神、緊張、心不在焉分心駕駛,否,119.608515,23.569773
2026,1.0,20260124.0,165400.0,A1,澎湖縣政府警察局,澎湖縣馬公市縣202線道路附近 / 澎湖縣馬公市澎21號道附近,陰,有照明未開啟或故障,縣道,50.0,交岔路,三岔路,交叉路口,交叉口附近,柏油,乾燥,無缺陷,無障礙物,無遮蔽物,良好,行車管制號誌,正常,雙向禁止超車線,無標記,車道線(無標記),未繪設快慢車道分隔線,有,車輛本身,撞路樹,駕駛者,恍神、緊張、心不在焉分心駕駛,死亡1;受傷0,2.0,,,無或物(動物、堆置物),-1.0,,,,,,,,,無(非車輛駕駛人因素),尚未發現肇事因素,否,119.608515,23.569773
2026,1.0,20260124.0,184000.0,A1,新北市政府警察局,新北市鶯歌區西湖街 / 新北市鶯歌區曾厝巷,晴,有照明且開啟,市區道路,50.0,交岔路,三岔路,交叉路口,交叉路口內,柏油,乾燥,無缺陷,無障礙物,無遮蔽物,良好,無號誌,無號誌,雙向禁止超車線,無標記,未繪設車道線,未繪設快慢車道分隔線,有,車與車,對撞,駕駛者,違反禁止超車標誌(線),死亡1;受傷0,1.0,小客車(含客、貨兩用),自用,男,46.0,繫安全帶(使用幼童安全椅),未使用,車的狀態,超車(含超越),汽車,前車頭,,,駕駛者,違反禁止超車標誌(線),否,121.338793,24.961282
2026,1.0,20260124.0,184000.0,A1,新北市政府警察局,新北市鶯歌區西湖街 / 新北市鶯歌區曾厝巷,晴,有照明且開啟,市區道路,50.0,交岔路,三岔路,交叉路口,交叉路口內,柏油,乾燥,無缺陷,無障礙物,無遮蔽物,良好,無號誌,無號誌,雙向禁止超車線,無標記,未繪設車道線,未繪設快慢車道分隔線,有,車與車,對撞,駕駛者,違反禁止超車標誌(線),死亡1;受傷0,2.0,機車,普通重型,女,23.0,戴半罩式安全帽,未使用,車的狀態,向前直行中,機車與自行車,前車頭,,,無(車輛駕駛者因素),尚未發現肇事因素,否,121.338793,24.961282
2026,1.0,20260124.0,235700.0,A1,新北市政府警察局,新北市樹林區堤外道路-路燈829094號前0.0公尺,晴,有照明且開啟,市區道路,50.0,單路部分,直路,路段,慢車道,柏油,乾燥,無缺陷,無障礙物,無遮蔽物,良好,無號誌,無號誌,雙向禁止超車線,附標記,未繪設車道線,快慢車道分隔線,無,車輛本身,路上翻車、摔倒,駕駛者,超速駕駛,死亡1;受傷0,1.0,機車,普通重型,男,53.0,戴半罩式安全帽,未使用,車的狀態,向前直行中,其他,不明,,,駕駛者,超速駕駛,否,121.413455,24.969789
2026,1.0,20260124.0,235700.0,A1,新北市政府警察局,新北市樹林區堤外道路-路燈829094號前0.0公尺,晴,有照明且開啟,市區道路,50.0,單路部分,直路,路段,慢車道,柏油,乾燥,無缺陷,無障礙物,無遮蔽物,良好,無號誌,無號誌,雙向禁止超車線,附標記,未繪設車道線,快慢車道分隔線,無,車輛本身,路上翻車、摔倒,駕駛者,超速駕駛,死亡1;受傷0,2.0,,,無或物(動物、堆置物),0.0,,,,,,,,,無(非車輛駕駛人因素),尚未發現肇事因素,否,121.413455,24.969789
2026,1.0,20260125.0,22100.0,A1,新北市政府警察局,新北市中和區臺64線道路前0.0公尺,晴,有照明且開啟,市區道路,70.0,單路部分,高架道路,路段,快車道,柏油,乾燥,無缺陷,無障礙物,無遮蔽物,良好,無號誌,無號誌,中央分向島,寬式(50公分以上),車道線(無標記),未繪設快慢車道分隔線,有,人與車,其他,其他,其他不當駕車行為,死亡1;受傷0,1.0,小客車(含客、貨兩用),計程車,男,45.0,不明,不明,不明,不明,其他,無撞擊,,,其他,其他不當駕車行為,否,121.518475,24.991787
2026,1.0,20260125.0,22100.0,A1,新北市政府警察局,新北市中和區臺64線道路前0.0公尺,晴,有照明且開啟,市區道路,70.0,單路部分,高架道路,路段,快車道,柏油,乾燥,無缺陷,無障礙物,無遮蔽物,良好,無號誌,無號誌,中央分向島,寬式(50公分以上),車道線(無標記),未繪設快慢車道分隔線,有,人與車,其他,其他,其他不當駕車行為,死亡1;受傷0,2.0,人,其他人,男,24.0,其他(無需使用保護裝備之人),非駕駛人,人的狀態,其他,其他,非汽、機及自行車,,,非駕駛者,其他引起事故之疏失或行為,否,121.518475,24.991787
2026,1.0,20260125.0,22100.0,A1,新北市政府警察局,新北市中和區臺64線道路前0.0公尺,晴,有照明且開啟,市區道路,70.0,單路部分,高架道路,路段,快車道,柏油,乾燥,無缺陷,無障礙物,無遮蔽物,良好,無號誌,無號誌,中央分向島,寬式(50公分以上),車道線(無標記),未繪設快慢車道分隔線,有,人與車,其他,其他,其他不當駕車行為,死亡1;受傷0,3.0,小客車(含客、貨兩用),自用,男,38.0,不明,不明,車的狀態,向前直行中,汽車,前車頭,,,無(車輛駕駛者因素),尚未發現肇事因素,否,121.518475,24.991787
2026,1.0,20260125.0,22100.0,A1,新北市政府警察局,新北市中和區臺64線道路前0.0公尺,晴,有照明且開啟,市區道路,70.0,單路部分,高架道路,路段,快車道,柏油,乾燥,無缺陷,無障礙物,無遮蔽物,良好,無號誌,無號誌,中央分向島,寬式(50公分以上),車道線(無標記),未繪設快慢車道分隔線,有,人與車,其他,其他,其他不當駕車行為,死亡1;受傷0,4.0,小客車(含客、貨兩用),自用,男,25.0,不明,不明,車的狀態,向前直行中,汽車,前車頭,,,無(車輛駕駛者因素),尚未發現肇事因素,否,121.518475,24.991787
2026,1.0,20260125.0,22100.0,A1,新北市政府警察局,新北市中和區臺64線道路前0.0公尺,晴,有照明且開啟,市區道路,70.0,單路部分,高架道路,路段,快車道,柏油,乾燥,無缺陷,無障礙物,無遮蔽物,良好,無號誌,無號誌,中央分向島,寬式(50公分以上),車道線(無標記),未繪設快慢車道分隔線,有,人與車,其他,其他,其他不當駕車行為,死亡1;受傷0,5.0,小客車(含客、貨兩用),自用,男,53.0,不明,不明,車的狀態,向前直行中,汽車,車底,,,駕駛者,恍神、緊張、心不在焉分心駕駛,否,121.518475,24.991787
2026,1.0,20260125.0,22100.0,A1,新北市政府警察局,新北市中和區臺64線道路前0.0公尺,晴,有照明且開啟,市區道路,70.0,單路部分,高架道路,路段,快車道,柏油,乾燥,無缺陷,無障礙物,無遮蔽物,良好,無號誌,無號誌,中央分向島,寬式(50公分以上),車道線(無標記),未繪設快慢車道分隔線,有,人與車,其他,其他,其他不當駕車行為,死亡1;受傷0,6.0,小客車(含客、貨兩用),自用,男,45.0,不明,不明,車的狀態,向前直行中,汽車,車底,,,駕駛者,恍神、緊張、心不在焉分心駕駛,否,121.518475,24.991787
2026,1.0,20260125.0,50518.0,A1,雲林縣警察局,雲林縣崙背鄉南陽村正義路與南昌路口,晴,有照明且開啟,市區道路,50.0,交岔路,四岔路,交叉路口,交叉路口內,柏油,乾燥,無缺陷,無障礙物,無遮蔽物,良好,閃光號誌,正常,無,無分向設施,未繪設車道線,未繪設快慢車道分隔線,無,車與車,路口交岔撞,駕駛者,違反閃光號誌,死亡1;受傷1,1.0,機車,普通重型,男,24.0,戴半罩式安全帽,不明,車的狀態,向前直行中,機車與自行車,右側車身,,,駕駛者,違反閃光號誌,否,120.357624,23.761172
2026,1.0,20260125.0,50518.0,A1,雲林縣警察局,雲林縣崙背鄉南陽村正義路與南昌路口,晴,有照明且開啟,市區道路,50.0,交岔路,四岔路,交叉路口,交叉路口內,柏油,乾燥,無缺陷,無障礙物,無遮蔽物,良好,閃光號誌,正常,無,無分向設施,未繪設車道線,未繪設快慢車道分隔線,無,車與車,路口交岔撞,駕駛者,違反閃光號誌,死亡1;受傷1,2.0,小貨車,營業用,男,25.0,不明,未使用,車的狀態,向前直行中,汽車,前車頭,,,駕駛者,未依規定減速,否,120.357624,23.761172
2026,1.0,20260125.0,50518.0,A1,雲林縣警察局,雲林縣崙背鄉南陽村正義路與南昌路口,晴,有照明且開啟,市區道路,50.0,交岔路,四岔路,交叉路口,交叉路口內,柏油,乾燥,無缺陷,無障礙物,無遮蔽物,良好,閃光號誌,正常,無,無分向設施,未繪設車道線,未繪設快慢車道分隔線,無,車與車,路口交岔撞,駕駛者,違反閃光號誌,死亡1;受傷1,3.0,人,乘客,男,-1.0,戴半罩式安全帽,非駕駛人,人的狀態,其他,其他,非汽、機及自行車,,,無(非車輛駕駛人因素),尚未發現肇事因素,否,120.357624,23.761172
2026,1.0,20260125.0,50518.0,A1,雲林縣警察局,雲林縣崙背鄉南陽村正義路與南昌路口,晴,有照明且開啟,市區道路,50.0,交岔路,四岔路,交叉路口,交叉路口內,柏油,乾燥,無缺陷,無障礙物,無遮蔽物,良好,閃光號誌,正常,無,無分向設施,未繪設車道線,未繪設快慢車道分隔線,無,車與車,路口交岔撞,駕駛者,違反閃光號誌,死亡1;受傷1,4.0,人,乘客,女,23.0,不明,非駕駛人,人的狀態,其他,其他,非汽、機及自行車,,,無(非車輛駕駛人因素),尚未發現肇事因素,否,120.357624,23.761172
2026,1.0,20260125.0,92848.0,A1,苗栗縣警察局,苗栗縣獅潭鄉台3線 119公里200.0公尺處北向內側,晴,有照明未開啟或故障,省道,60.0,單路部分,直路,路段,一般車道(未劃分快慢車道),柏油,乾燥,無缺陷,無障礙物,無遮蔽物,良好,無號誌,無號誌,行車分向線,無標記,車道線(無標記),未繪設快慢車道分隔線,有,車輛本身,路上翻車、摔倒,無(車輛駕駛者因素),尚未發現肇事因素,死亡1;受傷0,1.0,機車,大型重型1(550C.C.以上),男,21.0,戴非半罩式安全帽,未使用,車的狀態,向前直行中,機車與自行車,前車頭,,,無(車輛駕駛者因素),尚未發現肇事因素,否,120.903745,24.50039
2026,1.0,20260125.0,92848.0,A1,苗栗縣警察局,苗栗縣獅潭鄉台3線 119公里200.0公尺處北向內側,晴,有照明未開啟或故障,省道,60.0,單路部分,直路,路段,一般車道(未劃分快慢車道),柏油,乾燥,無缺陷,無障礙物,無遮蔽物,良好,無號誌,無號誌,行車分向線,無標記,車道線(無標記),未繪設快慢車道分隔線,有,車輛本身,路上翻車、摔倒,無(車輛駕駛者因素),尚未發現肇事因素,死亡1;受傷0,2.0,,,無或物(動物、堆置物),-1.0,,,,,,,,,無(非車輛駕駛人因素),尚未發現肇事因素,否,120.903745,24.50039
2026,1.0,20260125.0,111200.0,A1,桃園市政府警察局,桃園市新屋區新華路一段128號前0.0公尺,晴,有照明未開啟或故障,市區道路,50.0,單路部分,直路,路段,一般車道(未劃分快慢車道),柏油,乾燥,無缺陷,無障礙物,無遮蔽物,良好,無號誌,無號誌,行車分向線,無標記,未繪設車道線,未繪設快慢車道分隔線,有,車輛本身,撞非固定設施,駕駛者,恍神、緊張、心不在焉分心駕駛,死亡1;受傷0,1.0,機車,普通重型,男,67.0,戴半罩式安全帽,未使用,車的狀態,向前直行中,機車與自行車,前車頭,,,駕駛者,恍神、緊張、心不在焉分心駕駛,否,121.107134,24.987328
2026,1.0,20260125.0,111200.0,A1,桃園市政府警察局,桃園市新屋區新華路一段128號前0.0公尺,晴,有照明未開啟或故障,市區道路,50.0,單路部分,直路,路段,一般車道(未劃分快慢車道),柏油,乾燥,無缺陷,無障礙物,無遮蔽物,良好,無號誌,無號誌,行車分向線,無標記,未繪設車道線,未繪設快慢車道分隔線,有,車輛本身,撞非固定設施,駕駛者,恍神、緊張、心不在焉分心駕駛,死亡1;受傷0,2.0,,,無或物(動物、堆置物),-1.0,,,,,,,,,無(非車輛駕駛人因素),尚未發現肇事因素,否,121.107134,24.987328
2026,1.0,20260125.0,123800.0,A1,彰化縣警察局,彰化縣芬園鄉大彰路五段(139縣道9.5K往北125公尺處),晴,有照明且開啟,村里道路,40.0,單路部分,直路,路段,一般車道(未劃分快慢車道),柏油,乾燥,無缺陷,無障礙物,無遮蔽物,良好,無號誌,無號誌,雙向禁止超車線,附標記,未繪設車道線,未繪設快慢車道分隔線,有,車輛本身,路上翻車、摔倒,其他,車輛或機械操作不當(慎),死亡1;受傷0,1.0,機車,大型重型1(550C.C.以上),男,20.0,戴非半罩式安全帽,未使用,車的狀態,向前直行中,其他,不明,,,其他,車輛或機械操作不當(慎),否,120.595182,24.027583
2026,1.0,20260125.0,123800.0,A1,彰化縣警察局,彰化縣芬園鄉大彰路五段(139縣道9.5K往北125公尺處),晴,有照明且開啟,村里道路,40.0,單路部分,直路,路段,一般車道(未劃分快慢車道),柏油,乾燥,無缺陷,無障礙物,無遮蔽物,良好,無號誌,無號誌,雙向禁止超車線,附標記,未繪設車道線,未繪設快慢車道分隔線,有,車輛本身,路上翻車、摔倒,其他,車輛或機械操作不當(慎),死亡1;受傷0,2.0,,,無或物(動物、堆置物),-1.0,,,,,,,,,無(非車輛駕駛人因素),尚未發現肇事因素,否,120.595182,24.027583
2026,1.0,20260125.0,184600.0,A1,桃園市政府警察局,桃園市新屋區社子里中興路口 / 桃園市新屋區社子里中興路口,晴,有照明且開啟,市區道路,50.0,交岔路,四岔路,交叉路口,交叉路口內,柏油,乾燥,無缺陷,無障礙物,無遮蔽物,良好,行車管制號誌,正常,無,無分向設施,未繪設車道線,未繪設快慢車道分隔線,無,車與車,側撞,駕駛者,左轉彎未依規定,死亡1;受傷0,1.0,小貨車,自用,男,39.0,繫安全帶(使用幼童安全椅),未使用,車的狀態,左轉彎,汽車,右後車尾(身),,,駕駛者,左轉彎未依規定,否,121.089166,24.956581
2026,1.0,20260125.0,184600.0,A1,桃園市政府警察局,桃園市新屋區社子里中興路口 / 桃園市新屋區社子里中興路口,晴,有照明且開啟,市區道路,50.0,交岔路,四岔路,交叉路口,交叉路口內,柏油,乾燥,無缺陷,無障礙物,無遮蔽物,良好,行車管制號誌,正常,無,無分向設施,未繪設車道線,未繪設快慢車道分隔線,無,車與車,側撞,駕駛者,左轉彎未依規定,死亡1;受傷0,2.0,機車,普通重型,男,43.0,戴非半罩式安全帽,未使用,車的狀態,向前直行中,機車與自行車,前車頭,,,駕駛者,未依規定減速,否,121.089166,24.956581
2026,1.0,20260125.0,194500.0,A1,高雄市政府警察局,高雄市仁武區水管路竹後0055電號前0.0公尺,晴,有照明且開啟,市區道路,40.0,單路部分,直路,路段,慢車道,柏油,乾燥,無缺陷,無障礙物,無遮蔽物,良好,無號誌,無號誌,雙向禁止超車線,無標記,車道線(附標記),寬式快慢車道分隔島(50公分以上),無,車與車,同向擦撞,駕駛者,變換車道不當,死亡1;受傷0,1.0,小客車(含客、貨兩用),自用,男,49.0,繫安全帶(使用幼童安全椅),未使用,車的狀態,向右變換車道,汽車,右後車尾(身),,,駕駛者,變換車道不當,否,120.33282,22.706322
2026,1.0,20260125.0,194500.0,A1,高雄市政府警察局,高雄市仁武區水管路竹後0055電號前0.0公尺,晴,有照明且開啟,市區道路,40.0,單路部分,直路,路段,慢車道,柏油,乾燥,無缺陷,無障礙物,無遮蔽物,良好,無號誌,無號誌,雙向禁止超車線,無標記,車道線(附標記),寬式快慢車道分隔島(50公分以上),無,車與車,同向擦撞,駕駛者,變換車道不當,死亡1;受傷0,2.0,機車,普通重型,男,62.0,戴半罩式安全帽,未使用,車的狀態,向前直行中,機車與自行車,前車頭,,,無(車輛駕駛者因素),尚未發現肇事因素,否,120.33282,22.706322
2026,1.0,20260125.0,194500.0,A1,高雄市政府警察局,高雄市仁武區水管路竹後0055電號前0.0公尺,晴,有照明且開啟,市區道路,40.0,單路部分,直路,路段,慢車道,柏油,乾燥,無缺陷,無障礙物,無遮蔽物,良好,無號誌,無號誌,雙向禁止超車線,無標記,車道線(附標記),寬式快慢車道分隔島(50公分以上),無,車與車,同向擦撞,駕駛者,變換車道不當,死亡1;受傷0,3.0,機車,普通重型,女,64.0,戴半罩式安全帽,未使用,車的狀態,向前直行中,其他,無撞擊,,,無(車輛駕駛者因素),尚未發現肇事因素,否,120.33282,22.706322
2026,1.0,20260126.0,100500.0,A1,高雄市政府警察局,高雄市鼓山區鼓山三路 / 高雄市鼓山區迪化街,晴,有照明未開啟或故障,市區道路,50.0,交岔路,三岔路,交叉路口,交叉口附近,柏油,乾燥,無缺陷,無障礙物,無遮蔽物,良好,行車管制號誌,正常,雙向禁止超車線,無標記,未繪設車道線,快慢車道分隔線,有,車與車,同向擦撞,駕駛者,變換車道不當,死亡1;受傷0,1.0,小客車(含客、貨兩用),自用,男,22.0,繫安全帶(使用幼童安全椅),未使用,車的狀態,向右變換車道,汽車,右側車身,,,駕駛者,變換車道不當,否,120.276,22.65228
2026,1.0,20260126.0,100500.0,A1,高雄市政府警察局,高雄市鼓山區鼓山三路 / 高雄市鼓山區迪化街,晴,有照明未開啟或故障,市區道路,50.0,交岔路,三岔路,交叉路口,交叉口附近,柏油,乾燥,無缺陷,無障礙物,無遮蔽物,良好,行車管制號誌,正常,雙向禁止超車線,無標記,未繪設車道線,快慢車道分隔線,有,車與車,同向擦撞,駕駛者,變換車道不當,死亡1;受傷0,2.0,機車,普通重型,男,26.0,戴非半罩式安全帽,未使用,車的狀態,向右變換車道,機車與自行車,左側車身,,,駕駛者,未保持行車安全距離,否,120.276,22.65228
2026,1.0,20260127.0,82500.0,A1,屏東縣政府警察局,屏東縣潮州鎮三城路段近台一線,晴,無照明,市區道路,30.0,單路部分,直路,路段,路肩、路緣,柏油,乾燥,無缺陷,無障礙物,無遮蔽物,良好,無號誌,無號誌,無,無分向設施,未繪設車道線,未繪設快慢車道分隔線,有,車輛本身,撞電桿,駕駛者,恍神、緊張、心不在焉分心駕駛,死亡1;受傷1,1.0,小客車(含客、貨兩用),自用,男,53.0,不明,不明,車的狀態,向前直行中,汽車,右前車頭(身),,,駕駛者,恍神、緊張、心不在焉分心駕駛,否,120.562447,22.529417
2026,1.0,20260127.0,82500.0,A1,屏東縣政府警察局,屏東縣潮州鎮三城路段近台一線,晴,無照明,市區道路,30.0,單路部分,直路,路段,路肩、路緣,柏油,乾燥,無缺陷,無障礙物,無遮蔽物,良好,無號誌,無號誌,無,無分向設施,未繪設車道線,未繪設快慢車道分隔線,有,車輛本身,撞電桿,駕駛者,恍神、緊張、心不在焉分心駕駛,死亡1;受傷1,2.0,,,無或物(動物、堆置物),-1.0,,,,,,,,,無(物或動物),動物竄出,否,120.562447,22.529417
2026,1.0,20260127.0,82500.0,A1,屏東縣政府警察局,屏東縣潮州鎮三城路段近台一線,晴,無照明,市區道路,30.0,單路部分,直路,路段,路肩、路緣,柏油,乾燥,無缺陷,無障礙物,無遮蔽物,良好,無號誌,無號誌,無,無分向設施,未繪設車道線,未繪設快慢車道分隔線,有,車輛本身,撞電桿,駕駛者,恍神、緊張、心不在焉分心駕駛,死亡1;受傷1,3.0,,,無或物(動物、堆置物),-1.0,,,,,,,,,無(非車輛駕駛人因素),尚未發現肇事因素,否,120.562447,22.529417
2026,1.0,20260127.0,82500.0,A1,屏東縣政府警察局,屏東縣潮州鎮三城路段近台一線,晴,無照明,市區道路,30.0,單路部分,直路,路段,路肩、路緣,柏油,乾燥,無缺陷,無障礙物,無遮蔽物,良好,無號誌,無號誌,無,無分向設施,未繪設車道線,未繪設快慢車道分隔線,有,車輛本身,撞電桿,駕駛者,恍神、緊張、心不在焉分心駕駛,死亡1;受傷1,4.0,人,乘客,女,83.0,不明,非駕駛人,人的狀態,其他,其他,非汽、機及自行車,,,無(非車輛駕駛人因素),尚未發現肇事因素,否,120.562447,22.529417
2026,1.0,20260127.0,170100.0,A1,屏東縣政府警察局,屏東縣鹽埔鄉新埔路、仕正路,晴,有照明未開啟或故障,省道,60.0,交岔路,四岔路,交叉路口,交叉路口內,柏油,乾燥,無缺陷,無障礙物,無遮蔽物,良好,行車管制號誌,正常,雙向禁止超車線,無標記,禁止變換車道線(附標記),未繪設快慢車道分隔線,有,車與車,路口交岔撞,駕駛者,闖紅燈直行,死亡1;受傷0,1.0,小客車(含客、貨兩用),自用,男,41.0,繫安全帶(使用幼童安全椅),未使用,車的狀態,向前直行中,汽車,右前車頭(身),,,駕駛者,闖紅燈直行,是,120.556581,22.751024