發生年度,發生月份,發生日期,發生時間,事故類別名稱,處理單位名稱警局層,發生地點,天候名稱,光線名稱,道路類別-第1當事者-名稱,速限-第1當事者,道路型態大類別名稱,道路型態子類別名稱,事故位置大類別名稱,事故位置子類別名稱,路面狀況-路面鋪裝名稱,路面狀況-路面狀態名稱,路面狀況-路面缺陷名稱,道路障礙-障礙物名稱,道路障礙-視距品質名稱,道路障礙-視距名稱,號誌-號誌種類名稱,號誌-號誌動作名稱,車道劃分設施-分向設施大類別名稱,車道劃分設施-分向設施子類別名稱,車道劃分設施-分道設施-快車道或一般車道間名稱,車道劃分設施-分道設施-快慢車道間名稱,車道劃分設施-分道設施-路面邊線名稱,事故類型及型態大類別名稱,事故類型及型態子類別名稱,肇因研判大類別名稱-主要,肇因研判子類別名稱-主要,死亡受傷人數,當事者順位,當事者區分-類別-大類別名稱-車種,當事者區分-類別-子類別名稱-車種,當事者屬-性-別名稱,當事者事故發生時年齡,保護裝備名稱,行動電話或電腦或其他相類功能裝置名稱,當事者行動狀態大類別名稱,當事者行動狀態子類別名稱,車輛撞擊部位大類別名稱-最初,車輛撞擊部位子類別名稱-最初,車輛撞擊部位大類別名稱-其他,車輛撞擊部位子類別名稱-其他,肇因研判大類別名稱-個別,肇因研判子類別名稱-個別,肇事逃逸類別名稱-是否肇逃,經度,緯度
2026,1.0,20260131.0,91600.0,A1,臺東縣警察局,臺東縣長濱鄉台11線 81公里500.0公尺處,陰,有照明未開啟或故障,省道,40.0,單路部分,直路,路段,慢車道,柏油,乾燥,無缺陷,無障礙物,無遮蔽物,良好,無號誌,無號誌,雙向禁止超車線,附標記,未繪設車道線,快慢車道分隔線,有,車與車,其他,其他,其他不當駕車行為,死亡1;受傷0,2.0,小貨車,自用,男,52.0,不明,未使用,車的狀態,靜止(引擎熄火),汽車,後車尾,,,其他,違規(臨時)停車,否,121.467333,23.35103
2026,1.0,20260131.0,111500.0,A1,臺東縣警察局,臺東縣臺東市重慶路與中華路三段137巷108弄口,晴,有照明未開啟或故障,市區道路,30.0,交岔路,四岔路,交叉路口,交叉口附近,柏油,乾燥,無缺陷,無障礙物,無遮蔽物,良好,無號誌,無號誌,無,無分向設施,未繪設車道線,未繪設快慢車道分隔線,有,車與車,路口交岔撞,駕駛者,無號誌路口，左方車未讓右方車先行,死亡1;受傷0,1.0,機車,普通重型,男,65.0,戴半罩式安全帽,未使用,車的狀態,向前直行中,機車與自行車,右側車身,,,駕駛者,無號誌路口，左方車未讓右方車先行,否,121.121088,22.732979
2026,1.0,20260131.0,111500.0,A1,臺東縣警察局,臺東縣臺東市重慶路與中華路三段137巷108弄口,晴,有照明未開啟或故障,市區道路,30.0,交岔路,四岔路,交叉路口,交叉口附近,柏油,乾燥,無缺陷,無障礙物,無遮蔽物,良好,無號誌,無號誌,無,無分向設施,未繪設車道線,未繪設快慢車道分隔線,有,車與車,路口交岔撞,駕駛者,無號誌路口，左方車未讓右方車先行,死亡1;受傷0,2.0,小客車(含客、貨兩用),自用,男,35.0,繫安全帶(使用幼童安全椅),未使用,車的狀態,向前直行中,汽車,左前車頭(身),,,其他,其他不當駕車行為,否,121.121088,22.732979
2026,1.0,20260131.0,121342.0,A1,南投縣政府警察局,南投縣埔里鎮中正路1330號前0.0公尺,晴,有照明未開啟或故障,村里道路,40.0,單路部分,直路,路段,一般車道(未劃分快慢車道),柏油,乾燥,無缺陷,無障礙物,無遮蔽物,良好,無號誌,無號誌,行車分向線,無標記,未繪設車道線,未繪設快慢車道分隔線,有,車輛本身,撞護欄(樁),其他,其他不當駕車行為,死亡1;受傷0,1.0,機車,普通重型,男,59.0,戴非半罩式安全帽,不明,車的狀態,向前直行中,機車與自行車,前車頭,,,其他,其他不當駕車行為,否,120.95475,24.0092
2026,1.0,20260131.0,121342.0,A1,南投縣政府警察局,南投縣埔里鎮中正路1330號前0.0公尺,晴,有照明未開啟或故障,村里道路,40.0,單路部分,直路,路段,一般車道(未劃分快慢車道),柏油,乾燥,無缺陷,無障礙物,無遮蔽物,良好,無號誌,無號誌,行車分向線,無標記,未繪設車道線,未繪設快慢車道分隔線,有,車輛本身,撞護欄(樁),其他,其他不當駕車行為,死亡1;受傷0,2.0,,,無或物(動物、堆置物),-1.0,,,,,,,,,無(非車輛駕駛人因素),尚未發現肇事因素,否,120.95475,24.0092
2026,1.0,20260131.0,225500.0,A1,國道公路警察局,臺中市外埔區國道3號 165公里南向中線,陰,有照明且開啟,國道,110.0,單路部分,直路,路段,快車道,柏油,乾燥,無缺陷,無障礙物,無遮蔽物,良好,無號誌,無號誌,中央分向島,寬式(50公分以上),車道線(附標記),未繪設快慢車道分隔線,有,車與車,同向擦撞,駕駛者,恍神、緊張、心不在焉分心駕駛,死亡1;受傷2,1.0,小客車(含客、貨兩用),自用,男,20.0,繫安全帶(使用幼童安全椅),未使用,車的狀態,向前直行中,汽車,左側車身,,,駕駛者,恍神、緊張、心不在焉分心駕駛,否,120.642742,24.337025
2026,1.0,20260131.0,225500.0,A1,國道公路警察局,臺中市外埔區國道3號 165公里南向中線,陰,有照明且開啟,國道,110.0,單路部分,直路,路段,快車道,柏油,乾燥,無缺陷,無障礙物,無遮蔽物,良好,無號誌,無號誌,中央分向島,寬式(50公分以上),車道線(附標記),未繪設快慢車道分隔線,有,車與車,同向擦撞,駕駛者,恍神、緊張、心不在焉分心駕駛,死亡1;受傷2,2.0,小客車(含客、貨兩用),自用,女,55.0,繫安全帶(使用幼童安全椅),未使用,車的狀態,向前直行中,汽車,右側車身,汽車,前車頭,無(車輛駕駛者因素),尚未發現肇事因素,否,120.642742,24.337025
2026,1.0,20260131.0,225500.0,A1,國道公路警察局,臺中市外埔區國道3號 165公里南向中線,陰,有照明且開啟,國道,110.0,單路部分,直路,路段,快車道,柏油,乾燥,無缺陷,無障礙物,無遮蔽物,良好,無號誌,無號誌,中央分向島,寬式(50公分以上),車道線(附標記),未繪設快慢車道分隔線,有,車與車,同向擦撞,駕駛者,恍神、緊張、心不在焉分心駕駛,死亡1;受傷2,3.0,,,無或物(動物、堆置物),-1.0,,,,,,,,,無(非車輛駕駛人因素),尚未發現肇事因素,否,120.642742,24.337025
2026,1.0,20260131.0,225500.0,A1,國道公路警察局,臺中市外埔區國道3號 165公里南向中線,陰,有照明且開啟,國道,110.0,單路部分,直路,路段,快車道,柏油,乾燥,無缺陷,無障礙物,無遮蔽物,良好,無號誌,無號誌,中央分向島,寬式(50公分以上),車道線(附標記),未繪設快慢車道分隔線,有,車與車,同向擦撞,駕駛者,恍神、緊張、心不在焉分心駕駛,死亡1;受傷2,4.0,小貨車,自用,男,47.0,繫安全帶(使用幼童安全椅),未使用,車的狀態,向前直行中,汽車,前車頭,汽車,右側車身,無(車輛駕駛者因素),尚未發現肇事因素,否,120.642742,24.337025
2026,1.0,20260131.0,225500.0,A1,國道公路警察局,臺中市外埔區國道3號 165公里南向中線,陰,有照明且開啟,國道,110.0,單路部分,直路,路段,快車道,柏油,乾燥,無缺陷,無障礙物,無遮蔽物,良好,無號誌,無號誌,中央分向島,寬式(50公分以上),車道線(附標記),未繪設快慢車道分隔線,有,車與車,同向擦撞,駕駛者,恍神、緊張、心不在焉分心駕駛,死亡1;受傷2,5.0,,,無或物(動物、堆置物),-1.0,,,,,,,,,無(非車輛駕駛人因素),尚未發現肇事因素,否,120.642742,24.337025
2026,1.0,20260131.0,225500.0,A1,國道公路警察局,臺中市外埔區國道3號 165公里南向中線,陰,有照明且開啟,國道,110.0,單路部分,直路,路段,快車道,柏油,乾燥,無缺陷,無障礙物,無遮蔽物,良好,無號誌,無號誌,中央分向島,寬式(50公分以上),車道線(附標記),未繪設快慢車道分隔線,有,車與車,同向擦撞,駕駛者,恍神、緊張、心不在焉分心駕駛,死亡1;受傷2,6.0,人,乘客,女,53.0,繫安全帶(使用幼童安全椅),非駕駛人,人的狀態,靜立(止),其他,非汽、機及自行車,,,無(非車輛駕駛人因素),尚未發現肇事因素,否,120.642742,24.337025
2026,2.0,20260201.0,12600.0,A1,臺南市政府警察局,臺南市麻豆區安正里柚安路一段661號前排水溝(南49線6.6公里處),晴,有照明且開啟,市區道路,50.0,單路部分,直路,路段,路肩、路緣,柏油,乾燥,無缺陷,無障礙物,無遮蔽物,良好,無號誌,無號誌,行車分向線,附標記,未繪設車道線,未繪設快慢車道分隔線,有,車輛本身,衝出路外,駕駛者,恍神、緊張、心不在焉分心駕駛,死亡1;受傷1,1.0,機車,普通重型,男,58.0,戴非半罩式安全帽,不明,車的狀態,向前直行中,其他,無撞擊,,,駕駛者,恍神、緊張、心不在焉分心駕駛,否,120.226661,23.160775
2026,2.0,20260201.0,12600.0,A1,臺南市政府警察局,臺南市麻豆區安正里柚安路一段661號前排水溝(南49線6.6公里處),晴,有照明且開啟,市區道路,50.0,單路部分,直路,路段,路肩、路緣,柏油,乾燥,無缺陷,無障礙物,無遮蔽物,良好,無號誌,無號誌,行車分向線,附標記,未繪設車道線,未繪設快慢車道分隔線,有,車輛本身,衝出路外,駕駛者,恍神、緊張、心不在焉分心駕駛,死亡1;受傷1,2.0,,,無或物(動物、堆置物),-1.0,,,,,,,,,無(非車輛駕駛人因素),尚未發現肇事因素,否,120.226661,23.160775
2026,2.0,20260201.0,12600.0,A1,臺南市政府警察局,臺南市麻豆區安正里柚安路一段661號前排水溝(南49線6.6公里處),晴,有照明且開啟,市區道路,50.0,單路部分,直路,路段,路肩、路緣,柏油,乾燥,無缺陷,無障礙物,無遮蔽物,良好,無號誌,無號誌,行車分向線,附標記,未繪設車道線,未繪設快慢車道分隔線,有,車輛本身,衝出路外,駕駛者,恍神、緊張、心不在焉分心駕駛,死亡1;受傷1,3.0,人,乘客,男,71.0,戴半罩式安全帽,非駕駛人,人的狀態,其他,其他,非汽、機及自行車,,,無(非車輛駕駛人因素),尚未發現肇事因素,否,120.226661,23.160775
2026,2.0,20260201.0,50300.0,A1,新竹市警察局,新竹市香山區中華路四段613號,雨,有照明且開啟,市區道路,60.0,單路部分,直路,路段,一般車道(未劃分快慢車道),柏油,濕潤,無缺陷,無障礙物,無遮蔽物,良好,無號誌,無號誌,中央分向島,寬式(50公分以上),車道線(無標記),未繪設快慢車道分隔線,有,車輛本身,其他,駕駛者,酒醉(後)駕駛,死亡1;受傷0,1.0,機車,普通重型,女,49.0,戴非半罩式安全帽,未使用,車的狀態,向前直行中,機車與自行車,前車頭,,,駕駛者,酒醉(後)駕駛,否,120.932155,24.789457
2026,2.0,20260201.0,50300.0,A1,新竹市警察局,新竹市香山區中華路四段613號,雨,有照明且開啟,市區道路,60.0,單路部分,直路,路段,一般車道(未劃分快慢車道),柏油,濕潤,無缺陷,無障礙物,無遮蔽物,良好,無號誌,無號誌,中央分向島,寬式(50公分以上),車道線(無標記),未繪設快慢車道分隔線,有,車輛本身,其他,駕駛者,酒醉(後)駕駛,死亡1;受傷0,2.0,,,無或物(動物、堆置物),-1.0,,,,,,,,,非駕駛者,其他引起事故之疏失或行為,否,120.932155,24.789457
2026,2.0,20260201.0,50300.0,A1,新竹市警察局,新竹市香山區中華路四段613號,雨,有照明且開啟,市區道路,60.0,單路部分,直路,路段,一般車道(未劃分快慢車道),柏油,濕潤,無缺陷,無障礙物,無遮蔽物,良好,無號誌,無號誌,中央分向島,寬式(50公分以上),車道線(無標記),未繪設快慢車道分隔線,有,車輛本身,其他,駕駛者,酒醉(後)駕駛,死亡1;受傷0,3.0,小客車(含客、貨兩用),自用,女,71.0,不明,未使用,車的狀態,靜止(引擎熄火),汽車,左後車尾(身),,,無(車輛駕駛者因素),尚未發現肇事因素,否,120.932155,24.789457
2026,2.0,20260201.0,70000.0,A1,保安警察第二總隊,臺中市大雅區橫山里永和路六甲巷橫山公園廁所外,陰,有照明未開啟或故障,村里道路,30.0,單路部分,彎曲路及附近,路段,路肩、路緣,柏油,乾燥,無缺陷,無障礙物,無遮蔽物,良好,無號誌,無號誌,無,無分向設施,未繪設車道線,未繪設快慢車道分隔線,無,車輛本身,撞護欄(樁),駕駛者,酒醉(後)駕駛,死亡1;受傷0,1.0,機車,普通重型,男,26.0,戴半罩式安全帽,不明,車的狀態,向前直行中,機車與自行車,前車頭,機車與自行車,右側車身,駕駛者,酒醉(後)駕駛,否,120.625721,24.211375
2026,2.0,20260201.0,70000.0,A1,保安警察第二總隊,臺中市大雅區橫山里永和路六甲巷橫山公園廁所外,陰,有照明未開啟或故障,村里道路,30.0,單路部分,彎曲路及附近,路段,路肩、路緣,柏油,乾燥,無缺陷,無障礙物,無遮蔽物,良好,無號誌,無號誌,無,無分向設施,未繪設車道線,未繪設快慢車道分隔線,無,車輛本身,撞護欄(樁),駕駛者,酒醉(後)駕駛,死亡1;受傷0,2.0,,,無或物(動物、堆置物),-1.0,,,,,,,,,無(非車輛駕駛人因素),尚未發現肇事因素,否,120.625721,24.211375
2026,2.0,20260201.0,152600.0,A1,高雄市政府警察局,高雄市楠梓區高楠公路 / 高雄市楠梓區高楠公路,晴,無照明,市區道路,40.0,交岔路,三岔路,交叉路口,交叉路口內,柏油,乾燥,無缺陷,無障礙物,無遮蔽物,良好,行車管制號誌,正常,無,無分向設施,未繪設車道線,未繪設快慢車道分隔線,有,車與車,路口交岔撞,駕駛者,闖紅燈直行,死亡1;受傷0,1.0,機車,普通重型,男,79.0,戴非半罩式安全帽,未使用,車的狀態,向前直行中,機車與自行車,左側車身,,,駕駛者,闖紅燈直行,否,120.320981,22.730626
2026,2.0,20260201.0,152600.0,A1,高雄市政府警察局,高雄市楠梓區高楠公路 / 高雄市楠梓區高楠公路,晴,無照明,市區道路,40.0,交岔路,三岔路,交叉路口,交叉路口內,柏油,乾燥,無缺陷,無障礙物,無遮蔽物,良好,行車管制號誌,正常,無,無分向設施,未繪設車道線,未繪設快慢車道分隔線,有,車與車,路口交岔撞,駕駛者,闖紅燈直行,死亡1;受傷0,2.0,小客車(含客、貨兩用),自用,男,44.0,繫安全帶(使用幼童安全椅),未使用,車的狀態,向前直行中,汽車,前車頭,,,無(車輛駕駛者因素),尚未發現肇事因素,否,120.320981,22.730626
2026,2.0,20260202.0,61900.0,A1,臺南市政府警察局,臺南市官田區隆田里隆西街76號前(南62線2.5公里處),雨,有照明且開啟,市區道路,50.0,單路部分,直路,路段,一般車道(未劃分快慢車道),柏油,濕潤,無缺陷,無障礙物,無遮蔽物,良好,無號誌,無號誌,行車分向線,無標記,未繪設車道線,未繪設快慢車道分隔線,有,人與車,穿越道路中,非駕駛者,穿越道路未注意左右來車,死亡1;受傷0,1.0,人,行人,女,83.0,其他(無需使用保護裝備之人),非駕駛人,人的狀態,步行,其他,非汽、機及自行車,,,非駕駛者,穿越道路未注意左右來車,否,120.305548,23.191558
2026,2.0,20260202.0,61900.0,A1,臺南市政府警察局,臺南市官田區隆田里隆西街76號前(南62線2.5公里處),雨,有照明且開啟,市區道路,50.0,單路部分,直路,路段,一般車道(未劃分快慢車道),柏油,濕潤,無缺陷,無障礙物,無遮蔽物,良好,無號誌,無號誌,行車分向線,無標記,未繪設車道線,未繪設快慢車道分隔線,有,人與車,穿越道路中,非駕駛者,穿越道路未注意左右來車,死亡1;受傷0,2.0,小貨車,營業用,男,29.0,繫安全帶(使用幼童安全椅),未使用,車的狀態,向前直行中,汽車,左前車頭(身),,,駕駛者,恍神、緊張、心不在焉分心駕駛,否,120.305548,23.191558
2026,2.0,20260202.0,104900.0,A1,臺北市政府警察局,臺北市信義區光復南路 / 臺北市信義區文昌街,晴,有照明且開啟,市區道路,50.0,交岔路,四岔路,交叉路口,交叉路口內,柏油,乾燥,無缺陷,無障礙物,無遮蔽物,良好,行車管制號誌,正常,雙向禁止超車線,無標記,未繪設車道線,未繪設快慢車道分隔線,無,車與車,路口交岔撞,駕駛者,恍神、緊張、心不在焉分心駕駛,死亡1;受傷0,1.0,大貨車,營業用,男,54.0,繫安全帶(使用幼童安全椅),未使用,車的狀態,起步,汽車,前車頭,,,駕駛者,恍神、緊張、心不在焉分心駕駛,否,121.557492,25.032152
2026,2.0,20260202.0,104900.0,A1,臺北市政府警察局,臺北市信義區光復南路 / 臺北市信義區文昌街,晴,有照明且開啟,市區道路,50.0,交岔路,四岔路,交叉路口,交叉路口內,柏油,乾燥,無缺陷,無障礙物,無遮蔽物,良好,行車管制號誌,正常,雙向禁止超車線,無標記,未繪設車道線,未繪設快慢車道分隔線,無,車與車,路口交岔撞,駕駛者,恍神、緊張、心不在焉分心駕駛,死亡1;受傷0,2.0,慢車,腳踏自行車,女,51.0,其他(無需使用保護裝備之人),未使用,車的狀態,其他,機車與自行車,左側車身,,,其他,其他不當駕車行為,否,121.557492,25.032152
2026,2.0,20260202.0,105300.0,A1,高雄市政府警察局,高雄市六龜區復興巷9之2號號前0.0公尺附近,晴,有照明且開啟,市區道路,50.0,單路部分,直路,路段,一般車道(未劃分快慢車道),柏油,乾燥,無缺陷,無障礙物,無遮蔽物,良好,無號誌,無號誌,雙向禁止超車線,附標記,禁止變換車道線(無標記),未繪設快慢車道分隔線,有,車與車,側撞,駕駛者,違反其他標誌(線)禁制,死亡1;受傷1,1.0,機車,普通重型,女,82.0,戴半罩式安全帽,未使用,車的狀態,左轉彎,機車與自行車,左側車身,,,駕駛者,違反其他標誌(線)禁制,否,120.642183,22.965622
2026,2.0,20260202.0,105300.0,A1,高雄市政府警察局,高雄市六龜區復興巷9之2號號前0.0公尺附近,晴,有照明且開啟,市區道路,50.0,單路部分,直路,路段,一般車道(未劃分快慢車道),柏油,乾燥,無缺陷,無障礙物,無遮蔽物,良好,無號誌,無號誌,雙向禁止超車線,附標記,禁止變換車道線(無標記),未繪設快慢車道分隔線,有,車與車,側撞,駕駛者,違反其他標誌(線)禁制,死亡1;受傷1,2.0,機車,普通重型,女,60.0,戴非半罩式安全帽,未使用,車的狀態,向前直行中,機車與自行車,前車頭,,,駕駛者,恍神、緊張、心不在焉分心駕駛,否,120.642183,22.965622
2026,2.0,20260202.0,162800.0,A1,臺中市政府警察局,臺中市南區德義里國光路 / 臺中市南區德義里復新街,晴,有照明未開啟或故障,市區道路,50.0,交岔路,三岔路,路段,一般車道(未劃分快慢車道),柏油,乾燥,無缺陷,無障礙物,無遮蔽物,良好,無號誌,無號誌,中央分向島,寬式(50公分以上),車道線(無標記),未繪設快慢車道分隔線,無,車輛本身,撞護欄(樁),其他,其他不當駕車行為,死亡1;受傷0,1.0,小客車(含客、貨兩用),自用,男,75.0,繫安全帶(使用幼童安全椅),未使用,車的狀態,向前直行中,汽車,前車頭,,,其他,其他不當駕車行為,否,120.679425,24.124903
2026,2.0,20260202.0,162800.0,A1,臺中市政府警察局,臺中市南區德義里國光路 / 臺中市南區德義里復新街,晴,有照明未開啟或故障,市區道路,50.0,交岔路,三岔路,路段,一般車道(未劃分快慢車道),柏油,乾燥,無缺陷,無障礙物,無遮蔽物,良好,無號誌,無號誌,中央分向島,寬式(50公分以上),車道線(無標記),未繪設快慢車道分隔線,無,車輛本身,撞護欄(樁),其他,其他不當駕車行為,死亡1;受傷0,2.0,,,無或物(動物、堆置物),0.0,,,,,,,,,無(非車輛駕駛人因素),尚未發現肇事因素,否,120.679425,24.124903
2026,2.0,20260202.0,182525.0,A1,桃園市政府警察局,桃園市大溪區員林路一段口 / 桃園市大溪區新興街口,雨,有照明且開啟,市區道路,50.0,交岔路,多岔路,交叉路口,交叉路口內,柏油,濕潤,無缺陷,無障礙物,無遮蔽物,良好,行車管制號誌,正常,無,無分向設施,未繪設車道線,未繪設快慢車道分隔線,無,車與車,追撞,駕駛者,變換車道不當,死亡1;受傷0,1.0,機車,普通重型,女,46.0,戴半罩式安全帽,未使用,車的狀態,向左變換車道,機車與自行車,後車尾,,,駕駛者,變換車道不當,否,121.283036,24.898633
2026,2.0,20260202.0,182525.0,A1,桃園市政府警察局,桃園市大溪區員林路一段口 / 桃園市大溪區新興街口,雨,有照明且開啟,市區道路,50.0,交岔路,多岔路,交叉路口,交叉路口內,柏油,濕潤,無缺陷,無障礙物,無遮蔽物,良好,行車管制號誌,正常,無,無分向設施,未繪設車道線,未繪設快慢車道分隔線,無,車與車,追撞,駕駛者,變換車道不當,死亡1;受傷0,2.0,大貨車,營業用,男,59.0,繫安全帶(使用幼童安全椅),未使用,車的狀態,向前直行中,汽車,右前車頭(身),,,無(車輛駕駛者因素),尚未發現肇事因素,否,121.283036,24.898633
2026,2.0,20260202.0,195538.0,A1,彰化縣警察局,彰化縣埔心鄉埔心村埔新路388號附近,晴,有照明且開啟,村里道路,60.0,交岔路,三岔路,交叉路口,交叉口附近,柏油,乾燥,無缺陷,無障礙物,無遮蔽物,良好,無號誌,無號誌,中央分向島,寬式(50公分以上),車道線(無標記),未繪設快慢車道分隔線,有,車輛本身,路上翻車、摔倒,駕駛者,酒醉(後)駕駛,死亡1;受傷0,1.0,慢車,微型電動二輪車,男,41.0,戴半罩式安全帽,不明,不明,不明,其他,不明,其他,不明,駕駛者,酒醉(後)駕駛,否,120.536982,23.96013
2026,2.0,20260202.0,195538.0,A1,彰化縣警察局,彰化縣埔心鄉埔心村埔新路388號附近,晴,有照明且開啟,村里道路,60.0,交岔路,三岔路,交叉路口,交叉口附近,柏油,乾燥,無缺陷,無障礙物,無遮蔽物,良好,無號誌,無號誌,中央分向島,寬式(50公分以上),車道線(無標記),未繪設快慢車道分隔線,有,車輛本身,路上翻車、摔倒,駕駛者,酒醉(後)駕駛,死亡1;受傷0,2.0,,,無或物(動物、堆置物),-1.0,,,,,,,,,無(非車輛駕駛人因素),尚未發現肇事因素,否,120.536982,23.96013
2026,2.0,20260202.0,214000.0,A1,臺北市政府警察局,臺北市內湖區康寧路1段 / 臺北市內湖區康寧路1段,陰,有照明且開啟,市區道路,40.0,交岔路,三岔路,交叉路口,交叉路口內,柏油,濕潤,無缺陷,無障礙物,無遮蔽物,良好,無號誌,無號誌,無,無分向設施,未繪設車道線,未繪設快慢車道分隔線,無,人與車,對向通行中,駕駛者,車輛未依規定暫停讓行人先行,死亡1;受傷0,1.0,小客車(含客、貨兩用),自用,男,47.0,繫安全帶(使用幼童安全椅),未使用,車的狀態,左轉彎,汽車,左前車頭(身),,,駕駛者,車輛未依規定暫停讓行人先行,否,121.598138,25.078773
2026,2.0,20260202.0,214000.0,A1,臺北市政府警察局,臺北市內湖區康寧路1段 / 臺北市內湖區康寧路1段,陰,有照明且開啟,市區道路,40.0,交岔路,三岔路,交叉路口,交叉路口內,柏油,濕潤,無缺陷,無障礙物,無遮蔽物,良好,無號誌,無號誌,無,無分向設施,未繪設車道線,未繪設快慢車道分隔線,無,人與車,對向通行中,駕駛者,車輛未依規定暫停讓行人先行,死亡1;受傷0,2.0,人,行人,男,38.0,其他(無需使用保護裝備之人),非駕駛人,人的狀態,步行,其他,非汽、機及自行車,,,無(非車輛駕駛人因素),尚未發現肇事因素,否,121.598138,25.078773
2026,2.0,20260202.0,214000.0,A1,臺北市政府警察局,臺北市內湖區康寧路1段 / 臺北市內湖區康寧路1段,陰,有照明且開啟,市區道路,40.0,交岔路,三岔路,交叉路口,交叉路口內,柏油,濕潤,無缺陷,無障礙物,無遮蔽物,良好,無號誌,無號誌,無,無分向設施,未繪設車道線,未繪設快慢車道分隔線,無,人與車,對向通行中,駕駛者,車輛未依規定暫停讓行人先行,死亡1;受傷0,3.0,機車,普通重型,女,75.0,不明,不明,不明,不明,機車與自行車,後車尾,,,無(車輛駕駛者因素),尚未發現肇事因素,否,121.598138,25.078773
2026,2.0,20260202.0,214000.0,A1,臺北市政府警察局,臺北市內湖區康寧路1段 / 臺北市內湖區康寧路1段,陰,有照明且開啟,市區道路,40.0,交岔路,三岔路,交叉路口,交叉路口內,柏油,濕潤,無缺陷,無障礙物,無遮蔽物,良好,無號誌,無號誌,無,無分向設施,未繪設車道線,未繪設快慢車道分隔線,無,人與車,對向通行中,駕駛者,車輛未依規定暫停讓行人先行,死亡1;受傷0,4.0,機車,普通重型,女,54.0,不明,不明,車的狀態,靜止(引擎熄火),機車與自行車,後車尾,,,無(車輛駕駛者因素),尚未發現肇事因素,否,121.598138,25.078773
2026,2.0,20260202.0,214000.0,A1,臺北市政府警察局,臺北市內湖區康寧路1段 / 臺北市內湖區康寧路1段,陰,有照明且開啟,市區道路,40.0,交岔路,三岔路,交叉路口,交叉路口內,柏油,濕潤,無缺陷,無障礙物,無遮蔽物,良好,無號誌,無號誌,無,無分向設施,未繪設車道線,未繪設快慢車道分隔線,無,人與車,對向通行中,駕駛者,車輛未依規定暫停讓行人先行,死亡1;受傷0,5.0,機車,普通重型,男,40.0,戴半罩式安全帽,未使用,車的狀態,靜止(引擎熄火),機車與自行車,後車尾,,,無(車輛駕駛者因素),尚未發現肇事因素,否,121.598138,25.078773
2026,2.0,20260202.0,214000.0,A1,臺北市政府警察局,臺北市內湖區康寧路1段 / 臺北市內湖區康寧路1段,陰,有照明且開啟,市區道路,40.0,交岔路,三岔路,交叉路口,交叉路口內,柏油,濕潤,無缺陷,無障礙物,無遮蔽物,良好,無號誌,無號誌,無,無分向設施,未繪設車道線,未繪設快慢車道分隔線,無,人與車,對向通行中,駕駛者,車輛未依規定暫停讓行人先行,死亡1;受傷0,6.0,機車,普通重型,男,63.0,不明,不明,不明,不明,機車與自行車,後車尾,,,無(車輛駕駛者因素),尚未發現肇事因素,否,121.598138,25.078773
2026,2.0,20260202.0,214000.0,A1,臺北市政府警察局,臺北市內湖區康寧路1段 / 臺北市內湖區康寧路1段,陰,有照明且開啟,市區道路,40.0,交岔路,三岔路,交叉路口,交叉路口內,柏油,濕潤,無缺陷,無障礙物,無遮蔽物,良好,無號誌,無號誌,無,無分向設施,未繪設車道線,未繪設快慢車道分隔線,無,人與車,對向通行中,駕駛者,車輛未依規定暫停讓行人先行,死亡1;受傷0,7.0,機車,普通重型,男,46.0,不明,不明,不明,不明,機車與自行車,後車尾,,,無(車輛駕駛者因素),尚未發現肇事因素,否,121.598138,25.078773
2026,2.0,20260202.0,214000.0,A1,臺北市政府警察局,臺北市內湖區康寧路1段 / 臺北市內湖區康寧路1段,陰,有照明且開啟,市區道路,40.0,交岔路,三岔路,交叉路口,交叉路口內,柏油,濕潤,無缺陷,無障礙物,無遮蔽物,良好,無號誌,無號誌,無,無分向設施,未繪設車道線,未繪設快慢車道分隔線,無,人與車,對向通行中,駕駛者,車輛未依規定暫停讓行人先行,死亡1;受傷0,8.0,機車,普通重型,男,39.0,戴半罩式安全帽,未使用,車的狀態,靜止(引擎熄火),機車與自行車,後車尾,,,無(車輛駕駛者因素),尚未發現肇事因素,否,121.598138,25.078773
2026,2.0,20260203.0,1000.0,A1,國道公路警察局,臺南市仁德區國道1號 334公里300.0公尺處南向外側,晴,無照明,國道,110.0,單路部分,直路,路段,快車道,柏油,乾燥,無缺陷,無障礙物,無遮蔽物,良好,無號誌,無號誌,中央分向島,寬式(50公分以上),車道線(附標記),未繪設快慢車道分隔線,有,車與車,追撞,駕駛者,吸食違禁物駕駛,死亡1;受傷0,1.0,小客車(含客、貨兩用),自用,男,33.0,不明,不明,車的狀態,向前直行中,汽車,前車頭,,,駕駛者,吸食違禁物駕駛,否,120.250098,22.941378
2026,2.0,20260203.0,1000.0,A1,國道公路警察局,臺南市仁德區國道1號 334公里300.0公尺處南向外側,晴,無照明,國道,110.0,單路部分,直路,路段,快車道,柏油,乾燥,無缺陷,無障礙物,無遮蔽物,良好,無號誌,無號誌,中央分向島,寬式(50公分以上),車道線(附標記),未繪設快慢車道分隔線,有,車與車,追撞,駕駛者,吸食違禁物駕駛,死亡1;受傷0,2.0,半聯結車,營業用,男,57.0,繫安全帶(使用幼童安全椅),未使用,車的狀態,向前直行中,汽車,後車尾,,,無(車輛駕駛者因素),尚未發現肇事因素,否,120.250098,22.941378