發生年度,發生月份,發生日期,發生時間,事故類別名稱,處理單位名稱警局層,發生地點,天候名稱,光線名稱,道路類別-第1當事者-名稱,速限-第1當事者,道路型態大類別名稱,道路型態子類別名稱,事故位置大類別名稱,事故位置子類別名稱,路面狀況-路面鋪裝名稱,路面狀況-路面狀態名稱,路面狀況-路面缺陷名稱,道路障礙-障礙物名稱,道路障礙-視距品質名稱,道路障礙-視距名稱,號誌-號誌種類名稱,號誌-號誌動作名稱,車道劃分設施-分向設施大類別名稱,車道劃分設施-分向設施子類別名稱,車道劃分設施-分道設施-快車道或一般車道間名稱,車道劃分設施-分道設施-快慢車道間名稱,車道劃分設施-分道設施-路面邊線名稱,事故類型及型態大類別名稱,事故類型及型態子類別名稱,肇因研判大類別名稱-主要,肇因研判子類別名稱-主要,死亡受傷人數,當事者順位,當事者區分-類別-大類別名稱-車種,當事者區分-類別-子類別名稱-車種,當事者屬-性-別名稱,當事者事故發生時年齡,保護裝備名稱,行動電話或電腦或其他相類功能裝置名稱,當事者行動狀態大類別名稱,當事者行動狀態子類別名稱,車輛撞擊部位大類別名稱-最初,車輛撞擊部位子類別名稱-最初,車輛撞擊部位大類別名稱-其他,車輛撞擊部位子類別名稱-其他,肇因研判大類別名稱-個別,肇因研判子類別名稱-個別,肇事逃逸類別名稱-是否肇逃,經度,緯度
2026,2.0,20260203.0,171535.0,A1,苗栗縣警察局,苗栗縣公館鄉北河11號、北河002路燈旁,晴,有照明未開啟或故障,鄉道,50.0,單路部分,直路,路段,一般車道(未劃分快慢車道),柏油,乾燥,無缺陷,無障礙物,無遮蔽物,良好,無號誌,無號誌,雙向禁止超車線,無標記,車道線(無標記),未繪設快慢車道分隔線,有,車與車,對撞,駕駛者,逆向行駛,死亡1;受傷2,1.0,小客車(含客、貨兩用),自用,女,59.0,繫安全帶(使用幼童安全椅),未使用,車的狀態,向前直行中,汽車,前車頭,,,駕駛者,逆向行駛,否,120.844864,24.540233
2026,2.0,20260203.0,171535.0,A1,苗栗縣警察局,苗栗縣公館鄉北河11號、北河002路燈旁,晴,有照明未開啟或故障,鄉道,50.0,單路部分,直路,路段,一般車道(未劃分快慢車道),柏油,乾燥,無缺陷,無障礙物,無遮蔽物,良好,無號誌,無號誌,雙向禁止超車線,無標記,車道線(無標記),未繪設快慢車道分隔線,有,車與車,對撞,駕駛者,逆向行駛,死亡1;受傷2,2.0,小客車(含客、貨兩用),自用,男,40.0,繫安全帶(使用幼童安全椅),未使用,車的狀態,向前直行中,汽車,前車頭,,,無(車輛駕駛者因素),尚未發現肇事因素,否,120.844864,24.540233
2026,2.0,20260203.0,171535.0,A1,苗栗縣警察局,苗栗縣公館鄉北河11號、北河002路燈旁,晴,有照明未開啟或故障,鄉道,50.0,單路部分,直路,路段,一般車道(未劃分快慢車道),柏油,乾燥,無缺陷,無障礙物,無遮蔽物,良好,無號誌,無號誌,雙向禁止超車線,無標記,車道線(無標記),未繪設快慢車道分隔線,有,車與車,對撞,駕駛者,逆向行駛,死亡1;受傷2,3.0,人,乘客,女,41.0,不明,非駕駛人,不明,不明,其他,無撞擊,,,無(非車輛駕駛人因素),尚未發現肇事因素,否,120.844864,24.540233
2026,2.0,20260204.0,52812.0,A1,新竹縣政府警察局,新竹縣竹北市勝利七街1段附近 / 新竹縣竹北市莊敬三路附近,晴,有照明且開啟,市區道路,50.0,交岔路,四岔路,其他,行人穿越道,柏油,乾燥,無缺陷,無障礙物,無遮蔽物,良好,行車管制號誌(附設行人專用號誌),正常,雙向禁止超車線,無標記,未繪設車道線,未繪設快慢車道分隔線,無,人與車,穿越道路中,駕駛者,車輛未依規定暫停讓行人先行,死亡1;受傷0,1.0,小客車(含客、貨兩用),自用,女,50.0,繫安全帶(使用幼童安全椅),未使用,車的狀態,左轉彎,汽車,左前車頭(身),,,駕駛者,車輛未依規定暫停讓行人先行,否,121.0266,24.825688
2026,2.0,20260204.0,52812.0,A1,新竹縣政府警察局,新竹縣竹北市勝利七街1段附近 / 新竹縣竹北市莊敬三路附近,晴,有照明且開啟,市區道路,50.0,交岔路,四岔路,其他,行人穿越道,柏油,乾燥,無缺陷,無障礙物,無遮蔽物,良好,行車管制號誌(附設行人專用號誌),正常,雙向禁止超車線,無標記,未繪設車道線,未繪設快慢車道分隔線,無,人與車,穿越道路中,駕駛者,車輛未依規定暫停讓行人先行,死亡1;受傷0,2.0,人,行人,男,55.0,其他(無需使用保護裝備之人),非駕駛人,人的狀態,步行,其他,非汽、機及自行車,,,無(非車輛駕駛人因素),尚未發現肇事因素,否,121.0266,24.825688
2026,2.0,20260204.0,64600.0,A1,臺東縣警察局,臺東縣臺東市中興路六段386號前,晴,有照明未開啟或故障,市區道路,60.0,單路部分,直路,路段,路肩、路緣,柏油,乾燥,無缺陷,無障礙物,無遮蔽物,良好,無號誌,無號誌,中央分向島,窄式附柵欄,車道線(無標記),未繪設快慢車道分隔線,有,車輛本身,其他,其他,其他不當駕車行為,死亡1;受傷0,1.0,曳引車,自用,男,35.0,未戴安全帽或未繫安全帶(未使用幼童安全椅),不明,車的狀態,向前直行中,汽車,右前車頭(身),,,其他,其他不當駕車行為,否,121.059018,22.766145
2026,2.0,20260204.0,64600.0,A1,臺東縣警察局,臺東縣臺東市中興路六段386號前,晴,有照明未開啟或故障,市區道路,60.0,單路部分,直路,路段,路肩、路緣,柏油,乾燥,無缺陷,無障礙物,無遮蔽物,良好,無號誌,無號誌,中央分向島,窄式附柵欄,車道線(無標記),未繪設快慢車道分隔線,有,車輛本身,其他,其他,其他不當駕車行為,死亡1;受傷0,2.0,,,無或物(動物、堆置物),-1.0,,,,,,,,,無(非車輛駕駛人因素),尚未發現肇事因素,否,121.059018,22.766145
2026,2.0,20260204.0,64600.0,A1,臺東縣警察局,臺東縣臺東市中興路六段386號前,晴,有照明未開啟或故障,市區道路,60.0,單路部分,直路,路段,路肩、路緣,柏油,乾燥,無缺陷,無障礙物,無遮蔽物,良好,無號誌,無號誌,中央分向島,窄式附柵欄,車道線(無標記),未繪設快慢車道分隔線,有,車輛本身,其他,其他,其他不當駕車行為,死亡1;受傷0,3.0,,,無或物(動物、堆置物),-1.0,,,,,,,,,無(非車輛駕駛人因素),尚未發現肇事因素,否,121.059018,22.766145
2026,2.0,20260204.0,64600.0,A1,臺東縣警察局,臺東縣臺東市中興路六段386號前,晴,有照明未開啟或故障,市區道路,60.0,單路部分,直路,路段,路肩、路緣,柏油,乾燥,無缺陷,無障礙物,無遮蔽物,良好,無號誌,無號誌,中央分向島,窄式附柵欄,車道線(無標記),未繪設快慢車道分隔線,有,車輛本身,其他,其他,其他不當駕車行為,死亡1;受傷0,4.0,小客車(含客、貨兩用),自用,男,40.0,不明,不明,車的狀態,靜止(引擎熄火),汽車,左側車身,,,無(車輛駕駛者因素),尚未發現肇事因素,否,121.059018,22.766145
2026,2.0,20260204.0,122300.0,A1,臺中市政府警察局,臺中市龍井區蚵寮路口 / 臺中市龍井區蚵寮路口,晴,有照明未開啟或故障,市區道路,50.0,交岔路,四岔路,交叉路口,交叉路口內,柏油,乾燥,無缺陷,無障礙物,無遮蔽物,良好,行車管制號誌,正常,雙向禁止超車線,無標記,未繪設車道線,未繪設快慢車道分隔線,有,車與車,對向擦撞,駕駛者,闖紅燈直行,死亡1;受傷1,1.0,機車,普通重型,女,46.0,戴半罩式安全帽,未使用,車的狀態,向前直行中,機車與自行車,前車頭,,,駕駛者,闖紅燈直行,否,120.512272,24.208486
2026,2.0,20260204.0,122300.0,A1,臺中市政府警察局,臺中市龍井區蚵寮路口 / 臺中市龍井區蚵寮路口,晴,有照明未開啟或故障,市區道路,50.0,交岔路,四岔路,交叉路口,交叉路口內,柏油,乾燥,無缺陷,無障礙物,無遮蔽物,良好,行車管制號誌,正常,雙向禁止超車線,無標記,未繪設車道線,未繪設快慢車道分隔線,有,車與車,對向擦撞,駕駛者,闖紅燈直行,死亡1;受傷1,2.0,小客車(含客、貨兩用),自用,男,33.0,繫安全帶(使用幼童安全椅),未使用,車的狀態,向前直行中,汽車,前車頭,,,無(車輛駕駛者因素),尚未發現肇事因素,否,120.512272,24.208486
2026,2.0,20260204.0,122300.0,A1,臺中市政府警察局,臺中市龍井區蚵寮路口 / 臺中市龍井區蚵寮路口,晴,有照明未開啟或故障,市區道路,50.0,交岔路,四岔路,交叉路口,交叉路口內,柏油,乾燥,無缺陷,無障礙物,無遮蔽物,良好,行車管制號誌,正常,雙向禁止超車線,無標記,未繪設車道線,未繪設快慢車道分隔線,有,車與車,對向擦撞,駕駛者,闖紅燈直行,死亡1;受傷1,3.0,人,乘客,女,1.0,未戴安全帽或未繫安全帶(未使用幼童安全椅),非駕駛人,人的狀態,其他,其他,非汽、機及自行車,,,無(非車輛駕駛人因素),尚未發現肇事因素,否,120.512272,24.208486
2026,2.0,20260204.0,151818.0,A1,桃園市政府警察局,桃園市龜山區忠義路二段口 / 桃園市龜山區忠義路二段口,晴,有照明未開啟或故障,市區道路,40.0,交岔路,三岔路,交叉路口,交叉路口內,柏油,乾燥,無缺陷,無障礙物,無遮蔽物,良好,無號誌,無號誌,無,無分向設施,未繪設車道線,未繪設快慢車道分隔線,無,車與車,側撞,駕駛者,違規超車,死亡1;受傷0,1.0,機車,普通重型,男,55.0,戴半罩式安全帽,未使用,車的狀態,向前直行中,機車與自行車,左側車身,,,駕駛者,違規超車,否,121.354987,25.04216
2026,2.0,20260204.0,151818.0,A1,桃園市政府警察局,桃園市龜山區忠義路二段口 / 桃園市龜山區忠義路二段口,晴,有照明未開啟或故障,市區道路,40.0,交岔路,三岔路,交叉路口,交叉路口內,柏油,乾燥,無缺陷,無障礙物,無遮蔽物,良好,無號誌,無號誌,無,無分向設施,未繪設車道線,未繪設快慢車道分隔線,無,車與車,側撞,駕駛者,違規超車,死亡1;受傷0,2.0,大客車,遊覽車,男,55.0,繫安全帶(使用幼童安全椅),未使用,車的狀態,右轉彎,汽車,右側車身,,,其他,其他不當駕車行為,否,121.354987,25.04216
2026,2.0,20260204.0,180200.0,A1,臺東縣警察局,臺東縣成功鎮台11線 123公里700.0公尺處,雨,有照明且開啟,省道,50.0,交岔路,三岔路,其他,行人穿越道,柏油,濕潤,無缺陷,無障礙物,無遮蔽物,良好,閃光號誌,正常,無,無分向設施,未繪設車道線,未繪設快慢車道分隔線,無,人與車,穿越道路中,駕駛者,車輛未依規定暫停讓行人先行,死亡1;受傷0,1.0,小貨車,自用,男,42.0,繫安全帶(使用幼童安全椅),未使用,車的狀態,向前直行中,汽車,右前車頭(身),,,駕駛者,車輛未依規定暫停讓行人先行,否,121.332326,23.028077
2026,2.0,20260204.0,180200.0,A1,臺東縣警察局,臺東縣成功鎮台11線 123公里700.0公尺處,雨,有照明且開啟,省道,50.0,交岔路,三岔路,其他,行人穿越道,柏油,濕潤,無缺陷,無障礙物,無遮蔽物,良好,閃光號誌,正常,無,無分向設施,未繪設車道線,未繪設快慢車道分隔線,無,人與車,穿越道路中,駕駛者,車輛未依規定暫停讓行人先行,死亡1;受傷0,2.0,人,行人,女,62.0,其他(無需使用保護裝備之人),非駕駛人,人的狀態,步行,其他,非汽、機及自行車,,,無(非車輛駕駛人因素),尚未發現肇事因素,否,121.332326,23.028077
2026,2.0,20260204.0,180600.0,A1,新北市政府警察局,新北市新莊區環漢路2段前0.0公尺,晴,有照明且開啟,市區道路,50.0,單路部分,直路,路段,一般車道(未劃分快慢車道),柏油,乾燥,無缺陷,無障礙物,無遮蔽物,良好,無號誌,無號誌,雙向禁止超車線,附標記,車道線(附標記),未繪設快慢車道分隔線,有,車輛本身,撞電桿,駕駛者,超速駕駛,死亡1;受傷0,1.0,機車,普通重型,女,27.0,戴半罩式安全帽,不明,車的狀態,向前直行中,機車與自行車,前車頭,,,駕駛者,超速駕駛,否,121.445081,25.027265
2026,2.0,20260204.0,180600.0,A1,新北市政府警察局,新北市新莊區環漢路2段前0.0公尺,晴,有照明且開啟,市區道路,50.0,單路部分,直路,路段,一般車道(未劃分快慢車道),柏油,乾燥,無缺陷,無障礙物,無遮蔽物,良好,無號誌,無號誌,雙向禁止超車線,附標記,車道線(附標記),未繪設快慢車道分隔線,有,車輛本身,撞電桿,駕駛者,超速駕駛,死亡1;受傷0,2.0,,,無或物(動物、堆置物),115.0,,,,,,,,,無(非車輛駕駛人因素),尚未發現肇事因素,否,121.445081,25.027265
2026,2.0,20260204.0,190421.0,A1,宜蘭縣政府警察局,宜蘭縣冬山鄉永興路1段318號前0.0公尺附近,陰,有照明且開啟,鄉道,50.0,交岔路,三岔路,交叉路口,交叉路口內,柏油,乾燥,無缺陷,無障礙物,無遮蔽物,良好,無號誌,無號誌,雙向禁止超車線,無標記,未繪設車道線,未繪設快慢車道分隔線,有,人與車,穿越道路中,駕駛者,恍神、緊張、心不在焉分心駕駛,死亡1;受傷0,1.0,小客車(含客、貨兩用),自用,男,46.0,繫安全帶(使用幼童安全椅),未使用,車的狀態,向前直行中,汽車,前車頭,,,駕駛者,恍神、緊張、心不在焉分心駕駛,否,121.768386,24.655171
2026,2.0,20260204.0,190421.0,A1,宜蘭縣政府警察局,宜蘭縣冬山鄉永興路1段318號前0.0公尺附近,陰,有照明且開啟,鄉道,50.0,交岔路,三岔路,交叉路口,交叉路口內,柏油,乾燥,無缺陷,無障礙物,無遮蔽物,良好,無號誌,無號誌,雙向禁止超車線,無標記,未繪設車道線,未繪設快慢車道分隔線,有,人與車,穿越道路中,駕駛者,恍神、緊張、心不在焉分心駕駛,死亡1;受傷0,2.0,人,行人,男,82.0,其他(無需使用保護裝備之人),非駕駛人,人的狀態,步行,其他,非汽、機及自行車,,,非駕駛者,穿越道路未注意左右來車,否,121.768386,24.655171
2026,2.0,20260204.0,193853.0,A1,雲林縣警察局,雲林縣口湖鄉梧北村光明路2-7號燈桿070624號旁,晴,有照明且開啟,鄉道,50.0,單路部分,直路,路段,一般車道(未劃分快慢車道),柏油,乾燥,無缺陷,無障礙物,無遮蔽物,良好,無號誌,無號誌,雙向禁止超車線,無標記,未繪設車道線,未繪設快慢車道分隔線,有,車與車,其他,駕駛者,未保持行車安全距離,死亡1;受傷0,1.0,機車,普通重型,男,67.0,戴半罩式安全帽,未使用,車的狀態,向前直行中,機車與自行車,前車頭,,,駕駛者,未保持行車安全距離,否,120.194736,23.548862
2026,2.0,20260204.0,193853.0,A1,雲林縣警察局,雲林縣口湖鄉梧北村光明路2-7號燈桿070624號旁,晴,有照明且開啟,鄉道,50.0,單路部分,直路,路段,一般車道(未劃分快慢車道),柏油,乾燥,無缺陷,無障礙物,無遮蔽物,良好,無號誌,無號誌,雙向禁止超車線,無標記,未繪設車道線,未繪設快慢車道分隔線,有,車與車,其他,駕駛者,未保持行車安全距離,死亡1;受傷0,2.0,小客車(含客、貨兩用),自用,男,19.0,不明,未使用,車的狀態,靜止(引擎熄火),汽車,左後車尾(身),,,其他,違規(臨時)停車,否,120.194736,23.548862
2026,2.0,20260205.0,91700.0,A1,新北市政府警察局,新北市三重區大同南路 / 新北市三重區環河南路,晴,有照明未開啟或故障,市區道路,50.0,單路部分,直路,路段,一般車道(未劃分快慢車道),柏油,乾燥,無缺陷,無障礙物,無遮蔽物,良好,無號誌,無號誌,中央分向島,寬式(50公分以上),車道線(附標記),未繪設快慢車道分隔線,無,車與車,追撞,駕駛者,恍神、緊張、心不在焉分心駕駛,死亡1;受傷2,1.0,機車,普通重型,男,59.0,戴半罩式安全帽,未使用,車的狀態,向前直行中,其他,無撞擊,,,駕駛者,恍神、緊張、心不在焉分心駕駛,否,121.497524,25.055045
2026,2.0,20260205.0,91700.0,A1,新北市政府警察局,新北市三重區大同南路 / 新北市三重區環河南路,晴,有照明未開啟或故障,市區道路,50.0,單路部分,直路,路段,一般車道(未劃分快慢車道),柏油,乾燥,無缺陷,無障礙物,無遮蔽物,良好,無號誌,無號誌,中央分向島,寬式(50公分以上),車道線(附標記),未繪設快慢車道分隔線,無,車與車,追撞,駕駛者,恍神、緊張、心不在焉分心駕駛,死亡1;受傷2,2.0,特種車,工程車,男,46.0,繫安全帶(使用幼童安全椅),未使用,車的狀態,停車操作中,其他,不明,,,無(車輛駕駛者因素),尚未發現肇事因素,否,121.497524,25.055045
2026,2.0,20260205.0,91700.0,A1,新北市政府警察局,新北市三重區大同南路 / 新北市三重區環河南路,晴,有照明未開啟或故障,市區道路,50.0,單路部分,直路,路段,一般車道(未劃分快慢車道),柏油,乾燥,無缺陷,無障礙物,無遮蔽物,良好,無號誌,無號誌,中央分向島,寬式(50公分以上),車道線(附標記),未繪設快慢車道分隔線,無,車與車,追撞,駕駛者,恍神、緊張、心不在焉分心駕駛,死亡1;受傷2,3.0,人,其他人,女,63.0,其他(無需使用保護裝備之人),非駕駛人,人的狀態,其他,其他,非汽、機及自行車,,,無(非車輛駕駛人因素),尚未發現肇事因素,否,121.497524,25.055045
2026,2.0,20260205.0,91700.0,A1,新北市政府警察局,新北市三重區大同南路 / 新北市三重區環河南路,晴,有照明未開啟或故障,市區道路,50.0,單路部分,直路,路段,一般車道(未劃分快慢車道),柏油,乾燥,無缺陷,無障礙物,無遮蔽物,良好,無號誌,無號誌,中央分向島,寬式(50公分以上),車道線(附標記),未繪設快慢車道分隔線,無,車與車,追撞,駕駛者,恍神、緊張、心不在焉分心駕駛,死亡1;受傷2,4.0,人,其他人,男,51.0,其他(無需使用保護裝備之人),非駕駛人,人的狀態,其他,其他,非汽、機及自行車,,,無(非車輛駕駛人因素),尚未發現肇事因素,否,121.497524,25.055045
2026,2.0,20260205.0,103500.0,A1,屏東縣政府警察局,屏東縣萬丹鄉社美路與大信路口,晴,有照明未開啟或故障,村里道路,50.0,交岔路,四岔路,路段,一般車道(未劃分快慢車道),柏油,乾燥,無缺陷,無障礙物,無遮蔽物,良好,無號誌,無號誌,雙向禁止超車線,無標記,未繪設車道線,未繪設快慢車道分隔線,有,車與車,路口交岔撞,駕駛者,無號誌路口，支線道未讓幹線道先行,死亡1;受傷0,1.0,小貨車,自用,男,60.0,繫安全帶(使用幼童安全椅),未使用,車的狀態,向前直行中,汽車,前車頭,,,駕駛者,無號誌路口，支線道未讓幹線道先行,否,120.475488,22.618439
2026,2.0,20260205.0,103500.0,A1,屏東縣政府警察局,屏東縣萬丹鄉社美路與大信路口,晴,有照明未開啟或故障,村里道路,50.0,交岔路,四岔路,路段,一般車道(未劃分快慢車道),柏油,乾燥,無缺陷,無障礙物,無遮蔽物,良好,無號誌,無號誌,雙向禁止超車線,無標記,未繪設車道線,未繪設快慢車道分隔線,有,車與車,路口交岔撞,駕駛者,無號誌路口，支線道未讓幹線道先行,死亡1;受傷0,2.0,機車,普通重型,男,57.0,戴半罩式安全帽,未使用,車的狀態,向前直行中,機車與自行車,右側車身,,,駕駛者,未依規定減速,否,120.475488,22.618439
2026,2.0,20260206.0,71600.0,A1,雲林縣警察局,雲林縣東勢鄉153縣道電桿162415前,陰,有照明且開啟,縣道,40.0,單路部分,直路,路段,慢車道,柏油,乾燥,無缺陷,無障礙物,無遮蔽物,良好,無號誌,無號誌,中央分向島,寬式(50公分以上),車道線(無標記),快慢車道分隔線,有,車與車,追撞,其他,其他不當駕車行為,死亡1;受傷0,1.0,機車,普通重型,男,54.0,戴半罩式安全帽,未使用,車的狀態,向前直行中,機車與自行車,前車頭,,,其他,其他不當駕車行為,否,120.253511,23.694135
2026,2.0,20260206.0,71600.0,A1,雲林縣警察局,雲林縣東勢鄉153縣道電桿162415前,陰,有照明且開啟,縣道,40.0,單路部分,直路,路段,慢車道,柏油,乾燥,無缺陷,無障礙物,無遮蔽物,良好,無號誌,無號誌,中央分向島,寬式(50公分以上),車道線(無標記),快慢車道分隔線,有,車與車,追撞,其他,其他不當駕車行為,死亡1;受傷0,2.0,小貨車,自用,男,40.0,不明,不明,車的狀態,靜止(引擎熄火),汽車,左後車尾(身),,,其他,其他不當駕車行為,否,120.253511,23.694135
2026,2.0,20260206.0,75538.0,A1,新竹縣政府警察局,新竹縣湖口鄉文化路22號前,晴,有照明未開啟或故障,市區道路,50.0,單路部分,直路,路段,一般車道(未劃分快慢車道),柏油,乾燥,無缺陷,無障礙物,無遮蔽物,良好,無號誌,無號誌,行車分向線,附標記,未繪設車道線,未繪設快慢車道分隔線,有,車與車,其他,駕駛者,違規超車,死亡1;受傷1,1.0,慢車,微型電動二輪車,男,35.0,戴半罩式安全帽,未使用,車的狀態,超車(含超越),機車與自行車,前車頭,,,駕駛者,違規超車,否,121.013034,24.867434
2026,2.0,20260206.0,75538.0,A1,新竹縣政府警察局,新竹縣湖口鄉文化路22號前,晴,有照明未開啟或故障,市區道路,50.0,單路部分,直路,路段,一般車道(未劃分快慢車道),柏油,乾燥,無缺陷,無障礙物,無遮蔽物,良好,無號誌,無號誌,行車分向線,附標記,未繪設車道線,未繪設快慢車道分隔線,有,車與車,其他,駕駛者,違規超車,死亡1;受傷1,2.0,機車,普通重型,男,29.0,戴非半罩式安全帽,未使用,車的狀態,等待(引擎未熄火),機車與自行車,左側車身,,,無(車輛駕駛者因素),尚未發現肇事因素,否,121.013034,24.867434
2026,2.0,20260206.0,75538.0,A1,新竹縣政府警察局,新竹縣湖口鄉文化路22號前,晴,有照明未開啟或故障,市區道路,50.0,單路部分,直路,路段,一般車道(未劃分快慢車道),柏油,乾燥,無缺陷,無障礙物,無遮蔽物,良好,無號誌,無號誌,行車分向線,附標記,未繪設車道線,未繪設快慢車道分隔線,有,車與車,其他,駕駛者,違規超車,死亡1;受傷1,3.0,小客車(含客、貨兩用),自用,女,34.0,繫安全帶(使用幼童安全椅),未使用,車的狀態,向前直行中,汽車,左前車頭(身),,,無(車輛駕駛者因素),尚未發現肇事因素,否,121.013034,24.867434
2026,2.0,20260206.0,75538.0,A1,新竹縣政府警察局,新竹縣湖口鄉文化路22號前,晴,有照明未開啟或故障,市區道路,50.0,單路部分,直路,路段,一般車道(未劃分快慢車道),柏油,乾燥,無缺陷,無障礙物,無遮蔽物,良好,無號誌,無號誌,行車分向線,附標記,未繪設車道線,未繪設快慢車道分隔線,有,車與車,其他,駕駛者,違規超車,死亡1;受傷1,4.0,小客車(含客、貨兩用),自用,女,41.0,繫安全帶(使用幼童安全椅),未使用,車的狀態,等待(引擎未熄火),汽車,左側車身,,,無(車輛駕駛者因素),尚未發現肇事因素,否,121.013034,24.867434
2026,2.0,20260206.0,130900.0,A1,臺中市政府警察局,臺中市南區樹德里建國南路一段 / 臺中市南區樹德里文心南路,晴,有照明且開啟,市區道路,50.0,交岔路,四岔路,交叉路口,交叉路口內,柏油,乾燥,無缺陷,無障礙物,無遮蔽物,良好,行車管制號誌,正常,無,無分向設施,未繪設車道線,未繪設快慢車道分隔線,無,車輛本身,路上翻車、摔倒,其他,其他不當駕車行為,死亡1;受傷1,1.0,機車,普通重型,男,73.0,不明,不明,車的狀態,向前直行中,其他,不明,,,其他,其他不當駕車行為,否,120.650544,24.120277
2026,2.0,20260206.0,130900.0,A1,臺中市政府警察局,臺中市南區樹德里建國南路一段 / 臺中市南區樹德里文心南路,晴,有照明且開啟,市區道路,50.0,交岔路,四岔路,交叉路口,交叉路口內,柏油,乾燥,無缺陷,無障礙物,無遮蔽物,良好,行車管制號誌,正常,無,無分向設施,未繪設車道線,未繪設快慢車道分隔線,無,車輛本身,路上翻車、摔倒,其他,其他不當駕車行為,死亡1;受傷1,2.0,,,無或物(動物、堆置物),0.0,,,,,,,,,無(非車輛駕駛人因素),尚未發現肇事因素,否,120.650544,24.120277
2026,2.0,20260206.0,130900.0,A1,臺中市政府警察局,臺中市南區樹德里建國南路一段 / 臺中市南區樹德里文心南路,晴,有照明且開啟,市區道路,50.0,交岔路,四岔路,交叉路口,交叉路口內,柏油,乾燥,無缺陷,無障礙物,無遮蔽物,良好,行車管制號誌,正常,無,無分向設施,未繪設車道線,未繪設快慢車道分隔線,無,車輛本身,路上翻車、摔倒,其他,其他不當駕車行為,死亡1;受傷1,3.0,人,乘客,女,69.0,不明,非駕駛人,不明,不明,其他,非汽、機及自行車,,,無(非車輛駕駛人因素),尚未發現肇事因素,否,120.650544,24.120277
2026,2.0,20260206.0,142500.0,A1,新北市政府警察局,新北市新店區安康路3段 / 新北市新店區安泰路,雨,有照明未開啟或故障,市區道路,50.0,交岔路,三岔路,交叉路口,交叉口附近,柏油,濕潤,無缺陷,無障礙物,無遮蔽物,良好,行車管制號誌,正常,雙向禁止超車線,無標記,未繪設車道線,未繪設快慢車道分隔線,有,人與車,穿越道路中,非駕駛者,未依標誌或標線穿越道路,死亡1;受傷0,1.0,人,行人,男,61.0,其他(無需使用保護裝備之人),非駕駛人,人的狀態,步行,其他,非汽、機及自行車,,,非駕駛者,未依標誌或標線穿越道路,否,121.485804,24.951552
2026,2.0,20260206.0,142500.0,A1,新北市政府警察局,新北市新店區安康路3段 / 新北市新店區安泰路,雨,有照明未開啟或故障,市區道路,50.0,交岔路,三岔路,交叉路口,交叉口附近,柏油,濕潤,無缺陷,無障礙物,無遮蔽物,良好,行車管制號誌,正常,雙向禁止超車線,無標記,未繪設車道線,未繪設快慢車道分隔線,有,人與車,穿越道路中,非駕駛者,未依標誌或標線穿越道路,死亡1;受傷0,2.0,小客車(含客、貨兩用),租賃車,男,50.0,繫安全帶(使用幼童安全椅),未使用,車的狀態,起步,汽車,前車頭,,,其他,其他不當駕車行為,否,121.485804,24.951552
2026,2.0,20260206.0,180500.0,A1,高雄市政府警察局,高雄市鳳山區王生明路 / 高雄市鳳山區國泰路2段,晴,有照明且開啟,市區道路,50.0,交岔路,四岔路,交叉路口,交叉路口內,柏油,乾燥,無缺陷,無障礙物,無遮蔽物,良好,行車管制號誌,正常,無,無分向設施,未繪設車道線,未繪設快慢車道分隔線,無,車與車,側撞,駕駛者,闖紅燈左轉(或迴轉),死亡1;受傷0,1.0,小客車(含客、貨兩用),計程車,男,56.0,繫安全帶(使用幼童安全椅),未使用,車的狀態,左轉彎,汽車,左前車頭(身),,,駕駛者,闖紅燈左轉(或迴轉),否,120.362715,22.614792
2026,2.0,20260206.0,180500.0,A1,高雄市政府警察局,高雄市鳳山區王生明路 / 高雄市鳳山區國泰路2段,晴,有照明且開啟,市區道路,50.0,交岔路,四岔路,交叉路口,交叉路口內,柏油,乾燥,無缺陷,無障礙物,無遮蔽物,良好,行車管制號誌,正常,無,無分向設施,未繪設車道線,未繪設快慢車道分隔線,無,車與車,側撞,駕駛者,闖紅燈左轉(或迴轉),死亡1;受傷0,2.0,機車,普通重型,女,74.0,戴半罩式安全帽,未使用,車的狀態,向前直行中,機車與自行車,前車頭,,,駕駛者,闖紅燈直行,否,120.362715,22.614792
2026,2.0,20260206.0,180500.0,A1,高雄市政府警察局,高雄市鳳山區王生明路 / 高雄市鳳山區國泰路2段,晴,有照明且開啟,市區道路,50.0,交岔路,四岔路,交叉路口,交叉路口內,柏油,乾燥,無缺陷,無障礙物,無遮蔽物,良好,行車管制號誌,正常,無,無分向設施,未繪設車道線,未繪設快慢車道分隔線,無,車與車,側撞,駕駛者,闖紅燈左轉(或迴轉),死亡1;受傷0,3.0,機車,普通重型,男,42.0,戴半罩式安全帽,未使用,車的狀態,等待(引擎未熄火),機車與自行車,前車頭,,,無(車輛駕駛者因素),尚未發現肇事因素,否,120.362715,22.614792