發生年度,發生月份,發生日期,發生時間,事故類別名稱,處理單位名稱警局層,發生地點,天候名稱,光線名稱,道路類別-第1當事者-名稱,速限-第1當事者,道路型態大類別名稱,道路型態子類別名稱,事故位置大類別名稱,事故位置子類別名稱,路面狀況-路面鋪裝名稱,路面狀況-路面狀態名稱,路面狀況-路面缺陷名稱,道路障礙-障礙物名稱,道路障礙-視距品質名稱,道路障礙-視距名稱,號誌-號誌種類名稱,號誌-號誌動作名稱,車道劃分設施-分向設施大類別名稱,車道劃分設施-分向設施子類別名稱,車道劃分設施-分道設施-快車道或一般車道間名稱,車道劃分設施-分道設施-快慢車道間名稱,車道劃分設施-分道設施-路面邊線名稱,事故類型及型態大類別名稱,事故類型及型態子類別名稱,肇因研判大類別名稱-主要,肇因研判子類別名稱-主要,死亡受傷人數,當事者順位,當事者區分-類別-大類別名稱-車種,當事者區分-類別-子類別名稱-車種,當事者屬-性-別名稱,當事者事故發生時年齡,保護裝備名稱,行動電話或電腦或其他相類功能裝置名稱,當事者行動狀態大類別名稱,當事者行動狀態子類別名稱,車輛撞擊部位大類別名稱-最初,車輛撞擊部位子類別名稱-最初,車輛撞擊部位大類別名稱-其他,車輛撞擊部位子類別名稱-其他,肇因研判大類別名稱-個別,肇因研判子類別名稱-個別,肇事逃逸類別名稱-是否肇逃,經度,緯度
2026,2.0,20260206.0,202000.0,A1,基隆市警察局,基隆市安樂區基金三路71號前0.0公尺,雨,有照明且開啟,市區道路,50.0,單路部分,直路,路段,一般車道(未劃分快慢車道),柏油,濕潤,無缺陷,無障礙物,無遮蔽物,良好,無號誌,無號誌,中央分向島,寬式(50公分以上),車道線(無標記),未繪設快慢車道分隔線,有,人與車,穿越道路中,非駕駛者,未依標誌或標線穿越道路,死亡1;受傷0,1.0,人,行人,女,74.0,其他(無需使用保護裝備之人),非駕駛人,人的狀態,步行,其他,非汽、機及自行車,,,非駕駛者,未依標誌或標線穿越道路,否,121.697039,25.153782
2026,2.0,20260206.0,202000.0,A1,基隆市警察局,基隆市安樂區基金三路71號前0.0公尺,雨,有照明且開啟,市區道路,50.0,單路部分,直路,路段,一般車道(未劃分快慢車道),柏油,濕潤,無缺陷,無障礙物,無遮蔽物,良好,無號誌,無號誌,中央分向島,寬式(50公分以上),車道線(無標記),未繪設快慢車道分隔線,有,人與車,穿越道路中,非駕駛者,未依標誌或標線穿越道路,死亡1;受傷0,2.0,小客車(含客、貨兩用),自用,女,38.0,繫安全帶(使用幼童安全椅),未使用,車的狀態,向前直行中,汽車,前車頭,,,駕駛者,恍神、緊張、心不在焉分心駕駛,否,121.697039,25.153782
2026,2.0,20260206.0,204400.0,A1,彰化縣警察局,彰化縣福興鄉彰鹿路7段421號附近,晴,有照明且開啟,村里道路,50.0,交岔路,三岔路,交叉路口,交叉路口內,柏油,乾燥,無缺陷,無障礙物,無遮蔽物,良好,行車管制號誌,正常,中央分向島,寬式(50公分以上),車道線(無標記),未繪設快慢車道分隔線,有,車與車,側撞,駕駛者,有號誌路口，轉彎車未讓直行車先行,死亡1;受傷0,1.0,小客車(含客、貨兩用),自用,女,46.0,繫安全帶(使用幼童安全椅),未使用,車的狀態,迴轉或橫越道路中,其他,不明,,,駕駛者,有號誌路口，轉彎車未讓直行車先行,否,120.446397,24.047574
2026,2.0,20260206.0,204400.0,A1,彰化縣警察局,彰化縣福興鄉彰鹿路7段421號附近,晴,有照明且開啟,村里道路,50.0,交岔路,三岔路,交叉路口,交叉路口內,柏油,乾燥,無缺陷,無障礙物,無遮蔽物,良好,行車管制號誌,正常,中央分向島,寬式(50公分以上),車道線(無標記),未繪設快慢車道分隔線,有,車與車,側撞,駕駛者,有號誌路口，轉彎車未讓直行車先行,死亡1;受傷0,2.0,機車,普通重型,男,31.0,戴半罩式安全帽,未使用,車的狀態,向前直行中,其他,不明,,,駕駛者,未依規定減速,否,120.446397,24.047574
2026,2.0,20260206.0,220500.0,A1,南投縣政府警察局,南投縣鹿谷鄉中正路三段89號前,霧或煙,有照明且開啟,縣道,50.0,單路部分,彎曲路及附近,路段,路肩、路緣,柏油,濕潤,無缺陷,無障礙物,無遮蔽物,良好,無號誌,無號誌,雙向禁止超車線,無標記,未繪設車道線,未繪設快慢車道分隔線,有,車輛本身,其他,其他,其他不當駕車行為,死亡1;受傷0,1.0,機車,普通重型,男,32.0,戴非半罩式安全帽,不明,車的狀態,向前直行中,機車與自行車,前車頭,,,其他,其他不當駕車行為,否,120.737885,23.759843
2026,2.0,20260206.0,220500.0,A1,南投縣政府警察局,南投縣鹿谷鄉中正路三段89號前,霧或煙,有照明且開啟,縣道,50.0,單路部分,彎曲路及附近,路段,路肩、路緣,柏油,濕潤,無缺陷,無障礙物,無遮蔽物,良好,無號誌,無號誌,雙向禁止超車線,無標記,未繪設車道線,未繪設快慢車道分隔線,有,車輛本身,其他,其他,其他不當駕車行為,死亡1;受傷0,2.0,,,無或物(動物、堆置物),-1.0,,,,,,,,,無(非車輛駕駛人因素),尚未發現肇事因素,否,120.737885,23.759843
2026,2.0,20260206.0,220500.0,A1,南投縣政府警察局,南投縣鹿谷鄉中正路三段89號前,霧或煙,有照明且開啟,縣道,50.0,單路部分,彎曲路及附近,路段,路肩、路緣,柏油,濕潤,無缺陷,無障礙物,無遮蔽物,良好,無號誌,無號誌,雙向禁止超車線,無標記,未繪設車道線,未繪設快慢車道分隔線,有,車輛本身,其他,其他,其他不當駕車行為,死亡1;受傷0,3.0,,,無或物(動物、堆置物),-1.0,,,,,,,,,無(非車輛駕駛人因素),尚未發現肇事因素,否,120.737885,23.759843
2026,2.0,20260206.0,232000.0,A1,高雄市政府警察局,高雄市苓雅區文山路口 / 高雄市苓雅區高速公路便道口東,晴,有照明且開啟,市區道路,50.0,單路部分,直路,路段,一般車道(未劃分快慢車道),柏油,乾燥,無缺陷,無障礙物,無遮蔽物,良好,無號誌,無號誌,無,無分向設施,車道線(無標記),未繪設快慢車道分隔線,無,人與車,其他,駕駛者,恍神、緊張、心不在焉分心駕駛,死亡1;受傷0,1.0,小客車(含客、貨兩用),自用,男,56.0,繫安全帶(使用幼童安全椅),未使用,車的狀態,向前直行中,汽車,車底,,,駕駛者,恍神、緊張、心不在焉分心駕駛,是,120.336556,22.627887
2026,2.0,20260206.0,232000.0,A1,高雄市政府警察局,高雄市苓雅區文山路口 / 高雄市苓雅區高速公路便道口東,晴,有照明且開啟,市區道路,50.0,單路部分,直路,路段,一般車道(未劃分快慢車道),柏油,乾燥,無缺陷,無障礙物,無遮蔽物,良好,無號誌,無號誌,無,無分向設施,車道線(無標記),未繪設快慢車道分隔線,無,人與車,其他,駕駛者,恍神、緊張、心不在焉分心駕駛,死亡1;受傷0,2.0,人,行人,男,49.0,其他(無需使用保護裝備之人),非駕駛人,人的狀態,其他,其他,非汽、機及自行車,,,非駕駛者,其他引起事故之疏失或行為,否,120.336556,22.627887
2026,2.0,20260206.0,232000.0,A1,高雄市政府警察局,高雄市苓雅區文山路口 / 高雄市苓雅區高速公路便道口東,晴,有照明且開啟,市區道路,50.0,單路部分,直路,路段,一般車道(未劃分快慢車道),柏油,乾燥,無缺陷,無障礙物,無遮蔽物,良好,無號誌,無號誌,無,無分向設施,車道線(無標記),未繪設快慢車道分隔線,無,人與車,其他,駕駛者,恍神、緊張、心不在焉分心駕駛,死亡1;受傷0,3.0,小客車(含客、貨兩用),自用,男,21.0,繫安全帶(使用幼童安全椅),未使用,車的狀態,向前直行中,汽車,車底,,,駕駛者,恍神、緊張、心不在焉分心駕駛,否,120.336556,22.627887
2026,2.0,20260206.0,232000.0,A1,高雄市政府警察局,高雄市苓雅區文山路口 / 高雄市苓雅區高速公路便道口東,晴,有照明且開啟,市區道路,50.0,單路部分,直路,路段,一般車道(未劃分快慢車道),柏油,乾燥,無缺陷,無障礙物,無遮蔽物,良好,無號誌,無號誌,無,無分向設施,車道線(無標記),未繪設快慢車道分隔線,無,人與車,其他,駕駛者,恍神、緊張、心不在焉分心駕駛,死亡1;受傷0,4.0,小客車(含客、貨兩用),自用,男,51.0,繫安全帶(使用幼童安全椅),未使用,車的狀態,向前直行中,汽車,車底,,,駕駛者,恍神、緊張、心不在焉分心駕駛,否,120.336556,22.627887
2026,2.0,20260207.0,44700.0,A1,嘉義縣警察局,嘉義縣中埔鄉和美村中山路五段812號前0.0公尺,晴,有照明且開啟,省道,50.0,單路部分,直路,路段,一般車道(未劃分快慢車道),柏油,乾燥,無缺陷,無障礙物,無遮蔽物,良好,無號誌,無號誌,雙向禁止超車線,附標記,車道線(無標記),未繪設快慢車道分隔線,有,車與車,其他,駕駛者,酒醉(後)駕駛,死亡1;受傷1,1.0,小客車(含客、貨兩用),自用,男,25.0,繫安全帶(使用幼童安全椅),未使用,車的狀態,向前直行中,汽車,前車頭,,,駕駛者,酒醉(後)駕駛,是,120.461654,23.451709
2026,2.0,20260207.0,44700.0,A1,嘉義縣警察局,嘉義縣中埔鄉和美村中山路五段812號前0.0公尺,晴,有照明且開啟,省道,50.0,單路部分,直路,路段,一般車道(未劃分快慢車道),柏油,乾燥,無缺陷,無障礙物,無遮蔽物,良好,無號誌,無號誌,雙向禁止超車線,附標記,車道線(無標記),未繪設快慢車道分隔線,有,車與車,其他,駕駛者,酒醉(後)駕駛,死亡1;受傷1,2.0,機車,普通重型,男,77.0,戴半罩式安全帽,未使用,車的狀態,向前直行中,機車與自行車,後車尾,,,無(車輛駕駛者因素),尚未發現肇事因素,否,120.461654,23.451709
2026,2.0,20260207.0,44700.0,A1,嘉義縣警察局,嘉義縣中埔鄉和美村中山路五段812號前0.0公尺,晴,有照明且開啟,省道,50.0,單路部分,直路,路段,一般車道(未劃分快慢車道),柏油,乾燥,無缺陷,無障礙物,無遮蔽物,良好,無號誌,無號誌,雙向禁止超車線,附標記,車道線(無標記),未繪設快慢車道分隔線,有,車與車,其他,駕駛者,酒醉(後)駕駛,死亡1;受傷1,3.0,機車,普通重型,男,66.0,戴非半罩式安全帽,未使用,車的狀態,向前直行中,機車與自行車,前車頭,,,駕駛者,恍神、緊張、心不在焉分心駕駛,否,120.461654,23.451709
2026,2.0,20260207.0,62241.0,A1,臺南市政府警察局,臺南市麻豆區南勢里市道176線口 / 臺南市麻豆區南勢里省道臺19甲線口,晴,有照明且開啟,市區道路,60.0,交岔路,四岔路,交叉路口,交叉路口內,柏油,乾燥,無缺陷,無障礙物,無遮蔽物,良好,行車管制號誌,正常,無,無分向設施,未繪設車道線,未繪設快慢車道分隔線,無,車與車,側撞,駕駛者,有號誌路口，轉彎車未讓直行車先行,死亡1;受傷0,1.0,曳引車,營業用,男,57.0,繫安全帶(使用幼童安全椅),未使用,車的狀態,左轉彎,汽車,前車頭,,,駕駛者,有號誌路口，轉彎車未讓直行車先行,否,120.259293,23.19271
2026,2.0,20260207.0,62241.0,A1,臺南市政府警察局,臺南市麻豆區南勢里市道176線口 / 臺南市麻豆區南勢里省道臺19甲線口,晴,有照明且開啟,市區道路,60.0,交岔路,四岔路,交叉路口,交叉路口內,柏油,乾燥,無缺陷,無障礙物,無遮蔽物,良好,行車管制號誌,正常,無,無分向設施,未繪設車道線,未繪設快慢車道分隔線,無,車與車,側撞,駕駛者,有號誌路口，轉彎車未讓直行車先行,死亡1;受傷0,2.0,慢車,腳踏自行車,女,85.0,其他(無需使用保護裝備之人),未使用,車的狀態,向前直行中,機車與自行車,左側車身,,,無(車輛駕駛者因素),尚未發現肇事因素,否,120.259293,23.19271
2026,2.0,20260207.0,120105.0,A1,雲林縣警察局,雲林縣斗六市中南路附近 / 雲林縣斗六市雲科路,晴,有照明未開啟或故障,市區道路,50.0,單路部分,直路,路段,一般車道(未劃分快慢車道),柏油,乾燥,無缺陷,無障礙物,無遮蔽物,良好,無號誌,無號誌,雙向禁止超車線,無標記,未繪設車道線,未繪設快慢車道分隔線,有,車輛本身,撞橋樑(橋墩),其他,其他不當駕車行為,死亡1;受傷0,1.0,小客車(含客、貨兩用),自用,女,67.0,不明,不明,車的狀態,向前直行中,汽車,前車頭,,,其他,其他不當駕車行為,否,120.559068,23.734325
2026,2.0,20260207.0,120105.0,A1,雲林縣警察局,雲林縣斗六市中南路附近 / 雲林縣斗六市雲科路,晴,有照明未開啟或故障,市區道路,50.0,單路部分,直路,路段,一般車道(未劃分快慢車道),柏油,乾燥,無缺陷,無障礙物,無遮蔽物,良好,無號誌,無號誌,雙向禁止超車線,無標記,未繪設車道線,未繪設快慢車道分隔線,有,車輛本身,撞橋樑(橋墩),其他,其他不當駕車行為,死亡1;受傷0,2.0,,,無或物(動物、堆置物),-1.0,,,,,,,,,無(非車輛駕駛人因素),尚未發現肇事因素,否,120.559068,23.734325
2026,2.0,20260208.0,34500.0,A1,國道公路警察局,南投縣埔里鎮國道6號 33公里600.0公尺處東向外側,晴,無照明,國道,100.0,單路部分,直路,路段,快車道,柏油,乾燥,無缺陷,無障礙物,無遮蔽物,良好,無號誌,無號誌,中央分向島,寬式(50公分以上),車道線(附標記),未繪設快慢車道分隔線,有,車與車,追撞,駕駛者,恍神、緊張、心不在焉分心駕駛,死亡1;受傷1,1.0,小貨車,自用,男,20.0,繫安全帶(使用幼童安全椅),未使用,車的狀態,向右變換車道,汽車,右前車頭(身),汽車,前車頭,駕駛者,恍神、緊張、心不在焉分心駕駛,否,120.956515,23.991724
2026,2.0,20260208.0,34500.0,A1,國道公路警察局,南投縣埔里鎮國道6號 33公里600.0公尺處東向外側,晴,無照明,國道,100.0,單路部分,直路,路段,快車道,柏油,乾燥,無缺陷,無障礙物,無遮蔽物,良好,無號誌,無號誌,中央分向島,寬式(50公分以上),車道線(附標記),未繪設快慢車道分隔線,有,車與車,追撞,駕駛者,恍神、緊張、心不在焉分心駕駛,死亡1;受傷1,2.0,大貨車,營業用,男,35.0,繫安全帶(使用幼童安全椅),未使用,車的狀態,向前直行中,汽車,左後車尾(身),,,無(車輛駕駛者因素),尚未發現肇事因素,否,120.956515,23.991724
2026,2.0,20260208.0,34500.0,A1,國道公路警察局,南投縣埔里鎮國道6號 33公里600.0公尺處東向外側,晴,無照明,國道,100.0,單路部分,直路,路段,快車道,柏油,乾燥,無缺陷,無障礙物,無遮蔽物,良好,無號誌,無號誌,中央分向島,寬式(50公分以上),車道線(附標記),未繪設快慢車道分隔線,有,車與車,追撞,駕駛者,恍神、緊張、心不在焉分心駕駛,死亡1;受傷1,3.0,,,無或物(動物、堆置物),-1.0,,,,,,,,,無(非車輛駕駛人因素),尚未發現肇事因素,否,120.956515,23.991724
2026,2.0,20260208.0,34500.0,A1,國道公路警察局,南投縣埔里鎮國道6號 33公里600.0公尺處東向外側,晴,無照明,國道,100.0,單路部分,直路,路段,快車道,柏油,乾燥,無缺陷,無障礙物,無遮蔽物,良好,無號誌,無號誌,中央分向島,寬式(50公分以上),車道線(附標記),未繪設快慢車道分隔線,有,車與車,追撞,駕駛者,恍神、緊張、心不在焉分心駕駛,死亡1;受傷1,4.0,,,無或物(動物、堆置物),-1.0,,,,,,,,,無(非車輛駕駛人因素),尚未發現肇事因素,否,120.956515,23.991724
2026,2.0,20260208.0,34500.0,A1,國道公路警察局,南投縣埔里鎮國道6號 33公里600.0公尺處東向外側,晴,無照明,國道,100.0,單路部分,直路,路段,快車道,柏油,乾燥,無缺陷,無障礙物,無遮蔽物,良好,無號誌,無號誌,中央分向島,寬式(50公分以上),車道線(附標記),未繪設快慢車道分隔線,有,車與車,追撞,駕駛者,恍神、緊張、心不在焉分心駕駛,死亡1;受傷1,5.0,人,乘客,男,19.0,繫安全帶(使用幼童安全椅),非駕駛人,人的狀態,其他,其他,非汽、機及自行車,,,無(非車輛駕駛人因素),尚未發現肇事因素,否,120.956515,23.991724
2026,2.0,20260208.0,210700.0,A1,新北市政府警察局,新北市新莊區新樹路口 / 新北市新莊區新樹路口,陰,有照明且開啟,市區道路,50.0,單路部分,直路,路段,一般車道(未劃分快慢車道),柏油,乾燥,無缺陷,無障礙物,無遮蔽物,良好,行車管制號誌(附設行人專用號誌),正常,中央分向島,寬式(50公分以上),車道線(無標記),快慢車道分隔線,有,車與車,側撞,駕駛者,迴轉未依規定,死亡1;受傷0,1.0,小客車(含客、貨兩用),計程車,男,47.0,繫安全帶(使用幼童安全椅),未使用,車的狀態,迴轉或橫越道路中,汽車,左側車身,,,駕駛者,迴轉未依規定,否,121.481178,25.009473
2026,2.0,20260208.0,210700.0,A1,新北市政府警察局,新北市新莊區新樹路口 / 新北市新莊區新樹路口,陰,有照明且開啟,市區道路,50.0,單路部分,直路,路段,一般車道(未劃分快慢車道),柏油,乾燥,無缺陷,無障礙物,無遮蔽物,良好,行車管制號誌(附設行人專用號誌),正常,中央分向島,寬式(50公分以上),車道線(無標記),快慢車道分隔線,有,車與車,側撞,駕駛者,迴轉未依規定,死亡1;受傷0,2.0,機車,普通重型,男,46.0,戴非半罩式安全帽,未使用,車的狀態,向前直行中,機車與自行車,前車頭,,,無(車輛駕駛者因素),尚未發現肇事因素,否,121.481178,25.009473
2026,2.0,20260209.0,13500.0,A1,基隆市警察局,基隆市安樂區樂利三街 / 基隆市安樂區樂利三街,晴,有照明且開啟,市區道路,50.0,交岔路,三岔路,交叉路口,交叉路口內,柏油,乾燥,無缺陷,無障礙物,無遮蔽物,良好,無號誌,無號誌,無,無分向設施,未繪設車道線,未繪設快慢車道分隔線,無,車輛本身,路上翻車、摔倒,駕駛者,酒醉(後)駕駛,死亡1;受傷0,1.0,機車,普通重型,男,43.0,戴半罩式安全帽,未使用,車的狀態,向前直行中,機車與自行車,左側車身,,,駕駛者,酒醉(後)駕駛,否,121.719047,25.128828
2026,2.0,20260209.0,13500.0,A1,基隆市警察局,基隆市安樂區樂利三街 / 基隆市安樂區樂利三街,晴,有照明且開啟,市區道路,50.0,交岔路,三岔路,交叉路口,交叉路口內,柏油,乾燥,無缺陷,無障礙物,無遮蔽物,良好,無號誌,無號誌,無,無分向設施,未繪設車道線,未繪設快慢車道分隔線,無,車輛本身,路上翻車、摔倒,駕駛者,酒醉(後)駕駛,死亡1;受傷0,2.0,,,無或物(動物、堆置物),0.0,,,,,,,,,無(非車輛駕駛人因素),尚未發現肇事因素,否,121.719047,25.128828
2026,2.0,20260209.0,160500.0,A1,臺南市政府警察局,臺南市柳營區八翁里中山西路3段412號,晴,有照明未開啟或故障,市區道路,50.0,單路部分,直路,路段,一般車道(未劃分快慢車道),柏油,乾燥,無缺陷,無障礙物,無遮蔽物,良好,無號誌,無號誌,行車分向線,無標記,未繪設車道線,未繪設快慢車道分隔線,有,人與車,佇立路邊(外),駕駛者,恍神、緊張、心不在焉分心駕駛,死亡1;受傷0,1.0,小客車(含客、貨兩用),自用,女,31.0,繫安全帶(使用幼童安全椅),未使用,車的狀態,向前直行中,汽車,右前車頭(身),汽車,右前車頭(身),駕駛者,恍神、緊張、心不在焉分心駕駛,否,120.304806,23.276062
2026,2.0,20260209.0,160500.0,A1,臺南市政府警察局,臺南市柳營區八翁里中山西路3段412號,晴,有照明未開啟或故障,市區道路,50.0,單路部分,直路,路段,一般車道(未劃分快慢車道),柏油,乾燥,無缺陷,無障礙物,無遮蔽物,良好,無號誌,無號誌,行車分向線,無標記,未繪設車道線,未繪設快慢車道分隔線,有,人與車,佇立路邊(外),駕駛者,恍神、緊張、心不在焉分心駕駛,死亡1;受傷0,2.0,人,輔助代步器材,女,84.0,其他(無需使用保護裝備之人),非駕駛人,人的狀態,靜立(止),其他,非汽、機及自行車,其他,非汽、機及自行車,無(非車輛駕駛人因素),尚未發現肇事因素,否,120.304806,23.276062
2026,2.0,20260209.0,162000.0,A1,彰化縣警察局,彰化縣芬園鄉大彰路4段路燈編號16613號往東31公尺處,晴,有照明未開啟或故障,縣道,50.0,單路部分,彎曲路及附近,路段,路肩、路緣,柏油,乾燥,無缺陷,無障礙物,無遮蔽物,良好,無號誌,無號誌,雙向禁止超車線,附標記,未繪設車道線,未繪設快慢車道分隔線,有,車輛本身,路上翻車、摔倒,其他,其他不當駕車行為,死亡1;受傷0,1.0,機車,普通重型,男,19.0,戴非半罩式安全帽,未使用,車的狀態,向前直行中,其他,不明,,,其他,其他不當駕車行為,否,120.607378,24.002554
2026,2.0,20260209.0,162000.0,A1,彰化縣警察局,彰化縣芬園鄉大彰路4段路燈編號16613號往東31公尺處,晴,有照明未開啟或故障,縣道,50.0,單路部分,彎曲路及附近,路段,路肩、路緣,柏油,乾燥,無缺陷,無障礙物,無遮蔽物,良好,無號誌,無號誌,雙向禁止超車線,附標記,未繪設車道線,未繪設快慢車道分隔線,有,車輛本身,路上翻車、摔倒,其他,其他不當駕車行為,死亡1;受傷0,2.0,,,無或物(動物、堆置物),-1.0,,,,,,,,,無(非車輛駕駛人因素),尚未發現肇事因素,否,120.607378,24.002554
2026,2.0,20260209.0,164600.0,A1,彰化縣警察局,彰化縣伸港鄉中興路三段口 / 彰化縣伸港鄉興工路口,晴,有照明未開啟或故障,村里道路,60.0,交岔路,多岔路,交叉路口,交叉路口內,柏油,乾燥,無缺陷,無障礙物,無遮蔽物,良好,行車管制號誌,正常,雙向禁止超車線,無標記,車道線(無標記),快慢車道分隔線,有,車與車,追撞,駕駛者,恍神、緊張、心不在焉分心駕駛,死亡1;受傷0,1.0,曳引車,營業用,男,36.0,繫安全帶(使用幼童安全椅),未使用,車的狀態,向前直行中,汽車,右前車頭(身),,,駕駛者,恍神、緊張、心不在焉分心駕駛,否,120.499578,24.177593
2026,2.0,20260209.0,164600.0,A1,彰化縣警察局,彰化縣伸港鄉中興路三段口 / 彰化縣伸港鄉興工路口,晴,有照明未開啟或故障,村里道路,60.0,交岔路,多岔路,交叉路口,交叉路口內,柏油,乾燥,無缺陷,無障礙物,無遮蔽物,良好,行車管制號誌,正常,雙向禁止超車線,無標記,車道線(無標記),快慢車道分隔線,有,車與車,追撞,駕駛者,恍神、緊張、心不在焉分心駕駛,死亡1;受傷0,2.0,慢車,電動輔助自行車,男,60.0,戴半罩式安全帽,未使用,車的狀態,向前直行中,機車與自行車,後車尾,,,其他,其他不當駕車行為,否,120.499578,24.177593
2026,2.0,20260209.0,195000.0,A1,高雄市政府警察局,高雄市燕巢區角宿路 / 高雄市燕巢區角宿路,晴,有照明且開啟,市區道路,50.0,交岔路,三岔路,交叉路口,交叉路口內,柏油,乾燥,無缺陷,無障礙物,無遮蔽物,良好,行車管制號誌,正常,雙向禁止超車線,無標記,車道線(無標記),未繪設快慢車道分隔線,有,車與車,側撞,駕駛者,有號誌路口，轉彎車未讓直行車先行,死亡1;受傷1,1.0,小貨車,自用,女,63.0,繫安全帶(使用幼童安全椅),未使用,車的狀態,左轉彎,汽車,前車頭,,,駕駛者,有號誌路口，轉彎車未讓直行車先行,否,120.359392,22.768248
2026,2.0,20260209.0,195000.0,A1,高雄市政府警察局,高雄市燕巢區角宿路 / 高雄市燕巢區角宿路,晴,有照明且開啟,市區道路,50.0,交岔路,三岔路,交叉路口,交叉路口內,柏油,乾燥,無缺陷,無障礙物,無遮蔽物,良好,行車管制號誌,正常,雙向禁止超車線,無標記,車道線(無標記),未繪設快慢車道分隔線,有,車與車,側撞,駕駛者,有號誌路口，轉彎車未讓直行車先行,死亡1;受傷1,2.0,機車,普通重型,女,31.0,戴半罩式安全帽,未使用,車的狀態,向前直行中,機車與自行車,前車頭,,,無(車輛駕駛者因素),尚未發現肇事因素,否,120.359392,22.768248
2026,2.0,20260210.0,51300.0,A1,國道公路警察局,雲林縣斗南鎮國道1號 241公里100.0公尺處北,晴,無照明,國道,110.0,單路部分,直路,路段,快車道,柏油,乾燥,無缺陷,無障礙物,無遮蔽物,良好,無號誌,無號誌,中央分向島,寬式(50公分以上),車道線(附標記),未繪設快慢車道分隔線,有,車與車,同向擦撞,駕駛者,恍神、緊張、心不在焉分心駕駛,死亡1;受傷1,1.0,小客車(含客、貨兩用),自用,男,38.0,不明,不明,車的狀態,向右變換車道,汽車,前車頭,汽車,左側車身,駕駛者,恍神、緊張、心不在焉分心駕駛,否,120.475724,23.718396
2026,2.0,20260210.0,51300.0,A1,國道公路警察局,雲林縣斗南鎮國道1號 241公里100.0公尺處北,晴,無照明,國道,110.0,單路部分,直路,路段,快車道,柏油,乾燥,無缺陷,無障礙物,無遮蔽物,良好,無號誌,無號誌,中央分向島,寬式(50公分以上),車道線(附標記),未繪設快慢車道分隔線,有,車與車,同向擦撞,駕駛者,恍神、緊張、心不在焉分心駕駛,死亡1;受傷1,2.0,全聯結車,營業用,男,33.0,繫安全帶(使用幼童安全椅),未使用,車的狀態,向前直行中,汽車,左後車尾(身),,,無(車輛駕駛者因素),尚未發現肇事因素,否,120.475724,23.718396
2026,2.0,20260210.0,51300.0,A1,國道公路警察局,雲林縣斗南鎮國道1號 241公里100.0公尺處北,晴,無照明,國道,110.0,單路部分,直路,路段,快車道,柏油,乾燥,無缺陷,無障礙物,無遮蔽物,良好,無號誌,無號誌,中央分向島,寬式(50公分以上),車道線(附標記),未繪設快慢車道分隔線,有,車與車,同向擦撞,駕駛者,恍神、緊張、心不在焉分心駕駛,死亡1;受傷1,3.0,,,無或物(動物、堆置物),-1.0,,,,,,,,,無(非車輛駕駛人因素),尚未發現肇事因素,否,120.475724,23.718396
2026,2.0,20260210.0,51300.0,A1,國道公路警察局,雲林縣斗南鎮國道1號 241公里100.0公尺處北,晴,無照明,國道,110.0,單路部分,直路,路段,快車道,柏油,乾燥,無缺陷,無障礙物,無遮蔽物,良好,無號誌,無號誌,中央分向島,寬式(50公分以上),車道線(附標記),未繪設快慢車道分隔線,有,車與車,同向擦撞,駕駛者,恍神、緊張、心不在焉分心駕駛,死亡1;受傷1,4.0,,,無或物(動物、堆置物),-1.0,,,,,,,,,無(非車輛駕駛人因素),尚未發現肇事因素,否,120.475724,23.718396
2026,2.0,20260210.0,51300.0,A1,國道公路警察局,雲林縣斗南鎮國道1號 241公里100.0公尺處北,晴,無照明,國道,110.0,單路部分,直路,路段,快車道,柏油,乾燥,無缺陷,無障礙物,無遮蔽物,良好,無號誌,無號誌,中央分向島,寬式(50公分以上),車道線(附標記),未繪設快慢車道分隔線,有,車與車,同向擦撞,駕駛者,恍神、緊張、心不在焉分心駕駛,死亡1;受傷1,5.0,小客車(含客、貨兩用),自用,女,34.0,繫安全帶(使用幼童安全椅),未使用,車的狀態,向前直行中,汽車,前車頭,,,駕駛者,恍神、緊張、心不在焉分心駕駛,否,120.475724,23.718396
2026,2.0,20260210.0,51300.0,A1,國道公路警察局,雲林縣斗南鎮國道1號 241公里100.0公尺處北,晴,無照明,國道,110.0,單路部分,直路,路段,快車道,柏油,乾燥,無缺陷,無障礙物,無遮蔽物,良好,無號誌,無號誌,中央分向島,寬式(50公分以上),車道線(附標記),未繪設快慢車道分隔線,有,車與車,同向擦撞,駕駛者,恍神、緊張、心不在焉分心駕駛,死亡1;受傷1,6.0,小客車(含客、貨兩用),自用,男,21.0,繫安全帶(使用幼童安全椅),未使用,車的狀態,向前直行中,汽車,前車頭,,,駕駛者,恍神、緊張、心不在焉分心駕駛,否,120.475724,23.718396
2026,2.0,20260210.0,63656.0,A1,花蓮縣警察局,花蓮縣壽豐鄉中山路二段口 / 花蓮縣壽豐鄉無名路口,晴,有照明未開啟或故障,省道,70.0,交岔路,三岔路,交叉路口,交叉路口內,無鋪裝,乾燥,突出(高低)不平,無障礙物,無遮蔽物,良好,閃光號誌,正常,無,無分向設施,未繪設車道線,未繪設快慢車道分隔線,無,車輛本身,撞號誌、標誌桿,駕駛者,恍神、緊張、心不在焉分心駕駛,死亡1;受傷0,1.0,小客車(含客、貨兩用),自用,男,23.0,不明,未使用,車的狀態,向前直行中,汽車,前車頭,,,駕駛者,恍神、緊張、心不在焉分心駕駛,否,121.526716,23.895892