發生年度,發生月份,發生日期,發生時間,事故類別名稱,處理單位名稱警局層,發生地點,天候名稱,光線名稱,道路類別-第1當事者-名稱,速限-第1當事者,道路型態大類別名稱,道路型態子類別名稱,事故位置大類別名稱,事故位置子類別名稱,路面狀況-路面鋪裝名稱,路面狀況-路面狀態名稱,路面狀況-路面缺陷名稱,道路障礙-障礙物名稱,道路障礙-視距品質名稱,道路障礙-視距名稱,號誌-號誌種類名稱,號誌-號誌動作名稱,車道劃分設施-分向設施大類別名稱,車道劃分設施-分向設施子類別名稱,車道劃分設施-分道設施-快車道或一般車道間名稱,車道劃分設施-分道設施-快慢車道間名稱,車道劃分設施-分道設施-路面邊線名稱,事故類型及型態大類別名稱,事故類型及型態子類別名稱,肇因研判大類別名稱-主要,肇因研判子類別名稱-主要,死亡受傷人數,當事者順位,當事者區分-類別-大類別名稱-車種,當事者區分-類別-子類別名稱-車種,當事者屬-性-別名稱,當事者事故發生時年齡,保護裝備名稱,行動電話或電腦或其他相類功能裝置名稱,當事者行動狀態大類別名稱,當事者行動狀態子類別名稱,車輛撞擊部位大類別名稱-最初,車輛撞擊部位子類別名稱-最初,車輛撞擊部位大類別名稱-其他,車輛撞擊部位子類別名稱-其他,肇因研判大類別名稱-個別,肇因研判子類別名稱-個別,肇事逃逸類別名稱-是否肇逃,經度,緯度
2026,2.0,20260210.0,63656.0,A1,花蓮縣警察局,花蓮縣壽豐鄉中山路二段口 / 花蓮縣壽豐鄉無名路口,晴,有照明未開啟或故障,省道,70.0,交岔路,三岔路,交叉路口,交叉路口內,無鋪裝,乾燥,突出(高低)不平,無障礙物,無遮蔽物,良好,閃光號誌,正常,無,無分向設施,未繪設車道線,未繪設快慢車道分隔線,無,車輛本身,撞號誌、標誌桿,駕駛者,恍神、緊張、心不在焉分心駕駛,死亡1;受傷0,2.0,,,無或物(動物、堆置物),-1.0,,,,,,,,,無(非車輛駕駛人因素),尚未發現肇事因素,否,121.526716,23.895892
2026,2.0,20260210.0,63656.0,A1,花蓮縣警察局,花蓮縣壽豐鄉中山路二段口 / 花蓮縣壽豐鄉無名路口,晴,有照明未開啟或故障,省道,70.0,交岔路,三岔路,交叉路口,交叉路口內,無鋪裝,乾燥,突出(高低)不平,無障礙物,無遮蔽物,良好,閃光號誌,正常,無,無分向設施,未繪設車道線,未繪設快慢車道分隔線,無,車輛本身,撞號誌、標誌桿,駕駛者,恍神、緊張、心不在焉分心駕駛,死亡1;受傷0,3.0,,,無或物(動物、堆置物),-1.0,,,,,,,,,無(非車輛駕駛人因素),尚未發現肇事因素,否,121.526716,23.895892
2026,2.0,20260210.0,63656.0,A1,花蓮縣警察局,花蓮縣壽豐鄉中山路二段口 / 花蓮縣壽豐鄉無名路口,晴,有照明未開啟或故障,省道,70.0,交岔路,三岔路,交叉路口,交叉路口內,無鋪裝,乾燥,突出(高低)不平,無障礙物,無遮蔽物,良好,閃光號誌,正常,無,無分向設施,未繪設車道線,未繪設快慢車道分隔線,無,車輛本身,撞號誌、標誌桿,駕駛者,恍神、緊張、心不在焉分心駕駛,死亡1;受傷0,4.0,,,無或物(動物、堆置物),-1.0,,,,,,,,,無(非車輛駕駛人因素),尚未發現肇事因素,否,121.526716,23.895892
2026,2.0,20260210.0,101507.0,A1,南投縣政府警察局,南投縣水里鄉縣131線 32公里北向內側,晴,有照明未開啟或故障,縣道,50.0,單路部分,彎曲路及附近,路段,一般車道(未劃分快慢車道),柏油,乾燥,無缺陷,無障礙物,無遮蔽物,良好,無號誌,無號誌,雙向禁止超車線,無標記,未繪設車道線,未繪設快慢車道分隔線,有,車與車,對撞,駕駛者,逆向行駛,死亡1;受傷0,1.0,小貨車,自用,男,40.0,不明,不明,車的狀態,向前直行中,汽車,前車頭,,,駕駛者,逆向行駛,否,120.856749,23.821455
2026,2.0,20260210.0,101507.0,A1,南投縣政府警察局,南投縣水里鄉縣131線 32公里北向內側,晴,有照明未開啟或故障,縣道,50.0,單路部分,彎曲路及附近,路段,一般車道(未劃分快慢車道),柏油,乾燥,無缺陷,無障礙物,無遮蔽物,良好,無號誌,無號誌,雙向禁止超車線,無標記,未繪設車道線,未繪設快慢車道分隔線,有,車與車,對撞,駕駛者,逆向行駛,死亡1;受傷0,2.0,慢車,微型電動二輪車,女,63.0,戴半罩式安全帽,未使用,車的狀態,向前直行中,機車與自行車,前車頭,,,無(車輛駕駛者因素),尚未發現肇事因素,否,120.856749,23.821455
2026,2.0,20260210.0,165900.0,A1,嘉義縣警察局,嘉義縣鹿草鄉重寮村中寮172之1號前,晴,有照明未開啟或故障,鄉道,30.0,交岔路,四岔路,交叉路口,交叉路口內,柏油,乾燥,無缺陷,無障礙物,無遮蔽物,良好,無號誌,無號誌,單向禁止超車線,無標記,禁止變換車道線(無標記),未繪設快慢車道分隔線,有,人與車,穿越道路中,非駕駛者,未依標誌或標線穿越道路,死亡1;受傷0,1.0,人,行人,女,83.0,其他(無需使用保護裝備之人),非駕駛人,人的狀態,步行,其他,非汽、機及自行車,,,非駕駛者,未依標誌或標線穿越道路,否,120.315243,23.392876
2026,2.0,20260210.0,165900.0,A1,嘉義縣警察局,嘉義縣鹿草鄉重寮村中寮172之1號前,晴,有照明未開啟或故障,鄉道,30.0,交岔路,四岔路,交叉路口,交叉路口內,柏油,乾燥,無缺陷,無障礙物,無遮蔽物,良好,無號誌,無號誌,單向禁止超車線,無標記,禁止變換車道線(無標記),未繪設快慢車道分隔線,有,人與車,穿越道路中,非駕駛者,未依標誌或標線穿越道路,死亡1;受傷0,2.0,小貨車,自用,男,67.0,繫安全帶(使用幼童安全椅),未使用,車的狀態,左轉彎,汽車,前車頭,,,駕駛者,左轉彎未依規定,否,120.315243,23.392876
2026,2.0,20260211.0,81412.0,A1,彰化縣警察局,彰化縣田尾鄉饒平村中山路一段口 / 彰化縣田尾鄉饒平村建平路一段口,晴,有照明未開啟或故障,其他,50.0,交岔路,四岔路,交叉路口,交叉路口內,柏油,乾燥,無缺陷,無障礙物,無遮蔽物,良好,行車管制號誌,正常,中央分向島,寬式(50公分以上),車道線(無標記),快慢車道分隔線,有,車與車,路口交岔撞,駕駛者,闖紅燈直行,死亡1;受傷0,1.0,大貨車,自用,男,48.0,不明,不明,車的狀態,向前直行中,汽車,前車頭,,,駕駛者,闖紅燈直行,否,120.524183,23.885892
2026,2.0,20260211.0,81412.0,A1,彰化縣警察局,彰化縣田尾鄉饒平村中山路一段口 / 彰化縣田尾鄉饒平村建平路一段口,晴,有照明未開啟或故障,其他,50.0,交岔路,四岔路,交叉路口,交叉路口內,柏油,乾燥,無缺陷,無障礙物,無遮蔽物,良好,行車管制號誌,正常,中央分向島,寬式(50公分以上),車道線(無標記),快慢車道分隔線,有,車與車,路口交岔撞,駕駛者,闖紅燈直行,死亡1;受傷0,2.0,機車,普通重型,男,32.0,戴非半罩式安全帽,不明,車的狀態,向前直行中,機車與自行車,左側車身,,,無(車輛駕駛者因素),尚未發現肇事因素,否,120.524183,23.885892
2026,2.0,20260211.0,113300.0,A1,新竹縣政府警察局,新竹縣竹東鎮台68線 12公里西向內側,晴,無照明,省道,90.0,單路部分,直路,路段,一般車道(未劃分快慢車道),柏油,乾燥,無缺陷,無障礙物,無遮蔽物,良好,無號誌,無號誌,中央分向島,寬式(50公分以上),車道線(附標記),未繪設快慢車道分隔線,有,車輛本身,撞護欄(樁),駕駛者,酒醉(後)駕駛,死亡1;受傷1,1.0,小客車(含客、貨兩用),自用,男,61.0,繫安全帶(使用幼童安全椅),未使用,車的狀態,向前直行中,汽車,左前車頭(身),,,駕駛者,酒醉(後)駕駛,否,121.036033,24.794906
2026,2.0,20260211.0,113300.0,A1,新竹縣政府警察局,新竹縣竹東鎮台68線 12公里西向內側,晴,無照明,省道,90.0,單路部分,直路,路段,一般車道(未劃分快慢車道),柏油,乾燥,無缺陷,無障礙物,無遮蔽物,良好,無號誌,無號誌,中央分向島,寬式(50公分以上),車道線(附標記),未繪設快慢車道分隔線,有,車輛本身,撞護欄(樁),駕駛者,酒醉(後)駕駛,死亡1;受傷1,2.0,,,無或物(動物、堆置物),-1.0,,,,,,,,,無(非車輛駕駛人因素),尚未發現肇事因素,否,121.036033,24.794906
2026,2.0,20260211.0,113300.0,A1,新竹縣政府警察局,新竹縣竹東鎮台68線 12公里西向內側,晴,無照明,省道,90.0,單路部分,直路,路段,一般車道(未劃分快慢車道),柏油,乾燥,無缺陷,無障礙物,無遮蔽物,良好,無號誌,無號誌,中央分向島,寬式(50公分以上),車道線(附標記),未繪設快慢車道分隔線,有,車輛本身,撞護欄(樁),駕駛者,酒醉(後)駕駛,死亡1;受傷1,3.0,人,乘客,女,62.0,未戴安全帽或未繫安全帶(未使用幼童安全椅),非駕駛人,人的狀態,靜立(止),其他,非汽、機及自行車,,,無(非車輛駕駛人因素),尚未發現肇事因素,否,121.036033,24.794906
2026,2.0,20260211.0,130900.0,A1,臺中市政府警察局,臺中市烏日區光明里溪南路一段前0.0公尺,晴,有照明未開啟或故障,市區道路,50.0,單路部分,高架道路,路段,一般車道(未劃分快慢車道),柏油,乾燥,無缺陷,無障礙物,無遮蔽物,良好,無號誌,無號誌,中央分向島,窄式無柵欄,車道線(無標記),未繪設快慢車道分隔線,有,車與車,側撞,駕駛者,違反禁止左轉、右轉標誌,死亡1;受傷1,1.0,大貨車,自用,男,39.0,繫安全帶(使用幼童安全椅),未使用,車的狀態,右轉彎,汽車,前車頭,,,駕駛者,違反禁止左轉、右轉標誌,否,120.643066,24.09288
2026,2.0,20260211.0,130900.0,A1,臺中市政府警察局,臺中市烏日區光明里溪南路一段前0.0公尺,晴,有照明未開啟或故障,市區道路,50.0,單路部分,高架道路,路段,一般車道(未劃分快慢車道),柏油,乾燥,無缺陷,無障礙物,無遮蔽物,良好,無號誌,無號誌,中央分向島,窄式無柵欄,車道線(無標記),未繪設快慢車道分隔線,有,車與車,側撞,駕駛者,違反禁止左轉、右轉標誌,死亡1;受傷1,2.0,機車,普通重型,男,22.0,戴非半罩式安全帽,未使用,車的狀態,向前直行中,機車與自行車,前車頭,,,無(車輛駕駛者因素),尚未發現肇事因素,否,120.643066,24.09288
2026,2.0,20260211.0,130900.0,A1,臺中市政府警察局,臺中市烏日區光明里溪南路一段前0.0公尺,晴,有照明未開啟或故障,市區道路,50.0,單路部分,高架道路,路段,一般車道(未劃分快慢車道),柏油,乾燥,無缺陷,無障礙物,無遮蔽物,良好,無號誌,無號誌,中央分向島,窄式無柵欄,車道線(無標記),未繪設快慢車道分隔線,有,車與車,側撞,駕駛者,違反禁止左轉、右轉標誌,死亡1;受傷1,3.0,人,乘客,男,22.0,戴非半罩式安全帽,非駕駛人,人的狀態,其他,其他,非汽、機及自行車,,,無(非車輛駕駛人因素),尚未發現肇事因素,否,120.643066,24.09288
2026,2.0,20260211.0,140700.0,A1,新北市政府警察局,新北市林口區仁愛路1段346號前0.0公尺,陰,無照明,市區道路,50.0,單路部分,直路,路段,快車道,柏油,乾燥,無缺陷,無障礙物,無遮蔽物,良好,無號誌,無號誌,雙向禁止超車線,無標記,未繪設車道線,快慢車道分隔線,有,人與車,穿越道路中,非駕駛者,未依標誌或標線穿越道路,死亡1;受傷1,1.0,人,行人,女,78.0,其他(無需使用保護裝備之人),非駕駛人,人的狀態,奔跑,其他,非汽、機及自行車,,,非駕駛者,未依標誌或標線穿越道路,否,121.390632,25.076469
2026,2.0,20260211.0,140700.0,A1,新北市政府警察局,新北市林口區仁愛路1段346號前0.0公尺,陰,無照明,市區道路,50.0,單路部分,直路,路段,快車道,柏油,乾燥,無缺陷,無障礙物,無遮蔽物,良好,無號誌,無號誌,雙向禁止超車線,無標記,未繪設車道線,快慢車道分隔線,有,人與車,穿越道路中,非駕駛者,未依標誌或標線穿越道路,死亡1;受傷1,2.0,機車,大型重型2(250-550C.C.),男,78.0,戴非半罩式安全帽,未使用,車的狀態,向前直行中,機車與自行車,右側車身,,,其他,其他不當駕車行為,否,121.390632,25.076469
2026,2.0,20260211.0,182000.0,A1,國道公路警察局,苗栗縣竹南鎮國道3號 120公里200.0公尺處北向中線,晴,無照明,國道,110.0,單路部分,直路,路段,快車道,柏油,乾燥,無缺陷,無障礙物,無遮蔽物,良好,無號誌,無號誌,中央分向島,寬式(50公分以上),車道線(附標記),未繪設快慢車道分隔線,有,車與車,對向擦撞,駕駛者,逆向行駛,死亡1;受傷2,1.0,慢車,個人行動運具,男,83.0,不明,不明,不明,不明,其他,不明,,,駕駛者,逆向行駛,否,120.846726,24.668381
2026,2.0,20260211.0,182000.0,A1,國道公路警察局,苗栗縣竹南鎮國道3號 120公里200.0公尺處北向中線,晴,無照明,國道,110.0,單路部分,直路,路段,快車道,柏油,乾燥,無缺陷,無障礙物,無遮蔽物,良好,無號誌,無號誌,中央分向島,寬式(50公分以上),車道線(附標記),未繪設快慢車道分隔線,有,車與車,對向擦撞,駕駛者,逆向行駛,死亡1;受傷2,2.0,小客車(含客、貨兩用),自用,男,30.0,繫安全帶(使用幼童安全椅),未使用,車的狀態,向前直行中,汽車,右前車頭(身),,,無(車輛駕駛者因素),尚未發現肇事因素,否,120.846726,24.668381
2026,2.0,20260211.0,182000.0,A1,國道公路警察局,苗栗縣竹南鎮國道3號 120公里200.0公尺處北向中線,晴,無照明,國道,110.0,單路部分,直路,路段,快車道,柏油,乾燥,無缺陷,無障礙物,無遮蔽物,良好,無號誌,無號誌,中央分向島,寬式(50公分以上),車道線(附標記),未繪設快慢車道分隔線,有,車與車,對向擦撞,駕駛者,逆向行駛,死亡1;受傷2,3.0,小客車(含客、貨兩用),自用,女,25.0,繫安全帶(使用幼童安全椅),未使用,車的狀態,向前直行中,汽車,左前車頭(身),,,無(車輛駕駛者因素),尚未發現肇事因素,否,120.846726,24.668381
2026,2.0,20260211.0,182000.0,A1,國道公路警察局,苗栗縣竹南鎮國道3號 120公里200.0公尺處北向中線,晴,無照明,國道,110.0,單路部分,直路,路段,快車道,柏油,乾燥,無缺陷,無障礙物,無遮蔽物,良好,無號誌,無號誌,中央分向島,寬式(50公分以上),車道線(附標記),未繪設快慢車道分隔線,有,車與車,對向擦撞,駕駛者,逆向行駛,死亡1;受傷2,4.0,小客車(含客、貨兩用),自用,男,58.0,繫安全帶(使用幼童安全椅),未使用,車的狀態,向前直行中,汽車,車底,,,無(車輛駕駛者因素),尚未發現肇事因素,否,120.846726,24.668381
2026,2.0,20260211.0,182000.0,A1,國道公路警察局,苗栗縣竹南鎮國道3號 120公里200.0公尺處北向中線,晴,無照明,國道,110.0,單路部分,直路,路段,快車道,柏油,乾燥,無缺陷,無障礙物,無遮蔽物,良好,無號誌,無號誌,中央分向島,寬式(50公分以上),車道線(附標記),未繪設快慢車道分隔線,有,車與車,對向擦撞,駕駛者,逆向行駛,死亡1;受傷2,5.0,小客車(含客、貨兩用),自用,女,56.0,繫安全帶(使用幼童安全椅),未使用,車的狀態,向前直行中,汽車,前車頭,,,無(車輛駕駛者因素),尚未發現肇事因素,否,120.846726,24.668381
2026,2.0,20260211.0,182000.0,A1,國道公路警察局,苗栗縣竹南鎮國道3號 120公里200.0公尺處北向中線,晴,無照明,國道,110.0,單路部分,直路,路段,快車道,柏油,乾燥,無缺陷,無障礙物,無遮蔽物,良好,無號誌,無號誌,中央分向島,寬式(50公分以上),車道線(附標記),未繪設快慢車道分隔線,有,車與車,對向擦撞,駕駛者,逆向行駛,死亡1;受傷2,6.0,人,乘客,女,25.0,繫安全帶(使用幼童安全椅),非駕駛人,人的狀態,其他,其他,無撞擊,,,無(非車輛駕駛人因素),尚未發現肇事因素,否,120.846726,24.668381
2026,2.0,20260211.0,210900.0,A1,新北市政府警察局,新北市石碇區靜安路1段74號前0.0公尺,陰,有照明且開啟,縣道,40.0,單路部分,彎曲路及附近,路段,一般車道(未劃分快慢車道),柏油,乾燥,無缺陷,無障礙物,無遮蔽物,良好,無號誌,無號誌,雙向禁止超車線,無標記,禁止變換車道線(無標記),未繪設快慢車道分隔線,有,人與車,穿越道路中,非駕駛者,未依標誌或標線穿越道路,死亡1;受傷1,1.0,人,行人,女,87.0,其他(無需使用保護裝備之人),非駕駛人,人的狀態,步行,其他,非汽、機及自行車,,,非駕駛者,未依標誌或標線穿越道路,否,121.646848,25.011247
2026,2.0,20260211.0,210900.0,A1,新北市政府警察局,新北市石碇區靜安路1段74號前0.0公尺,陰,有照明且開啟,縣道,40.0,單路部分,彎曲路及附近,路段,一般車道(未劃分快慢車道),柏油,乾燥,無缺陷,無障礙物,無遮蔽物,良好,無號誌,無號誌,雙向禁止超車線,無標記,禁止變換車道線(無標記),未繪設快慢車道分隔線,有,人與車,穿越道路中,非駕駛者,未依標誌或標線穿越道路,死亡1;受傷1,2.0,機車,普通重型,男,19.0,戴半罩式安全帽,未使用,車的狀態,向前直行中,機車與自行車,前車頭,,,其他,其他不當駕車行為,否,121.646848,25.011247
2026,2.0,20260211.0,233600.0,A1,新北市政府警察局,新北市三重區環河北路1段 / 新北市三重區河邊北街,晴,有照明且開啟,市區道路,50.0,單路部分,直路,路段,一般車道(未劃分快慢車道),柏油,乾燥,無缺陷,無障礙物,無遮蔽物,良好,無號誌,無號誌,中央分向島,寬式(50公分以上),車道線(無標記),未繪設快慢車道分隔線,無,車與車,同向擦撞,駕駛者,未保持行車安全間隔,死亡1;受傷2,1.0,機車,普通重型,男,28.0,戴非半罩式安全帽,未使用,車的狀態,向前直行中,機車與自行車,右側車身,,,駕駛者,未保持行車安全間隔,否,121.503781,25.070799
2026,2.0,20260211.0,233600.0,A1,新北市政府警察局,新北市三重區環河北路1段 / 新北市三重區河邊北街,晴,有照明且開啟,市區道路,50.0,單路部分,直路,路段,一般車道(未劃分快慢車道),柏油,乾燥,無缺陷,無障礙物,無遮蔽物,良好,無號誌,無號誌,中央分向島,寬式(50公分以上),車道線(無標記),未繪設快慢車道分隔線,無,車與車,同向擦撞,駕駛者,未保持行車安全間隔,死亡1;受傷2,2.0,機車,普通重型,女,28.0,戴非半罩式安全帽,未使用,車的狀態,向前直行中,機車與自行車,前車頭,,,駕駛者,未保持行車安全距離,否,121.503781,25.070799
2026,2.0,20260211.0,233600.0,A1,新北市政府警察局,新北市三重區環河北路1段 / 新北市三重區河邊北街,晴,有照明且開啟,市區道路,50.0,單路部分,直路,路段,一般車道(未劃分快慢車道),柏油,乾燥,無缺陷,無障礙物,無遮蔽物,良好,無號誌,無號誌,中央分向島,寬式(50公分以上),車道線(無標記),未繪設快慢車道分隔線,無,車與車,同向擦撞,駕駛者,未保持行車安全間隔,死亡1;受傷2,3.0,機車,普通重型,男,63.0,不明,不明,車的狀態,靜止(引擎熄火),其他,不明,,,無(車輛駕駛者因素),尚未發現肇事因素,否,121.503781,25.070799
2026,2.0,20260211.0,233600.0,A1,新北市政府警察局,新北市三重區環河北路1段 / 新北市三重區河邊北街,晴,有照明且開啟,市區道路,50.0,單路部分,直路,路段,一般車道(未劃分快慢車道),柏油,乾燥,無缺陷,無障礙物,無遮蔽物,良好,無號誌,無號誌,中央分向島,寬式(50公分以上),車道線(無標記),未繪設快慢車道分隔線,無,車與車,同向擦撞,駕駛者,未保持行車安全間隔,死亡1;受傷2,4.0,人,乘客,男,13.0,戴非半罩式安全帽,非駕駛人,人的狀態,靜立(止),其他,非汽、機及自行車,,,無(非車輛駕駛人因素),尚未發現肇事因素,否,121.503781,25.070799
2026,2.0,20260212.0,55417.0,A1,花蓮縣警察局,花蓮縣吉安鄉知卡宣大道3段口 / 花蓮縣吉安鄉永興四街,陰,有照明且開啟,村里道路,60.0,交岔路,四岔路,交叉路口,交叉口附近,柏油,乾燥,無缺陷,無障礙物,無遮蔽物,良好,閃光號誌,正常,雙向禁止超車線,附標記,禁止變換車道線(無標記),快慢車道分隔線,有,車與車,側撞,駕駛者,左轉彎未依規定,死亡1;受傷0,1.0,機車,普通重型,女,70.0,戴半罩式安全帽,未使用,車的狀態,左轉彎,機車與自行車,左側車身,,,駕駛者,左轉彎未依規定,否,121.566201,23.948495
2026,2.0,20260212.0,55417.0,A1,花蓮縣警察局,花蓮縣吉安鄉知卡宣大道3段口 / 花蓮縣吉安鄉永興四街,陰,有照明且開啟,村里道路,60.0,交岔路,四岔路,交叉路口,交叉口附近,柏油,乾燥,無缺陷,無障礙物,無遮蔽物,良好,閃光號誌,正常,雙向禁止超車線,附標記,禁止變換車道線(無標記),快慢車道分隔線,有,車與車,側撞,駕駛者,左轉彎未依規定,死亡1;受傷0,2.0,小客車(含客、貨兩用),自用,男,72.0,繫安全帶(使用幼童安全椅),未使用,車的狀態,插入行列,汽車,右前車頭(身),,,駕駛者,恍神、緊張、心不在焉分心駕駛,否,121.566201,23.948495
2026,2.0,20260212.0,95324.0,A1,國道公路警察局,屏東縣里港鄉國道10號 25公里東向交流道,晴,有照明未開啟或故障,國道,30.0,單路部分,直路,路段,快車道,柏油,乾燥,無缺陷,無障礙物,無遮蔽物,良好,行車管制號誌,正常,中央分向島,寬式(50公分以上),車道線(附標記),未繪設快慢車道分隔線,有,車與車,追撞,駕駛者,恍神、緊張、心不在焉分心駕駛,死亡1;受傷0,1.0,半聯結車,營業用,男,38.0,不明,不明,車的狀態,向前直行中,汽車,前車頭,,,駕駛者,恍神、緊張、心不在焉分心駕駛,否,120.492398,22.799944
2026,2.0,20260212.0,95324.0,A1,國道公路警察局,屏東縣里港鄉國道10號 25公里東向交流道,晴,有照明未開啟或故障,國道,30.0,單路部分,直路,路段,快車道,柏油,乾燥,無缺陷,無障礙物,無遮蔽物,良好,行車管制號誌,正常,中央分向島,寬式(50公分以上),車道線(附標記),未繪設快慢車道分隔線,有,車與車,追撞,駕駛者,恍神、緊張、心不在焉分心駕駛,死亡1;受傷0,2.0,半聯結車,營業用,男,50.0,繫安全帶(使用幼童安全椅),未使用,車的狀態,等待(引擎未熄火),汽車,後車尾,汽車,前車頭,無(車輛駕駛者因素),尚未發現肇事因素,否,120.492398,22.799944
2026,2.0,20260212.0,95324.0,A1,國道公路警察局,屏東縣里港鄉國道10號 25公里東向交流道,晴,有照明未開啟或故障,國道,30.0,單路部分,直路,路段,快車道,柏油,乾燥,無缺陷,無障礙物,無遮蔽物,良好,行車管制號誌,正常,中央分向島,寬式(50公分以上),車道線(附標記),未繪設快慢車道分隔線,有,車與車,追撞,駕駛者,恍神、緊張、心不在焉分心駕駛,死亡1;受傷0,3.0,大貨車,營業用,男,41.0,繫安全帶(使用幼童安全椅),未使用,車的狀態,等待(引擎未熄火),汽車,後車尾,,,無(車輛駕駛者因素),尚未發現肇事因素,否,120.492398,22.799944
2026,2.0,20260212.0,125300.0,A1,臺東縣警察局,臺東縣成功鎮台11線 130公里,晴,有照明未開啟或故障,省道,60.0,交岔路,三岔路,交叉路口,交叉路口內,柏油,乾燥,無缺陷,無障礙物,無遮蔽物,良好,閃光號誌,正常,無,無分向設施,未繪設車道線,未繪設快慢車道分隔線,無,車輛本身,路上翻車、摔倒,駕駛者,未依規定減速,死亡1;受傷0,1.0,機車,普通重型,男,38.0,戴半罩式安全帽,未使用,車的狀態,向前直行中,機車與自行車,左側車身,,,駕駛者,未依規定減速,否,121.307526,22.976641
2026,2.0,20260212.0,125300.0,A1,臺東縣警察局,臺東縣成功鎮台11線 130公里,晴,有照明未開啟或故障,省道,60.0,交岔路,三岔路,交叉路口,交叉路口內,柏油,乾燥,無缺陷,無障礙物,無遮蔽物,良好,閃光號誌,正常,無,無分向設施,未繪設車道線,未繪設快慢車道分隔線,無,車輛本身,路上翻車、摔倒,駕駛者,未依規定減速,死亡1;受傷0,2.0,,,無或物(動物、堆置物),-1.0,,,,,,,,,無(非車輛駕駛人因素),尚未發現肇事因素,否,121.307526,22.976641
2026,2.0,20260212.0,125300.0,A1,臺東縣警察局,臺東縣成功鎮台11線 130公里,晴,有照明未開啟或故障,省道,60.0,交岔路,三岔路,交叉路口,交叉路口內,柏油,乾燥,無缺陷,無障礙物,無遮蔽物,良好,閃光號誌,正常,無,無分向設施,未繪設車道線,未繪設快慢車道分隔線,無,車輛本身,路上翻車、摔倒,駕駛者,未依規定減速,死亡1;受傷0,3.0,小客車(含客、貨兩用),自用,女,38.0,繫安全帶(使用幼童安全椅),未使用,車的狀態,左轉彎,汽車,左前車頭(身),,,駕駛者,有號誌路口，轉彎車未讓直行車先行,否,121.307526,22.976641
2026,2.0,20260213.0,25300.0,A1,臺中市政府警察局,臺中市石岡區九房里豐勢路949號前0.0公尺,晴,有照明未開啟或故障,市區道路,70.0,單路部分,直路,路段,一般車道(未劃分快慢車道),柏油,乾燥,無缺陷,無障礙物,無遮蔽物,良好,行車管制號誌,正常,中央分向島,寬式(50公分以上),禁止變換車道線(附標記),快慢車道分隔線,有,車輛本身,撞交通島,其他,其他不當駕車行為,死亡1;受傷0,1.0,小客車(含客、貨兩用),自用,男,25.0,不明,不明,車的狀態,向前直行中,汽車,前車頭,,,其他,其他不當駕車行為,否,120.783485,24.274488
2026,2.0,20260213.0,25300.0,A1,臺中市政府警察局,臺中市石岡區九房里豐勢路949號前0.0公尺,晴,有照明未開啟或故障,市區道路,70.0,單路部分,直路,路段,一般車道(未劃分快慢車道),柏油,乾燥,無缺陷,無障礙物,無遮蔽物,良好,行車管制號誌,正常,中央分向島,寬式(50公分以上),禁止變換車道線(附標記),快慢車道分隔線,有,車輛本身,撞交通島,其他,其他不當駕車行為,死亡1;受傷0,2.0,,,無或物(動物、堆置物),0.0,,,,,,,,,無(非車輛駕駛人因素),尚未發現肇事因素,否,120.783485,24.274488
2026,2.0,20260213.0,35000.0,A1,桃園市政府警察局,桃園市八德區介壽路一段971號前0.0公尺附近,晴,有照明且開啟,市區道路,50.0,單路部分,直路,路段,一般車道(未劃分快慢車道),柏油,乾燥,無缺陷,無障礙物,無遮蔽物,良好,無號誌,無號誌,雙向禁止超車線,無標記,車道線(無標記),未繪設快慢車道分隔線,有,車與車,對撞,駕駛者,酒醉(後)駕駛,死亡1;受傷2,1.0,機車,普通重型,男,24.0,未戴安全帽或未繫安全帶(未使用幼童安全椅),未使用,車的狀態,向前直行中,機車與自行車,前車頭,,,駕駛者,酒醉(後)駕駛,否,121.29945,24.959082
2026,2.0,20260213.0,35000.0,A1,桃園市政府警察局,桃園市八德區介壽路一段971號前0.0公尺附近,晴,有照明且開啟,市區道路,50.0,單路部分,直路,路段,一般車道(未劃分快慢車道),柏油,乾燥,無缺陷,無障礙物,無遮蔽物,良好,無號誌,無號誌,雙向禁止超車線,無標記,車道線(無標記),未繪設快慢車道分隔線,有,車與車,對撞,駕駛者,酒醉(後)駕駛,死亡1;受傷2,2.0,小貨車,自用,女,50.0,繫安全帶(使用幼童安全椅),未使用,車的狀態,向前直行中,汽車,前車頭,,,無(車輛駕駛者因素),尚未發現肇事因素,否,121.29945,24.959082
2026,2.0,20260213.0,35000.0,A1,桃園市政府警察局,桃園市八德區介壽路一段971號前0.0公尺附近,晴,有照明且開啟,市區道路,50.0,單路部分,直路,路段,一般車道(未劃分快慢車道),柏油,乾燥,無缺陷,無障礙物,無遮蔽物,良好,無號誌,無號誌,雙向禁止超車線,無標記,車道線(無標記),未繪設快慢車道分隔線,有,車與車,對撞,駕駛者,酒醉(後)駕駛,死亡1;受傷2,3.0,人,乘客,男,52.0,繫安全帶(使用幼童安全椅),非駕駛人,人的狀態,其他,其他,非汽、機及自行車,,,無(非車輛駕駛人因素),尚未發現肇事因素,否,121.29945,24.959082