發生年度,發生月份,發生日期,發生時間,事故類別名稱,處理單位名稱警局層,發生地點,天候名稱,光線名稱,道路類別-第1當事者-名稱,速限-第1當事者,道路型態大類別名稱,道路型態子類別名稱,事故位置大類別名稱,事故位置子類別名稱,路面狀況-路面鋪裝名稱,路面狀況-路面狀態名稱,路面狀況-路面缺陷名稱,道路障礙-障礙物名稱,道路障礙-視距品質名稱,道路障礙-視距名稱,號誌-號誌種類名稱,號誌-號誌動作名稱,車道劃分設施-分向設施大類別名稱,車道劃分設施-分向設施子類別名稱,車道劃分設施-分道設施-快車道或一般車道間名稱,車道劃分設施-分道設施-快慢車道間名稱,車道劃分設施-分道設施-路面邊線名稱,事故類型及型態大類別名稱,事故類型及型態子類別名稱,肇因研判大類別名稱-主要,肇因研判子類別名稱-主要,死亡受傷人數,當事者順位,當事者區分-類別-大類別名稱-車種,當事者區分-類別-子類別名稱-車種,當事者屬-性-別名稱,當事者事故發生時年齡,保護裝備名稱,行動電話或電腦或其他相類功能裝置名稱,當事者行動狀態大類別名稱,當事者行動狀態子類別名稱,車輛撞擊部位大類別名稱-最初,車輛撞擊部位子類別名稱-最初,車輛撞擊部位大類別名稱-其他,車輛撞擊部位子類別名稱-其他,肇因研判大類別名稱-個別,肇因研判子類別名稱-個別,肇事逃逸類別名稱-是否肇逃,經度,緯度
2026,2.0,20260213.0,60600.0,A1,桃園市政府警察局,桃園市蘆竹區油管路一段口 / 桃園市蘆竹區內溪路口,晴,無照明,縣道,40.0,交岔路,四岔路,交叉路口,交叉口附近,柏油,乾燥,無缺陷,無障礙物,無遮蔽物,良好,行車管制號誌,正常,無,無分向設施,未繪設車道線,未繪設快慢車道分隔線,有,車與車,側撞,駕駛者,其他未依規定讓車,死亡1;受傷0,1.0,小貨車,營業用,男,30.0,繫安全帶(使用幼童安全椅),未使用,車的狀態,左轉彎,汽車,前車頭,,,駕駛者,其他未依規定讓車,否,121.283952,25.070864
2026,2.0,20260213.0,60600.0,A1,桃園市政府警察局,桃園市蘆竹區油管路一段口 / 桃園市蘆竹區內溪路口,晴,無照明,縣道,40.0,交岔路,四岔路,交叉路口,交叉口附近,柏油,乾燥,無缺陷,無障礙物,無遮蔽物,良好,行車管制號誌,正常,無,無分向設施,未繪設車道線,未繪設快慢車道分隔線,有,車與車,側撞,駕駛者,其他未依規定讓車,死亡1;受傷0,2.0,慢車,腳踏自行車,男,85.0,未戴安全帽或未繫安全帶(未使用幼童安全椅),未使用,車的狀態,向前直行中,機車與自行車,右側車身,,,無(車輛駕駛者因素),尚未發現肇事因素,否,121.283952,25.070864
2026,2.0,20260213.0,61500.0,A1,南投縣政府警察局,南投縣竹山鎮頂林路東 / 南投縣竹山鎮頂林路西,晴,有照明未開啟或故障,村里道路,30.0,交岔路,四岔路,交叉路口,交叉路口內,柏油,乾燥,無缺陷,路上有停車,有遮蔽物,建築物,無號誌,無號誌,無,無分向設施,車道線(無標記),未繪設快慢車道分隔線,有,車與車,側撞,駕駛者,無號誌路口，轉彎車未讓直行車先行,死亡1;受傷0,1.0,慢車,腳踏自行車,男,84.0,其他(無需使用保護裝備之人),未使用,車的狀態,左轉彎,機車與自行車,前車頭,機車與自行車,前車頭,駕駛者,無號誌路口，轉彎車未讓直行車先行,否,120.681193,23.750205
2026,2.0,20260213.0,61500.0,A1,南投縣政府警察局,南投縣竹山鎮頂林路東 / 南投縣竹山鎮頂林路西,晴,有照明未開啟或故障,村里道路,30.0,交岔路,四岔路,交叉路口,交叉路口內,柏油,乾燥,無缺陷,路上有停車,有遮蔽物,建築物,無號誌,無號誌,無,無分向設施,車道線(無標記),未繪設快慢車道分隔線,有,車與車,側撞,駕駛者,無號誌路口，轉彎車未讓直行車先行,死亡1;受傷0,2.0,小客車(含客、貨兩用),自用,男,55.0,繫安全帶(使用幼童安全椅),未使用,車的狀態,向前直行中,汽車,右前車頭(身),汽車,前車頭,駕駛者,未依規定減速,否,120.681193,23.750205
2026,2.0,20260213.0,61500.0,A1,南投縣政府警察局,南投縣竹山鎮頂林路東 / 南投縣竹山鎮頂林路西,晴,有照明未開啟或故障,村里道路,30.0,交岔路,四岔路,交叉路口,交叉路口內,柏油,乾燥,無缺陷,路上有停車,有遮蔽物,建築物,無號誌,無號誌,無,無分向設施,車道線(無標記),未繪設快慢車道分隔線,有,車與車,側撞,駕駛者,無號誌路口，轉彎車未讓直行車先行,死亡1;受傷0,3.0,小貨車,自用,女,74.0,不明,未使用,車的狀態,靜止(引擎熄火),其他,無撞擊,其他,無撞擊,其他,違規(臨時)停車,否,120.681193,23.750205
2026,2.0,20260213.0,63700.0,A1,彰化縣警察局,彰化縣田尾鄉中山路1段口 / 彰化縣田尾鄉富農路3段口,晴,有照明未開啟或故障,村里道路,50.0,交岔路,四岔路,交叉路口,交叉口附近,柏油,乾燥,無缺陷,無障礙物,無遮蔽物,良好,行車管制號誌,正常,無,無分向設施,未繪設車道線,未繪設快慢車道分隔線,無,車與車,側撞,駕駛者,左轉彎未依規定,死亡1;受傷0,1.0,小貨車,自用,男,46.0,繫安全帶(使用幼童安全椅),不明,車的狀態,左轉彎,汽車,右後車尾(身),,,駕駛者,左轉彎未依規定,否,120.526939,23.890172
2026,2.0,20260213.0,63700.0,A1,彰化縣警察局,彰化縣田尾鄉中山路1段口 / 彰化縣田尾鄉富農路3段口,晴,有照明未開啟或故障,村里道路,50.0,交岔路,四岔路,交叉路口,交叉口附近,柏油,乾燥,無缺陷,無障礙物,無遮蔽物,良好,行車管制號誌,正常,無,無分向設施,未繪設車道線,未繪設快慢車道分隔線,無,車與車,側撞,駕駛者,左轉彎未依規定,死亡1;受傷0,2.0,機車,普通重型,女,35.0,戴半罩式安全帽,不明,車的狀態,向前直行中,機車與自行車,左側車身,,,駕駛者,未保持行車安全距離,否,120.526939,23.890172
2026,2.0,20260213.0,150117.0,A1,雲林縣警察局,雲林縣古坑鄉中山路與雲193鄉道口,晴,有照明未開啟或故障,其他,50.0,交岔路,四岔路,交叉路口,交叉路口內,柏油,乾燥,無缺陷,無障礙物,無遮蔽物,良好,行車管制號誌,正常,雙向禁止超車線,無標記,未繪設車道線,快慢車道分隔線,有,車與車,側撞,駕駛者,闖紅燈左轉(或迴轉),死亡1;受傷0,1.0,小客車(含客、貨兩用),自用,男,48.0,繫安全帶(使用幼童安全椅),未使用,車的狀態,左轉彎,汽車,右後車尾(身),,,駕駛者,闖紅燈左轉(或迴轉),否,120.560006,23.654967
2026,2.0,20260213.0,150117.0,A1,雲林縣警察局,雲林縣古坑鄉中山路與雲193鄉道口,晴,有照明未開啟或故障,其他,50.0,交岔路,四岔路,交叉路口,交叉路口內,柏油,乾燥,無缺陷,無障礙物,無遮蔽物,良好,行車管制號誌,正常,雙向禁止超車線,無標記,未繪設車道線,快慢車道分隔線,有,車與車,側撞,駕駛者,闖紅燈左轉(或迴轉),死亡1;受傷0,2.0,機車,普通重型,男,47.0,戴半罩式安全帽,未使用,車的狀態,向前直行中,機車與自行車,前車頭,,,駕駛者,闖紅燈直行,否,120.560006,23.654967
2026,2.0,20260213.0,190300.0,A1,臺北市政府警察局,臺北市士林區延平北路7段 / 臺北市士林區延平北路7段,晴,有照明且開啟,市區道路,50.0,交岔路,四岔路,交叉路口,交叉口附近,柏油,乾燥,無缺陷,無障礙物,無遮蔽物,良好,行車管制號誌,正常,雙向禁止超車線,無標記,未繪設車道線,未繪設快慢車道分隔線,無,人與車,穿越道路中,駕駛者,恍神、緊張、心不在焉分心駕駛,死亡1;受傷1,1.0,機車,普通重型,男,59.0,不明,不明,車的狀態,向前直行中,機車與自行車,左側車身,,,駕駛者,恍神、緊張、心不在焉分心駕駛,否,121.496954,25.094786
2026,2.0,20260213.0,190300.0,A1,臺北市政府警察局,臺北市士林區延平北路7段 / 臺北市士林區延平北路7段,晴,有照明且開啟,市區道路,50.0,交岔路,四岔路,交叉路口,交叉口附近,柏油,乾燥,無缺陷,無障礙物,無遮蔽物,良好,行車管制號誌,正常,雙向禁止超車線,無標記,未繪設車道線,未繪設快慢車道分隔線,無,人與車,穿越道路中,駕駛者,恍神、緊張、心不在焉分心駕駛,死亡1;受傷1,2.0,人,行人,女,88.0,其他(無需使用保護裝備之人),非駕駛人,人的狀態,步行,其他,非汽、機及自行車,,,非駕駛者,未依標誌或標線穿越道路,否,121.496954,25.094786
2026,2.0,20260213.0,234000.0,A1,國道公路警察局,新北市中和區國道3號 36公里700.0公尺處北向中線,陰,有照明且開啟,國道,100.0,單路部分,直路,路段,快車道,柏油,乾燥,無缺陷,無障礙物,無遮蔽物,良好,無號誌,無號誌,中央分向島,寬式(50公分以上),車道線(附標記),未繪設快慢車道分隔線,有,車與車,對撞,駕駛者,逆向行駛,死亡1;受傷1,1.0,小客車(含客、貨兩用),自用,男,36.0,不明,未使用,車的狀態,其他,汽車,前車頭,汽車,左側車身,駕駛者,逆向行駛,否,120.708326,23.828038
2026,2.0,20260213.0,234000.0,A1,國道公路警察局,新北市中和區國道3號 36公里700.0公尺處北向中線,陰,有照明且開啟,國道,100.0,單路部分,直路,路段,快車道,柏油,乾燥,無缺陷,無障礙物,無遮蔽物,良好,無號誌,無號誌,中央分向島,寬式(50公分以上),車道線(附標記),未繪設快慢車道分隔線,有,車與車,對撞,駕駛者,逆向行駛,死亡1;受傷1,2.0,小客車(含客、貨兩用),自用,男,39.0,繫安全帶(使用幼童安全椅),未使用,車的狀態,向前直行中,汽車,前車頭,汽車,左側車身,無(車輛駕駛者因素),尚未發現肇事因素,否,120.708326,23.828038
2026,2.0,20260213.0,234000.0,A1,國道公路警察局,新北市中和區國道3號 36公里700.0公尺處北向中線,陰,有照明且開啟,國道,100.0,單路部分,直路,路段,快車道,柏油,乾燥,無缺陷,無障礙物,無遮蔽物,良好,無號誌,無號誌,中央分向島,寬式(50公分以上),車道線(附標記),未繪設快慢車道分隔線,有,車與車,對撞,駕駛者,逆向行駛,死亡1;受傷1,3.0,,,無或物(動物、堆置物),-1.0,,,,,,,,,無(非車輛駕駛人因素),尚未發現肇事因素,否,120.708326,23.828038
2026,2.0,20260213.0,234800.0,A1,桃園市政府警察局,桃園市觀音區中山路一段口 / 桃園市觀音區中山路一段口,霧或煙,有照明且開啟,市區道路,60.0,交岔路,三岔路,交叉路口,交叉路口內,柏油,乾燥,無缺陷,無障礙物,無遮蔽物,良好,閃光號誌,正常,無,無分向設施,未繪設車道線,未繪設快慢車道分隔線,無,車輛本身,其他,駕駛者,恍神、緊張、心不在焉分心駕駛,死亡1;受傷0,1.0,機車,普通重型,男,57.0,戴非半罩式安全帽,未使用,車的狀態,向前直行中,機車與自行車,前車頭,,,駕駛者,恍神、緊張、心不在焉分心駕駛,否,121.105732,25.029719
2026,2.0,20260213.0,234800.0,A1,桃園市政府警察局,桃園市觀音區中山路一段口 / 桃園市觀音區中山路一段口,霧或煙,有照明且開啟,市區道路,60.0,交岔路,三岔路,交叉路口,交叉路口內,柏油,乾燥,無缺陷,無障礙物,無遮蔽物,良好,閃光號誌,正常,無,無分向設施,未繪設車道線,未繪設快慢車道分隔線,無,車輛本身,其他,駕駛者,恍神、緊張、心不在焉分心駕駛,死亡1;受傷0,2.0,,,無或物(動物、堆置物),-1.0,,,,,,,,,無(非車輛駕駛人因素),尚未發現肇事因素,否,121.105732,25.029719
2026,2.0,20260214.0,229.0,A1,桃園市政府警察局,桃園市蘆竹區南竹路二段口 / 桃園市蘆竹區南竹路二段口,晴,有照明且開啟,市區道路,50.0,交岔路,三岔路,交叉路口,交叉路口內,柏油,乾燥,無缺陷,無障礙物,無遮蔽物,良好,閃光號誌,正常,無,無分向設施,未繪設車道線,未繪設快慢車道分隔線,無,車與車,側撞,駕駛者,無號誌路口，轉彎車未讓直行車先行,死亡1;受傷1,1.0,機車,普通重型,男,53.0,戴半罩式安全帽,未使用,車的狀態,左轉彎,機車與自行車,右側車身,,,駕駛者,無號誌路口，轉彎車未讓直行車先行,否,121.283751,25.040313
2026,2.0,20260214.0,229.0,A1,桃園市政府警察局,桃園市蘆竹區南竹路二段口 / 桃園市蘆竹區南竹路二段口,晴,有照明且開啟,市區道路,50.0,交岔路,三岔路,交叉路口,交叉路口內,柏油,乾燥,無缺陷,無障礙物,無遮蔽物,良好,閃光號誌,正常,無,無分向設施,未繪設車道線,未繪設快慢車道分隔線,無,車與車,側撞,駕駛者,無號誌路口，轉彎車未讓直行車先行,死亡1;受傷1,2.0,機車,普通重型,男,22.0,戴半罩式安全帽,未使用,車的狀態,向前直行中,機車與自行車,前車頭,,,駕駛者,未依規定減速,否,121.283751,25.040313
2026,2.0,20260214.0,43714.0,A1,嘉義縣警察局,嘉義縣梅山鄉梅南村公園西街(電桿TS105B81),晴,有照明且開啟,村里道路,50.0,單路部分,彎曲路及附近,路段,一般車道(未劃分快慢車道),柏油,乾燥,無缺陷,無障礙物,無遮蔽物,良好,無號誌,無號誌,雙向禁止超車線,無標記,車道線(無標記),未繪設快慢車道分隔線,有,車輛本身,撞電桿,其他,車輛或機械操作不當(慎),死亡1;受傷0,1.0,機車,大型重型2(250-550C.C.),男,22.0,戴半罩式安全帽,不明,車的狀態,向前直行中,機車與自行車,前車頭,機車與自行車,前車頭,其他,車輛或機械操作不當(慎),否,120.55516,23.581061
2026,2.0,20260214.0,43714.0,A1,嘉義縣警察局,嘉義縣梅山鄉梅南村公園西街(電桿TS105B81),晴,有照明且開啟,村里道路,50.0,單路部分,彎曲路及附近,路段,一般車道(未劃分快慢車道),柏油,乾燥,無缺陷,無障礙物,無遮蔽物,良好,無號誌,無號誌,雙向禁止超車線,無標記,車道線(無標記),未繪設快慢車道分隔線,有,車輛本身,撞電桿,其他,車輛或機械操作不當(慎),死亡1;受傷0,2.0,,,無或物(動物、堆置物),-1.0,,,,,,,,,無(非車輛駕駛人因素),尚未發現肇事因素,否,120.55516,23.581061
2026,2.0,20260214.0,75000.0,A1,宜蘭縣政府警察局,宜蘭縣三星鄉大德路二段西 / 宜蘭縣三星鄉義洲路二段南,晴,有照明未開啟或故障,村里道路,30.0,交岔路,四岔路,交叉路口,交叉路口內,柏油,乾燥,無缺陷,無障礙物,無遮蔽物,良好,無號誌,無號誌,無,無分向設施,未繪設車道線,未繪設快慢車道分隔線,無,車與車,路口交岔撞,駕駛者,無號誌路口，支線道未讓幹線道先行,死亡1;受傷1,1.0,小客車(含客、貨兩用),自用,女,32.0,繫安全帶(使用幼童安全椅),未使用,車的狀態,向前直行中,汽車,左前車頭(身),,,駕駛者,無號誌路口，支線道未讓幹線道先行,否,121.716323,24.693932
2026,2.0,20260214.0,75000.0,A1,宜蘭縣政府警察局,宜蘭縣三星鄉大德路二段西 / 宜蘭縣三星鄉義洲路二段南,晴,有照明未開啟或故障,村里道路,30.0,交岔路,四岔路,交叉路口,交叉路口內,柏油,乾燥,無缺陷,無障礙物,無遮蔽物,良好,無號誌,無號誌,無,無分向設施,未繪設車道線,未繪設快慢車道分隔線,無,車與車,路口交岔撞,駕駛者,無號誌路口，支線道未讓幹線道先行,死亡1;受傷1,2.0,機車,普通重型,男,58.0,戴半罩式安全帽,未使用,車的狀態,向前直行中,機車與自行車,前車頭,,,駕駛者,未依規定減速,否,121.716323,24.693932
2026,2.0,20260214.0,82028.0,A1,臺南市政府警察局,臺南市中西區永華路一段口 / 臺南市中西區郡西路,晴,無照明,市區道路,50.0,交岔路,三岔路,交叉路口,交叉路口內,柏油,乾燥,無缺陷,無障礙物,無遮蔽物,良好,行車管制號誌,正常,無,無分向設施,未繪設車道線,未繪設快慢車道分隔線,無,車與車,其他,駕駛者,左轉彎未依規定,死亡1;受傷0,1.0,小貨車,自用,男,64.0,不明,不明,車的狀態,左轉彎,汽車,右前車頭(身),,,駕駛者,左轉彎未依規定,否,120.193854,22.987795
2026,2.0,20260214.0,82028.0,A1,臺南市政府警察局,臺南市中西區永華路一段口 / 臺南市中西區郡西路,晴,無照明,市區道路,50.0,交岔路,三岔路,交叉路口,交叉路口內,柏油,乾燥,無缺陷,無障礙物,無遮蔽物,良好,行車管制號誌,正常,無,無分向設施,未繪設車道線,未繪設快慢車道分隔線,無,車與車,其他,駕駛者,左轉彎未依規定,死亡1;受傷0,2.0,機車,普通重型,男,23.0,不明,不明,車的狀態,向前直行中,其他,不明,,,駕駛者,恍神、緊張、心不在焉分心駕駛,否,120.193854,22.987795
2026,2.0,20260214.0,134300.0,A1,嘉義縣警察局,嘉義縣民雄鄉鎮北村虎尾寮37號旁路口,晴,無照明,村里道路,30.0,交岔路,四岔路,交叉路口,交叉路口內,柏油,乾燥,無缺陷,無障礙物,無遮蔽物,良好,無號誌,無號誌,無,無分向設施,未繪設車道線,未繪設快慢車道分隔線,無,車與車,路口交岔撞,駕駛者,無號誌路口，支線道未讓幹線道先行,死亡1;受傷1,1.0,機車,普通重型,男,61.0,未戴安全帽或未繫安全帶(未使用幼童安全椅),未使用,車的狀態,向前直行中,機車與自行車,前車頭,,,駕駛者,無號誌路口，支線道未讓幹線道先行,否,120.444519,23.579249
2026,2.0,20260214.0,134300.0,A1,嘉義縣警察局,嘉義縣民雄鄉鎮北村虎尾寮37號旁路口,晴,無照明,村里道路,30.0,交岔路,四岔路,交叉路口,交叉路口內,柏油,乾燥,無缺陷,無障礙物,無遮蔽物,良好,無號誌,無號誌,無,無分向設施,未繪設車道線,未繪設快慢車道分隔線,無,車與車,路口交岔撞,駕駛者,無號誌路口，支線道未讓幹線道先行,死亡1;受傷1,2.0,小客車(含客、貨兩用),自用,男,67.0,繫安全帶(使用幼童安全椅),未使用,車的狀態,向前直行中,汽車,左前車頭(身),,,駕駛者,未依規定減速,否,120.444519,23.579249
2026,2.0,20260214.0,143600.0,A1,臺中市政府警察局,臺中市神岡區社南里昌平路五段228號前0.0公尺,晴,有照明未開啟或故障,市區道路,50.0,圓環廣場,其他,路段,一般車道(未劃分快慢車道),柏油,乾燥,無缺陷,無障礙物,無遮蔽物,良好,無號誌,無號誌,行車分向線,無標記,車道線(無標記),未繪設快慢車道分隔線,有,車輛本身,撞號誌、標誌桿,駕駛者,恍神、緊張、心不在焉分心駕駛,死亡1;受傷0,1.0,慢車,微型電動二輪車,男,39.0,戴半罩式安全帽,不明,車的狀態,向前直行中,機車與自行車,前車頭,,,駕駛者,恍神、緊張、心不在焉分心駕駛,否,120.680144,24.240242
2026,2.0,20260214.0,143600.0,A1,臺中市政府警察局,臺中市神岡區社南里昌平路五段228號前0.0公尺,晴,有照明未開啟或故障,市區道路,50.0,圓環廣場,其他,路段,一般車道(未劃分快慢車道),柏油,乾燥,無缺陷,無障礙物,無遮蔽物,良好,無號誌,無號誌,行車分向線,無標記,車道線(無標記),未繪設快慢車道分隔線,有,車輛本身,撞號誌、標誌桿,駕駛者,恍神、緊張、心不在焉分心駕駛,死亡1;受傷0,2.0,,,無或物(動物、堆置物),0.0,,,,,,,,,無(非車輛駕駛人因素),尚未發現肇事因素,否,120.680144,24.240242
2026,2.0,20260214.0,185433.0,A1,臺南市政府警察局,臺南市新市區三舍里大順六路168號,晴,有照明且開啟,村里道路,50.0,單路部分,直路,路段,一般車道(未劃分快慢車道),柏油,乾燥,無缺陷,無障礙物,無遮蔽物,良好,無號誌,無號誌,無,無分向設施,車道線(無標記),未繪設快慢車道分隔線,有,人與車,對向通行中,非駕駛者,穿越道路未注意左右來車,死亡1;受傷0,1.0,人,行人,男,53.0,其他(無需使用保護裝備之人),非駕駛人,人的狀態,步行,其他,非汽、機及自行車,,,非駕駛者,穿越道路未注意左右來車,否,120.293882,23.091568
2026,2.0,20260214.0,185433.0,A1,臺南市政府警察局,臺南市新市區三舍里大順六路168號,晴,有照明且開啟,村里道路,50.0,單路部分,直路,路段,一般車道(未劃分快慢車道),柏油,乾燥,無缺陷,無障礙物,無遮蔽物,良好,無號誌,無號誌,無,無分向設施,車道線(無標記),未繪設快慢車道分隔線,有,人與車,對向通行中,非駕駛者,穿越道路未注意左右來車,死亡1;受傷0,2.0,小客車(含客、貨兩用),自用,男,41.0,繫安全帶(使用幼童安全椅),未使用,車的狀態,向前直行中,汽車,右前車頭(身),,,駕駛者,恍神、緊張、心不在焉分心駕駛,否,120.293882,23.091568
2026,2.0,20260215.0,23600.0,A1,嘉義市政府警察局,嘉義市西區大溪里高鐵大道前0.0公尺,晴,有照明且開啟,市區道路,40.0,單路部分,直路,路段,慢車道,柏油,乾燥,無缺陷,無障礙物,無遮蔽物,良好,無號誌,無號誌,中央分向島,寬式(50公分以上),未繪設車道線,寬式快慢車道分隔島(50公分以上),有,車輛本身,撞交通島,駕駛者,酒醉(後)駕駛,死亡1;受傷0,1.0,機車,普通重型,男,43.0,戴非半罩式安全帽,未使用,車的狀態,向前直行中,機車與自行車,右側車身,,,駕駛者,酒醉(後)駕駛,否,120.410294,23.485222
2026,2.0,20260215.0,23600.0,A1,嘉義市政府警察局,嘉義市西區大溪里高鐵大道前0.0公尺,晴,有照明且開啟,市區道路,40.0,單路部分,直路,路段,慢車道,柏油,乾燥,無缺陷,無障礙物,無遮蔽物,良好,無號誌,無號誌,中央分向島,寬式(50公分以上),未繪設車道線,寬式快慢車道分隔島(50公分以上),有,車輛本身,撞交通島,駕駛者,酒醉(後)駕駛,死亡1;受傷0,2.0,,,無或物(動物、堆置物),0.0,,,,,,,,,無(非車輛駕駛人因素),尚未發現肇事因素,否,120.410294,23.485222
2026,2.0,20260215.0,72624.0,A1,嘉義縣警察局,嘉義縣水上鄉三鎮村三鎮路116號前路口,晴,有照明未開啟或故障,省道,50.0,交岔路,三岔路,交叉路口,交叉路口內,柏油,乾燥,無缺陷,無障礙物,無遮蔽物,良好,無號誌,無號誌,無,無分向設施,未繪設車道線,未繪設快慢車道分隔線,有,車與車,側撞,駕駛者,左轉彎未依規定,死亡1;受傷1,1.0,機車,普通重型,女,53.0,戴非半罩式安全帽,未使用,車的狀態,左轉彎,機車與自行車,左側車身,,,駕駛者,左轉彎未依規定,否,120.389934,23.420274
2026,2.0,20260215.0,72624.0,A1,嘉義縣警察局,嘉義縣水上鄉三鎮村三鎮路116號前路口,晴,有照明未開啟或故障,省道,50.0,交岔路,三岔路,交叉路口,交叉路口內,柏油,乾燥,無缺陷,無障礙物,無遮蔽物,良好,無號誌,無號誌,無,無分向設施,未繪設車道線,未繪設快慢車道分隔線,有,車與車,側撞,駕駛者,左轉彎未依規定,死亡1;受傷1,2.0,小客車(含客、貨兩用),自用,男,23.0,不明,不明,車的狀態,向前直行中,汽車,右前車頭(身),汽車,前車頭,駕駛者,未依規定減速,否,120.389934,23.420274
2026,2.0,20260215.0,94400.0,A1,臺北市政府警察局,臺北市信義區富陽街 / 臺北市信義區富陽街,晴,有照明未開啟或故障,市區道路,50.0,交岔路,三岔路,交叉路口,交叉口附近,柏油,乾燥,無缺陷,無障礙物,無遮蔽物,良好,無號誌,無號誌,行車分向線,無標記,未繪設車道線,快慢車道分隔線,有,人與車,對向通行中,駕駛者,車輛未依規定暫停讓行人先行,死亡1;受傷0,1.0,小客車(含客、貨兩用),計程車,男,37.0,不明,不明,車的狀態,左轉彎,汽車,前車頭,,,駕駛者,車輛未依規定暫停讓行人先行,否,121.556606,25.021214
2026,2.0,20260215.0,94400.0,A1,臺北市政府警察局,臺北市信義區富陽街 / 臺北市信義區富陽街,晴,有照明未開啟或故障,市區道路,50.0,交岔路,三岔路,交叉路口,交叉口附近,柏油,乾燥,無缺陷,無障礙物,無遮蔽物,良好,無號誌,無號誌,行車分向線,無標記,未繪設車道線,快慢車道分隔線,有,人與車,對向通行中,駕駛者,車輛未依規定暫停讓行人先行,死亡1;受傷0,2.0,人,行人,女,83.0,其他(無需使用保護裝備之人),非駕駛人,人的狀態,步行,其他,非汽、機及自行車,,,無(非車輛駕駛人因素),尚未發現肇事因素,否,121.556606,25.021214
2026,2.0,20260215.0,105500.0,A1,宜蘭縣政府警察局,宜蘭縣蘇澳鎮台9丁線北上8.8K旁,晴,有照明未開啟或故障,省道,40.0,單路部分,坡路,路段,一般車道(未劃分快慢車道),柏油,乾燥,無缺陷,道路工事(程)中,無遮蔽物,良好,無號誌,無號誌,雙向禁止超車線,附標記,未繪設車道線,未繪設快慢車道分隔線,有,車輛本身,撞護欄(樁),其他,其他不當駕車行為,死亡1;受傷1,1.0,機車,普通重型,男,37.0,戴半罩式安全帽,未使用,車的狀態,向前直行中,機車與自行車,前車頭,,,其他,其他不當駕車行為,否,121.866824,24.54916
2026,2.0,20260215.0,105500.0,A1,宜蘭縣政府警察局,宜蘭縣蘇澳鎮台9丁線北上8.8K旁,晴,有照明未開啟或故障,省道,40.0,單路部分,坡路,路段,一般車道(未劃分快慢車道),柏油,乾燥,無缺陷,道路工事(程)中,無遮蔽物,良好,無號誌,無號誌,雙向禁止超車線,附標記,未繪設車道線,未繪設快慢車道分隔線,有,車輛本身,撞護欄(樁),其他,其他不當駕車行為,死亡1;受傷1,2.0,,,無或物(動物、堆置物),-1.0,,,,,,,,,無(非車輛駕駛人因素),尚未發現肇事因素,否,121.866824,24.54916
2026,2.0,20260215.0,105500.0,A1,宜蘭縣政府警察局,宜蘭縣蘇澳鎮台9丁線北上8.8K旁,晴,有照明未開啟或故障,省道,40.0,單路部分,坡路,路段,一般車道(未劃分快慢車道),柏油,乾燥,無缺陷,道路工事(程)中,無遮蔽物,良好,無號誌,無號誌,雙向禁止超車線,附標記,未繪設車道線,未繪設快慢車道分隔線,有,車輛本身,撞護欄(樁),其他,其他不當駕車行為,死亡1;受傷1,3.0,人,乘客,女,30.0,戴半罩式安全帽,非駕駛人,人的狀態,其他,其他,非汽、機及自行車,,,無(非車輛駕駛人因素),尚未發現肇事因素,否,121.866824,24.54916
2026,2.0,20260215.0,110300.0,A1,臺中市政府警察局,臺中市霧峰區北柳里四德路294號前0.0公尺,晴,有照明未開啟或故障,市區道路,50.0,交岔路,四岔路,交叉路口,交叉口附近,柏油,乾燥,無缺陷,無障礙物,無遮蔽物,良好,無號誌,無號誌,無,無分向設施,未繪設車道線,未繪設快慢車道分隔線,無,人與車,其他,駕駛者,觀看其他事故、活動、道路環境或車外資訊分心駕駛,死亡1;受傷0,1.0,小客車(含客、貨兩用),自用,男,46.0,不明,不明,車的狀態,左轉彎,汽車,左前車頭(身),,,駕駛者,觀看其他事故、活動、道路環境或車外資訊分心駕駛,否,120.683004,24.065386
2026,2.0,20260215.0,110300.0,A1,臺中市政府警察局,臺中市霧峰區北柳里四德路294號前0.0公尺,晴,有照明未開啟或故障,市區道路,50.0,交岔路,四岔路,交叉路口,交叉口附近,柏油,乾燥,無缺陷,無障礙物,無遮蔽物,良好,無號誌,無號誌,無,無分向設施,未繪設車道線,未繪設快慢車道分隔線,無,人與車,其他,駕駛者,觀看其他事故、活動、道路環境或車外資訊分心駕駛,死亡1;受傷0,2.0,人,行人,女,80.0,其他(無需使用保護裝備之人),非駕駛人,人的狀態,步行,其他,非汽、機及自行車,,,無(非車輛駕駛人因素),尚未發現肇事因素,否,120.683004,24.065386
2026,2.0,20260215.0,212354.0,A1,花蓮縣警察局,花蓮縣鳳林鎮自強路312號前0.0公尺附近,雨,有照明且開啟,村里道路,50.0,單路部分,直路,路段,一般車道(未劃分快慢車道),柏油,濕潤,無缺陷,無障礙物,無遮蔽物,良好,無號誌,無號誌,雙向禁止超車線,無標記,未繪設車道線,未繪設快慢車道分隔線,有,人與車,穿越道路中,非駕駛者,穿越道路未注意左右來車,死亡1;受傷1,1.0,人,行人,女,81.0,其他(無需使用保護裝備之人),非駕駛人,人的狀態,步行,其他,非汽、機及自行車,,,非駕駛者,穿越道路未注意左右來車,否,121.45838,23.780686