發生年度,發生月份,發生日期,發生時間,事故類別名稱,處理單位名稱警局層,發生地點,天候名稱,光線名稱,道路類別-第1當事者-名稱,速限-第1當事者,道路型態大類別名稱,道路型態子類別名稱,事故位置大類別名稱,事故位置子類別名稱,路面狀況-路面鋪裝名稱,路面狀況-路面狀態名稱,路面狀況-路面缺陷名稱,道路障礙-障礙物名稱,道路障礙-視距品質名稱,道路障礙-視距名稱,號誌-號誌種類名稱,號誌-號誌動作名稱,車道劃分設施-分向設施大類別名稱,車道劃分設施-分向設施子類別名稱,車道劃分設施-分道設施-快車道或一般車道間名稱,車道劃分設施-分道設施-快慢車道間名稱,車道劃分設施-分道設施-路面邊線名稱,事故類型及型態大類別名稱,事故類型及型態子類別名稱,肇因研判大類別名稱-主要,肇因研判子類別名稱-主要,死亡受傷人數,當事者順位,當事者區分-類別-大類別名稱-車種,當事者區分-類別-子類別名稱-車種,當事者屬-性-別名稱,當事者事故發生時年齡,保護裝備名稱,行動電話或電腦或其他相類功能裝置名稱,當事者行動狀態大類別名稱,當事者行動狀態子類別名稱,車輛撞擊部位大類別名稱-最初,車輛撞擊部位子類別名稱-最初,車輛撞擊部位大類別名稱-其他,車輛撞擊部位子類別名稱-其他,肇因研判大類別名稱-個別,肇因研判子類別名稱-個別,肇事逃逸類別名稱-是否肇逃,經度,緯度
2026,2.0,20260215.0,212354.0,A1,花蓮縣警察局,花蓮縣鳳林鎮自強路312號前0.0公尺附近,雨,有照明且開啟,村里道路,50.0,單路部分,直路,路段,一般車道(未劃分快慢車道),柏油,濕潤,無缺陷,無障礙物,無遮蔽物,良好,無號誌,無號誌,雙向禁止超車線,無標記,未繪設車道線,未繪設快慢車道分隔線,有,人與車,穿越道路中,非駕駛者,穿越道路未注意左右來車,死亡1;受傷1,2.0,小客車(含客、貨兩用),自用,女,21.0,繫安全帶(使用幼童安全椅),未使用,車的狀態,向前直行中,汽車,前車頭,,,駕駛者,恍神、緊張、心不在焉分心駕駛,否,121.45838,23.780686
2026,2.0,20260215.0,212354.0,A1,花蓮縣警察局,花蓮縣鳳林鎮自強路312號前0.0公尺附近,雨,有照明且開啟,村里道路,50.0,單路部分,直路,路段,一般車道(未劃分快慢車道),柏油,濕潤,無缺陷,無障礙物,無遮蔽物,良好,無號誌,無號誌,雙向禁止超車線,無標記,未繪設車道線,未繪設快慢車道分隔線,有,人與車,穿越道路中,非駕駛者,穿越道路未注意左右來車,死亡1;受傷1,3.0,,,無或物(動物、堆置物),-1.0,,,,,,,,,無(非車輛駕駛人因素),尚未發現肇事因素,否,121.45838,23.780686
2026,2.0,20260215.0,212354.0,A1,花蓮縣警察局,花蓮縣鳳林鎮自強路312號前0.0公尺附近,雨,有照明且開啟,村里道路,50.0,單路部分,直路,路段,一般車道(未劃分快慢車道),柏油,濕潤,無缺陷,無障礙物,無遮蔽物,良好,無號誌,無號誌,雙向禁止超車線,無標記,未繪設車道線,未繪設快慢車道分隔線,有,人與車,穿越道路中,非駕駛者,穿越道路未注意左右來車,死亡1;受傷1,4.0,,,無或物(動物、堆置物),-1.0,,,,,,,,,無(非車輛駕駛人因素),尚未發現肇事因素,否,121.45838,23.780686
2026,2.0,20260215.0,213100.0,A1,彰化縣警察局,彰化縣大城鄉廓仔巷頂山高分40Y16K47DA27號電桿附近,晴,無照明,村里道路,30.0,單路部分,彎曲路及附近,路段,一般車道(未劃分快慢車道),柏油,乾燥,無缺陷,無障礙物,無遮蔽物,良好,無號誌,無號誌,無,無分向設施,未繪設車道線,未繪設快慢車道分隔線,無,車輛本身,衝出路外,駕駛者,恍神、緊張、心不在焉分心駕駛,死亡1;受傷0,1.0,機車,普通重型,男,17.0,未戴安全帽或未繫安全帶(未使用幼童安全椅),不明,車的狀態,向前直行中,機車與自行車,左側車身,,,駕駛者,恍神、緊張、心不在焉分心駕駛,否,120.33552,23.848241
2026,2.0,20260215.0,213100.0,A1,彰化縣警察局,彰化縣大城鄉廓仔巷頂山高分40Y16K47DA27號電桿附近,晴,無照明,村里道路,30.0,單路部分,彎曲路及附近,路段,一般車道(未劃分快慢車道),柏油,乾燥,無缺陷,無障礙物,無遮蔽物,良好,無號誌,無號誌,無,無分向設施,未繪設車道線,未繪設快慢車道分隔線,無,車輛本身,衝出路外,駕駛者,恍神、緊張、心不在焉分心駕駛,死亡1;受傷0,2.0,,,無或物(動物、堆置物),-1.0,,,,,,,,,無(非車輛駕駛人因素),尚未發現肇事因素,否,120.33552,23.848241
2026,2.0,20260216.0,124400.0,A1,屏東縣政府警察局,屏東縣東港鎮中山路與新基街口,晴,有照明未開啟或故障,縣道,50.0,交岔路,三岔路,交叉路口,交叉口附近,柏油,乾燥,無缺陷,無障礙物,無遮蔽物,良好,無號誌,無號誌,雙向禁止超車線,無標記,車道線(無標記),快慢車道分隔線,有,車與車,追撞,駕駛者,變換車道不當,死亡1;受傷0,1.0,慢車,腳踏自行車,女,73.0,未戴安全帽或未繫安全帶(未使用幼童安全椅),未使用,車的狀態,向左變換車道,機車與自行車,後車尾,,,駕駛者,變換車道不當,否,120.451352,22.466153
2026,2.0,20260216.0,124400.0,A1,屏東縣政府警察局,屏東縣東港鎮中山路與新基街口,晴,有照明未開啟或故障,縣道,50.0,交岔路,三岔路,交叉路口,交叉口附近,柏油,乾燥,無缺陷,無障礙物,無遮蔽物,良好,無號誌,無號誌,雙向禁止超車線,無標記,車道線(無標記),快慢車道分隔線,有,車與車,追撞,駕駛者,變換車道不當,死亡1;受傷0,2.0,小貨車,自用,男,62.0,繫安全帶(使用幼童安全椅),未使用,車的狀態,向前直行中,汽車,前車頭,,,駕駛者,恍神、緊張、心不在焉分心駕駛,否,120.451352,22.466153
2026,2.0,20260217.0,103916.0,A1,南投縣政府警察局,南投縣南投市營盤路113號前0.0公尺附近,晴,有照明未開啟或故障,村里道路,50.0,單路部分,坡路,路段,一般車道(未劃分快慢車道),柏油,乾燥,無缺陷,無障礙物,無遮蔽物,良好,無號誌,無號誌,無,無分向設施,未繪設車道線,未繪設快慢車道分隔線,有,人與車,穿越道路中,其他,其他不當駕車行為,死亡1;受傷1,1.0,機車,普通重型,男,43.0,戴非半罩式安全帽,未使用,車的狀態,向前直行中,機車與自行車,前車頭,,,其他,其他不當駕車行為,否,120.675552,23.943905
2026,2.0,20260217.0,103916.0,A1,南投縣政府警察局,南投縣南投市營盤路113號前0.0公尺附近,晴,有照明未開啟或故障,村里道路,50.0,單路部分,坡路,路段,一般車道(未劃分快慢車道),柏油,乾燥,無缺陷,無障礙物,無遮蔽物,良好,無號誌,無號誌,無,無分向設施,未繪設車道線,未繪設快慢車道分隔線,有,人與車,穿越道路中,其他,其他不當駕車行為,死亡1;受傷1,2.0,人,行人,女,87.0,其他(無需使用保護裝備之人),非駕駛人,人的狀態,步行,其他,非汽、機及自行車,,,非駕駛者,未依標誌或標線穿越道路,否,120.675552,23.943905
2026,2.0,20260217.0,151900.0,A1,新竹市警察局,新竹市北區中山路與中山路319巷口,晴,有照明未開啟或故障,市區道路,50.0,交岔路,三岔路,交叉路口,交叉路口內,柏油,乾燥,無缺陷,無障礙物,無遮蔽物,良好,無號誌,無號誌,無,無分向設施,未繪設車道線,未繪設快慢車道分隔線,無,車與車,側撞,駕駛者,迴轉未依規定,死亡1;受傷0,1.0,小客車(含客、貨兩用),自用,女,24.0,不明,不明,車的狀態,迴轉或橫越道路中,汽車,左側車身,汽車,左後車尾(身),駕駛者,迴轉未依規定,否,120.95952,24.800953
2026,2.0,20260217.0,151900.0,A1,新竹市警察局,新竹市北區中山路與中山路319巷口,晴,有照明未開啟或故障,市區道路,50.0,交岔路,三岔路,交叉路口,交叉路口內,柏油,乾燥,無缺陷,無障礙物,無遮蔽物,良好,無號誌,無號誌,無,無分向設施,未繪設車道線,未繪設快慢車道分隔線,無,車與車,側撞,駕駛者,迴轉未依規定,死亡1;受傷0,2.0,機車,普通重型,女,70.0,戴非半罩式安全帽,未使用,車的狀態,向前直行中,機車與自行車,右側車身,機車與自行車,前車頭,駕駛者,未依規定減速,否,120.95952,24.800953
2026,2.0,20260217.0,161600.0,A1,臺南市政府警察局,臺南市新市區中山路口 / 臺南市新市區長安街,晴,有照明未開啟或故障,市區道路,70.0,交岔路,四岔路,交叉路口,交叉口附近,柏油,乾燥,無缺陷,無障礙物,無遮蔽物,良好,行車管制號誌,正常,中央分向島,寬式(50公分以上),車道線(無標記),快慢車道分隔線,有,車與車,其他,駕駛者,打瞌睡或疲勞駕駛(包括連續駕車8小時),死亡1;受傷0,1.0,小客車(含客、貨兩用),自用,男,73.0,繫安全帶(使用幼童安全椅),不明,車的狀態,向前直行中,汽車,右前車頭(身),汽車,左前車頭(身),駕駛者,打瞌睡或疲勞駕駛(包括連續駕車8小時),否,120.300891,23.074148
2026,2.0,20260217.0,161600.0,A1,臺南市政府警察局,臺南市新市區中山路口 / 臺南市新市區長安街,晴,有照明未開啟或故障,市區道路,70.0,交岔路,四岔路,交叉路口,交叉口附近,柏油,乾燥,無缺陷,無障礙物,無遮蔽物,良好,行車管制號誌,正常,中央分向島,寬式(50公分以上),車道線(無標記),快慢車道分隔線,有,車與車,其他,駕駛者,打瞌睡或疲勞駕駛(包括連續駕車8小時),死亡1;受傷0,2.0,全聯結車,營業用,男,50.0,繫安全帶(使用幼童安全椅),未使用,車的狀態,靜止(引擎熄火),汽車,左側車身,,,其他,違規(臨時)停車,否,120.300891,23.074148
2026,2.0,20260217.0,161600.0,A1,臺南市政府警察局,臺南市新市區中山路口 / 臺南市新市區長安街,晴,有照明未開啟或故障,市區道路,70.0,交岔路,四岔路,交叉路口,交叉口附近,柏油,乾燥,無缺陷,無障礙物,無遮蔽物,良好,行車管制號誌,正常,中央分向島,寬式(50公分以上),車道線(無標記),快慢車道分隔線,有,車與車,其他,駕駛者,打瞌睡或疲勞駕駛(包括連續駕車8小時),死亡1;受傷0,3.0,機車,普通重型,男,73.0,戴半罩式安全帽,未使用,車的狀態,等待(引擎未熄火),機車與自行車,後車尾,,,無(車輛駕駛者因素),尚未發現肇事因素,否,120.300891,23.074148
2026,2.0,20260217.0,190900.0,A1,雲林縣警察局,雲林縣斗六市榮譽路與重光北路口,晴,有照明且開啟,村里道路,50.0,交岔路,三岔路,交叉路口,交叉路口內,柏油,乾燥,無缺陷,無障礙物,無遮蔽物,良好,行車管制號誌,正常,無,無分向設施,未繪設車道線,未繪設快慢車道分隔線,無,車與車,側撞,駕駛者,有號誌路口，轉彎車未讓直行車先行,死亡1;受傷1,1.0,小客車(含客、貨兩用),自用,女,56.0,繫安全帶(使用幼童安全椅),未使用,車的狀態,左轉彎,汽車,右前車頭(身),,,駕駛者,有號誌路口，轉彎車未讓直行車先行,否,120.565768,23.702988
2026,2.0,20260217.0,190900.0,A1,雲林縣警察局,雲林縣斗六市榮譽路與重光北路口,晴,有照明且開啟,村里道路,50.0,交岔路,三岔路,交叉路口,交叉路口內,柏油,乾燥,無缺陷,無障礙物,無遮蔽物,良好,行車管制號誌,正常,無,無分向設施,未繪設車道線,未繪設快慢車道分隔線,無,車與車,側撞,駕駛者,有號誌路口，轉彎車未讓直行車先行,死亡1;受傷1,2.0,機車,普通重型,男,31.0,戴非半罩式安全帽,未使用,車的狀態,向前直行中,機車與自行車,前車頭,,,其他,其他不當駕車行為,否,120.565768,23.702988
2026,2.0,20260217.0,190900.0,A1,雲林縣警察局,雲林縣斗六市榮譽路與重光北路口,晴,有照明且開啟,村里道路,50.0,交岔路,三岔路,交叉路口,交叉路口內,柏油,乾燥,無缺陷,無障礙物,無遮蔽物,良好,行車管制號誌,正常,無,無分向設施,未繪設車道線,未繪設快慢車道分隔線,無,車與車,側撞,駕駛者,有號誌路口，轉彎車未讓直行車先行,死亡1;受傷1,3.0,人,乘客,女,30.0,戴半罩式安全帽,非駕駛人,人的狀態,其他,其他,非汽、機及自行車,,,無(非車輛駕駛人因素),尚未發現肇事因素,否,120.565768,23.702988
2026,2.0,20260218.0,113500.0,A1,南投縣政府警察局,南投縣魚池鄉台21甲線102燈桿旁,晴,有照明未開啟或故障,省道,40.0,單路部分,彎曲路及附近,路段,一般車道(未劃分快慢車道),柏油,乾燥,無缺陷,無障礙物,無遮蔽物,良好,無號誌,無號誌,雙向禁止超車線,無標記,車道線(無標記),未繪設快慢車道分隔線,有,車輛本身,其他,駕駛者,恍神、緊張、心不在焉分心駕駛,死亡1;受傷1,1.0,小客車(含客、貨兩用),自用,男,84.0,不明,未使用,車的狀態,向前直行中,汽車,右前車頭(身),,,駕駛者,恍神、緊張、心不在焉分心駕駛,否,120.922063,23.850804
2026,2.0,20260218.0,113500.0,A1,南投縣政府警察局,南投縣魚池鄉台21甲線102燈桿旁,晴,有照明未開啟或故障,省道,40.0,單路部分,彎曲路及附近,路段,一般車道(未劃分快慢車道),柏油,乾燥,無缺陷,無障礙物,無遮蔽物,良好,無號誌,無號誌,雙向禁止超車線,無標記,車道線(無標記),未繪設快慢車道分隔線,有,車輛本身,其他,駕駛者,恍神、緊張、心不在焉分心駕駛,死亡1;受傷1,2.0,,,無或物(動物、堆置物),-1.0,,,,,,,,,無(非車輛駕駛人因素),尚未發現肇事因素,否,120.922063,23.850804
2026,2.0,20260218.0,113500.0,A1,南投縣政府警察局,南投縣魚池鄉台21甲線102燈桿旁,晴,有照明未開啟或故障,省道,40.0,單路部分,彎曲路及附近,路段,一般車道(未劃分快慢車道),柏油,乾燥,無缺陷,無障礙物,無遮蔽物,良好,無號誌,無號誌,雙向禁止超車線,無標記,車道線(無標記),未繪設快慢車道分隔線,有,車輛本身,其他,駕駛者,恍神、緊張、心不在焉分心駕駛,死亡1;受傷1,3.0,人,乘客,女,-1.0,不明,非駕駛人,人的狀態,其他,其他,非汽、機及自行車,,,無(非車輛駕駛人因素),尚未發現肇事因素,否,120.922063,23.850804
2026,2.0,20260218.0,161900.0,A1,澎湖縣政府警察局,澎湖縣白沙鄉縣203線 14公里400.0公尺處,陰,有照明未開啟或故障,縣道,70.0,單路部分,直路,路段,路肩、路緣,柏油,乾燥,無缺陷,無障礙物,無遮蔽物,良好,無號誌,無號誌,雙向禁止超車線,附標記,車道線(無標記),未繪設快慢車道分隔線,有,車輛本身,撞路樹,駕駛者,恍神、緊張、心不在焉分心駕駛,死亡2;受傷0,1.0,小客車(含客、貨兩用),自用,男,65.0,未戴安全帽或未繫安全帶(未使用幼童安全椅),不明,車的狀態,向前直行中,汽車,前車頭,,,駕駛者,恍神、緊張、心不在焉分心駕駛,否,119.600205,23.655752
2026,2.0,20260218.0,161900.0,A1,澎湖縣政府警察局,澎湖縣白沙鄉縣203線 14公里400.0公尺處,陰,有照明未開啟或故障,縣道,70.0,單路部分,直路,路段,路肩、路緣,柏油,乾燥,無缺陷,無障礙物,無遮蔽物,良好,無號誌,無號誌,雙向禁止超車線,附標記,車道線(無標記),未繪設快慢車道分隔線,有,車輛本身,撞路樹,駕駛者,恍神、緊張、心不在焉分心駕駛,死亡2;受傷0,2.0,,,無或物(動物、堆置物),-1.0,,,,,,,,,無(非車輛駕駛人因素),尚未發現肇事因素,否,119.600205,23.655752
2026,2.0,20260218.0,161900.0,A1,澎湖縣政府警察局,澎湖縣白沙鄉縣203線 14公里400.0公尺處,陰,有照明未開啟或故障,縣道,70.0,單路部分,直路,路段,路肩、路緣,柏油,乾燥,無缺陷,無障礙物,無遮蔽物,良好,無號誌,無號誌,雙向禁止超車線,附標記,車道線(無標記),未繪設快慢車道分隔線,有,車輛本身,撞路樹,駕駛者,恍神、緊張、心不在焉分心駕駛,死亡2;受傷0,3.0,人,乘客,女,63.0,未戴安全帽或未繫安全帶(未使用幼童安全椅),非駕駛人,人的狀態,其他,其他,非汽、機及自行車,,,無(非車輛駕駛人因素),尚未發現肇事因素,否,119.600205,23.655752
2026,2.0,20260218.0,163208.0,A1,花蓮縣警察局,花蓮縣秀林鄉台8線 184公里300.0公尺處,陰,無照明,省道,50.0,單路部分,直路,路段,路肩、路緣,柏油,乾燥,無缺陷,無障礙物,無遮蔽物,良好,無號誌,無號誌,雙向禁止超車線,無標記,未繪設車道線,未繪設快慢車道分隔線,有,車輛本身,撞號誌、標誌桿,駕駛者,恍神、緊張、心不在焉分心駕駛,死亡1;受傷0,1.0,機車,普通重型,女,57.0,戴半罩式安全帽,未使用,車的狀態,向前直行中,機車與自行車,前車頭,,,駕駛者,恍神、緊張、心不在焉分心駕駛,否,121.617307,24.156582
2026,2.0,20260218.0,163208.0,A1,花蓮縣警察局,花蓮縣秀林鄉台8線 184公里300.0公尺處,陰,無照明,省道,50.0,單路部分,直路,路段,路肩、路緣,柏油,乾燥,無缺陷,無障礙物,無遮蔽物,良好,無號誌,無號誌,雙向禁止超車線,無標記,未繪設車道線,未繪設快慢車道分隔線,有,車輛本身,撞號誌、標誌桿,駕駛者,恍神、緊張、心不在焉分心駕駛,死亡1;受傷0,2.0,,,無或物(動物、堆置物),-1.0,,,,,,,,,無(非車輛駕駛人因素),尚未發現肇事因素,否,121.617307,24.156582
2026,2.0,20260218.0,191404.0,A1,嘉義縣警察局,嘉義縣新港鄉海瀛村古庄33分22號電桿旁產業道路,晴,有照明且開啟,村里道路,30.0,單路部分,直路,路段,一般車道(未劃分快慢車道),柏油,乾燥,無缺陷,無障礙物,無遮蔽物,良好,無號誌,無號誌,無,無分向設施,未繪設車道線,未繪設快慢車道分隔線,無,車輛本身,撞護欄(樁),駕駛者,患病或服用藥物(疲勞)駕駛,死亡1;受傷0,1.0,小貨車,自用,男,67.0,未戴安全帽或未繫安全帶(未使用幼童安全椅),未使用,車的狀態,向前直行中,汽車,左前車頭(身),汽車,前車頭,駕駛者,患病或服用藥物(疲勞)駕駛,否,120.355958,23.563822
2026,2.0,20260218.0,191404.0,A1,嘉義縣警察局,嘉義縣新港鄉海瀛村古庄33分22號電桿旁產業道路,晴,有照明且開啟,村里道路,30.0,單路部分,直路,路段,一般車道(未劃分快慢車道),柏油,乾燥,無缺陷,無障礙物,無遮蔽物,良好,無號誌,無號誌,無,無分向設施,未繪設車道線,未繪設快慢車道分隔線,無,車輛本身,撞護欄(樁),駕駛者,患病或服用藥物(疲勞)駕駛,死亡1;受傷0,2.0,,,無或物(動物、堆置物),-1.0,,,,,,,,,無(非車輛駕駛人因素),尚未發現肇事因素,否,120.355958,23.563822
2026,2.0,20260219.0,3500.0,A1,臺中市政府警察局,臺中市大安區中庄里南安路136號前0.0公尺,晴,有照明且開啟,市區道路,50.0,單路部分,直路,其他,其他,柏油,乾燥,無缺陷,無障礙物,無遮蔽物,良好,無號誌,無號誌,行車分向線,無標記,未繪設車道線,未繪設快慢車道分隔線,有,車輛本身,其他,其他,其他不當駕車行為,死亡1;受傷0,1.0,機車,普通重型,男,58.0,不明,不明,車的狀態,其他,其他,不明,,,其他,其他不當駕車行為,否,120.579203,24.34998
2026,2.0,20260219.0,3500.0,A1,臺中市政府警察局,臺中市大安區中庄里南安路136號前0.0公尺,晴,有照明且開啟,市區道路,50.0,單路部分,直路,其他,其他,柏油,乾燥,無缺陷,無障礙物,無遮蔽物,良好,無號誌,無號誌,行車分向線,無標記,未繪設車道線,未繪設快慢車道分隔線,有,車輛本身,其他,其他,其他不當駕車行為,死亡1;受傷0,2.0,,,無或物(動物、堆置物),0.0,,,,,,,,,無(非車輛駕駛人因素),尚未發現肇事因素,否,120.579203,24.34998
2026,2.0,20260219.0,200100.0,A1,苗栗縣警察局,苗栗縣南庄鄉蓬萊村13鄰大湳聯絡道,晴,有照明且開啟,其他,40.0,單路部分,彎曲路及附近,其他,其他,柏油,乾燥,無缺陷,無障礙物,無遮蔽物,良好,無號誌,無號誌,無,無分向設施,未繪設車道線,未繪設快慢車道分隔線,有,車輛本身,撞路樹,其他,其他不當駕車行為,死亡1;受傷0,1.0,機車,普通重型,男,70.0,戴半罩式安全帽,未使用,車的狀態,向前直行中,機車與自行車,前車頭,,,其他,其他不當駕車行為,否,120.968707,24.532077
2026,2.0,20260219.0,200100.0,A1,苗栗縣警察局,苗栗縣南庄鄉蓬萊村13鄰大湳聯絡道,晴,有照明且開啟,其他,40.0,單路部分,彎曲路及附近,其他,其他,柏油,乾燥,無缺陷,無障礙物,無遮蔽物,良好,無號誌,無號誌,無,無分向設施,未繪設車道線,未繪設快慢車道分隔線,有,車輛本身,撞路樹,其他,其他不當駕車行為,死亡1;受傷0,2.0,,,無或物(動物、堆置物),-1.0,,,,,,,,,無(非車輛駕駛人因素),尚未發現肇事因素,否,120.968707,24.532077
2026,2.0,20260220.0,141247.0,A1,嘉義縣警察局,嘉義縣水上鄉龍德村十一指厝120-12號旁路口,晴,無照明,村里道路,30.0,交岔路,四岔路,交叉路口,交叉路口內,柏油,乾燥,無缺陷,無障礙物,無遮蔽物,良好,無號誌,無號誌,無,無分向設施,未繪設車道線,未繪設快慢車道分隔線,有,車與車,路口交岔撞,駕駛者,無號誌路口，支線道未讓幹線道先行,死亡1;受傷2,1.0,小貨車,自用,男,66.0,繫安全帶(使用幼童安全椅),使用手持或有礙駕駛安全,車的狀態,向前直行中,汽車,右前車頭(身),,,駕駛者,無號誌路口，支線道未讓幹線道先行,否,120.381086,23.424475
2026,2.0,20260220.0,141247.0,A1,嘉義縣警察局,嘉義縣水上鄉龍德村十一指厝120-12號旁路口,晴,無照明,村里道路,30.0,交岔路,四岔路,交叉路口,交叉路口內,柏油,乾燥,無缺陷,無障礙物,無遮蔽物,良好,無號誌,無號誌,無,無分向設施,未繪設車道線,未繪設快慢車道分隔線,有,車與車,路口交岔撞,駕駛者,無號誌路口，支線道未讓幹線道先行,死亡1;受傷2,2.0,小客車(含客、貨兩用),自用,男,23.0,繫安全帶(使用幼童安全椅),使用手持或有礙駕駛安全,車的狀態,向前直行中,汽車,左前車頭(身),,,駕駛者,未依規定減速,否,120.381086,23.424475
2026,2.0,20260220.0,141247.0,A1,嘉義縣警察局,嘉義縣水上鄉龍德村十一指厝120-12號旁路口,晴,無照明,村里道路,30.0,交岔路,四岔路,交叉路口,交叉路口內,柏油,乾燥,無缺陷,無障礙物,無遮蔽物,良好,無號誌,無號誌,無,無分向設施,未繪設車道線,未繪設快慢車道分隔線,有,車與車,路口交岔撞,駕駛者,無號誌路口，支線道未讓幹線道先行,死亡1;受傷2,3.0,人,乘客,女,69.0,繫安全帶(使用幼童安全椅),非駕駛人,人的狀態,其他,其他,非汽、機及自行車,,,無(非車輛駕駛人因素),尚未發現肇事因素,否,120.381086,23.424475
2026,2.0,20260220.0,162000.0,A1,新北市政府警察局,新北市林口區台15線道前0.0公尺,晴,無照明,市區道路,50.0,單路部分,直路,路段,一般車道(未劃分快慢車道),柏油,乾燥,無缺陷,無障礙物,無遮蔽物,良好,無號誌,無號誌,無,無分向設施,未繪設車道線,未繪設快慢車道分隔線,有,車輛本身,路上翻車、摔倒,駕駛者,恍神、緊張、心不在焉分心駕駛,死亡1;受傷0,1.0,機車,普通重型,女,22.0,戴半罩式安全帽,不明,車的狀態,其他,機車與自行車,左側車身,,,駕駛者,恍神、緊張、心不在焉分心駕駛,否,121.295902,25.120366
2026,2.0,20260220.0,162000.0,A1,新北市政府警察局,新北市林口區台15線道前0.0公尺,晴,無照明,市區道路,50.0,單路部分,直路,路段,一般車道(未劃分快慢車道),柏油,乾燥,無缺陷,無障礙物,無遮蔽物,良好,無號誌,無號誌,無,無分向設施,未繪設車道線,未繪設快慢車道分隔線,有,車輛本身,路上翻車、摔倒,駕駛者,恍神、緊張、心不在焉分心駕駛,死亡1;受傷0,2.0,,,無或物(動物、堆置物),115.0,,,,,,,,,無(非車輛駕駛人因素),尚未發現肇事因素,否,121.295902,25.120366
2026,2.0,20260220.0,184800.0,A1,新北市政府警察局,新北市永和區永福橋道路前0.0公尺,晴,有照明且開啟,市區道路,50.0,單路部分,橋樑,路段,一般車道(未劃分快慢車道),柏油,乾燥,無缺陷,無障礙物,無遮蔽物,良好,無號誌,無號誌,雙向禁止超車線,附標記,車道線(無標記),未繪設快慢車道分隔線,有,車與車,對撞,駕駛者,逆向行駛,死亡1;受傷0,1.0,小客車(含客、貨兩用),計程車,男,69.0,不明,不明,車的狀態,其他,汽車,左前車頭(身),,,駕駛者,逆向行駛,否,121.52549,25.00902
2026,2.0,20260220.0,184800.0,A1,新北市政府警察局,新北市永和區永福橋道路前0.0公尺,晴,有照明且開啟,市區道路,50.0,單路部分,橋樑,路段,一般車道(未劃分快慢車道),柏油,乾燥,無缺陷,無障礙物,無遮蔽物,良好,無號誌,無號誌,雙向禁止超車線,附標記,車道線(無標記),未繪設快慢車道分隔線,有,車與車,對撞,駕駛者,逆向行駛,死亡1;受傷0,2.0,機車,普通重型,男,20.0,戴非半罩式安全帽,不明,車的狀態,向前直行中,機車與自行車,前車頭,,,無(車輛駕駛者因素),尚未發現肇事因素,否,121.52549,25.00902
2026,2.0,20260221.0,1222.0,A1,屏東縣政府警察局,屏東縣滿州鄉屏200線6.5k,陰,有照明未開啟或故障,縣道,40.0,單路部分,彎曲路及附近,路段,慢車道,柏油,濕潤,無缺陷,無障礙物,無遮蔽物,良好,無號誌,無號誌,雙向禁止超車線,附標記,未繪設車道線,快慢車道分隔線,有,車輛本身,撞護欄(樁),駕駛者,恍神、緊張、心不在焉分心駕駛,死亡1;受傷1,1.0,機車,普通重型,男,21.0,戴半罩式安全帽,未使用,車的狀態,向前直行中,機車與自行車,前車頭,,,駕駛者,恍神、緊張、心不在焉分心駕駛,否,120.828339,22.069614
2026,2.0,20260221.0,1222.0,A1,屏東縣政府警察局,屏東縣滿州鄉屏200線6.5k,陰,有照明未開啟或故障,縣道,40.0,單路部分,彎曲路及附近,路段,慢車道,柏油,濕潤,無缺陷,無障礙物,無遮蔽物,良好,無號誌,無號誌,雙向禁止超車線,附標記,未繪設車道線,快慢車道分隔線,有,車輛本身,撞護欄(樁),駕駛者,恍神、緊張、心不在焉分心駕駛,死亡1;受傷1,2.0,,,無或物(動物、堆置物),-1.0,,,,,,,,,無(非車輛駕駛人因素),尚未發現肇事因素,否,120.828339,22.069614
2026,2.0,20260221.0,1222.0,A1,屏東縣政府警察局,屏東縣滿州鄉屏200線6.5k,陰,有照明未開啟或故障,縣道,40.0,單路部分,彎曲路及附近,路段,慢車道,柏油,濕潤,無缺陷,無障礙物,無遮蔽物,良好,無號誌,無號誌,雙向禁止超車線,附標記,未繪設車道線,快慢車道分隔線,有,車輛本身,撞護欄(樁),駕駛者,恍神、緊張、心不在焉分心駕駛,死亡1;受傷1,3.0,人,乘客,女,20.0,戴半罩式安全帽,非駕駛人,人的狀態,其他,其他,非汽、機及自行車,,,無(非車輛駕駛人因素),尚未發現肇事因素,否,120.828339,22.069614
2026,2.0,20260221.0,63000.0,A1,臺中市政府警察局,臺中市潭子區環中東路一段口 / 臺中市潭子區潭興路一段口,晴,無照明,市區道路,50.0,交岔路,多岔路,交叉路口,交叉口附近,柏油,乾燥,無缺陷,無障礙物,無遮蔽物,良好,行車管制號誌,正常,中央分向島,寬式(50公分以上),車道線(無標記),未繪設快慢車道分隔線,有,車輛本身,撞電桿,其他,其他不當駕車行為,死亡1;受傷0,1.0,機車,普通重型,男,28.0,戴非半罩式安全帽,使用免持或未有礙駕駛安全,車的狀態,向前直行中,機車與自行車,前車頭,,,其他,其他不當駕車行為,否,120.714819,24.200062
2026,2.0,20260221.0,63000.0,A1,臺中市政府警察局,臺中市潭子區環中東路一段口 / 臺中市潭子區潭興路一段口,晴,無照明,市區道路,50.0,交岔路,多岔路,交叉路口,交叉口附近,柏油,乾燥,無缺陷,無障礙物,無遮蔽物,良好,行車管制號誌,正常,中央分向島,寬式(50公分以上),車道線(無標記),未繪設快慢車道分隔線,有,車輛本身,撞電桿,其他,其他不當駕車行為,死亡1;受傷0,2.0,,,無或物(動物、堆置物),0.0,,,,,,,,,無(非車輛駕駛人因素),尚未發現肇事因素,否,120.714819,24.200062