發生年度,發生月份,發生日期,發生時間,事故類別名稱,處理單位名稱警局層,發生地點,天候名稱,光線名稱,道路類別-第1當事者-名稱,速限-第1當事者,道路型態大類別名稱,道路型態子類別名稱,事故位置大類別名稱,事故位置子類別名稱,路面狀況-路面鋪裝名稱,路面狀況-路面狀態名稱,路面狀況-路面缺陷名稱,道路障礙-障礙物名稱,道路障礙-視距品質名稱,道路障礙-視距名稱,號誌-號誌種類名稱,號誌-號誌動作名稱,車道劃分設施-分向設施大類別名稱,車道劃分設施-分向設施子類別名稱,車道劃分設施-分道設施-快車道或一般車道間名稱,車道劃分設施-分道設施-快慢車道間名稱,車道劃分設施-分道設施-路面邊線名稱,事故類型及型態大類別名稱,事故類型及型態子類別名稱,肇因研判大類別名稱-主要,肇因研判子類別名稱-主要,死亡受傷人數,當事者順位,當事者區分-類別-大類別名稱-車種,當事者區分-類別-子類別名稱-車種,當事者屬-性-別名稱,當事者事故發生時年齡,保護裝備名稱,行動電話或電腦或其他相類功能裝置名稱,當事者行動狀態大類別名稱,當事者行動狀態子類別名稱,車輛撞擊部位大類別名稱-最初,車輛撞擊部位子類別名稱-最初,車輛撞擊部位大類別名稱-其他,車輛撞擊部位子類別名稱-其他,肇因研判大類別名稱-個別,肇因研判子類別名稱-個別,肇事逃逸類別名稱-是否肇逃,經度,緯度
2026,2.0,20260221.0,101000.0,A1,新北市政府警察局,新北市土城區中州路12巷38號前0.0公尺,晴,無照明,市區道路,30.0,單路部分,直路,路段,一般車道(未劃分快慢車道),柏油,乾燥,無缺陷,無障礙物,無遮蔽物,良好,無號誌,無號誌,無,無分向設施,未繪設車道線,未繪設快慢車道分隔線,有,車與車,倒車撞,駕駛者,倒車未依規定,死亡1;受傷0,1.0,小客車(含客、貨兩用),自用,男,39.0,繫安全帶(使用幼童安全椅),未使用,車的狀態,倒車,汽車,後車尾,,,駕駛者,倒車未依規定,否,121.41551,24.957773
2026,2.0,20260221.0,101000.0,A1,新北市政府警察局,新北市土城區中州路12巷38號前0.0公尺,晴,無照明,市區道路,30.0,單路部分,直路,路段,一般車道(未劃分快慢車道),柏油,乾燥,無缺陷,無障礙物,無遮蔽物,良好,無號誌,無號誌,無,無分向設施,未繪設車道線,未繪設快慢車道分隔線,有,車與車,倒車撞,駕駛者,倒車未依規定,死亡1;受傷0,2.0,慢車,腳踏自行車,女,71.0,其他(無需使用保護裝備之人),未使用,不明,不明,其他,不明,,,無(車輛駕駛者因素),尚未發現肇事因素,否,121.41551,24.957773
2026,2.0,20260221.0,155700.0,A1,雲林縣警察局,雲林縣四湖鄉溪底村縣道133線、產業道路口,晴,無照明,村里道路,30.0,交岔路,四岔路,交叉路口,交叉路口內,柏油,乾燥,無缺陷,無障礙物,無遮蔽物,良好,無號誌,無號誌,無,無分向設施,未繪設車道線,未繪設快慢車道分隔線,有,車與車,路口交岔撞,其他,其他不當駕車行為,死亡1;受傷0,1.0,其他車,拼裝車,男,35.0,繫安全帶(使用幼童安全椅),未使用,車的狀態,向前直行中,其他,不明,,,其他,其他不當駕車行為,是,120.191401,23.649365
2026,2.0,20260221.0,155700.0,A1,雲林縣警察局,雲林縣四湖鄉溪底村縣道133線、產業道路口,晴,無照明,村里道路,30.0,交岔路,四岔路,交叉路口,交叉路口內,柏油,乾燥,無缺陷,無障礙物,無遮蔽物,良好,無號誌,無號誌,無,無分向設施,未繪設車道線,未繪設快慢車道分隔線,有,車與車,路口交岔撞,其他,其他不當駕車行為,死亡1;受傷0,2.0,機車,普通重型,男,65.0,未戴安全帽或未繫安全帶(未使用幼童安全椅),未使用,車的狀態,向前直行中,機車與自行車,前車頭,,,其他,其他不當駕車行為,否,120.191401,23.649365
2026,2.0,20260222.0,140700.0,A1,高雄市政府警察局,高雄市桃源區南橫公路瓦筏哈橋號前0.0公尺西,晴,無照明,市區道路,30.0,單路部分,彎曲路及附近,路段,一般車道(未劃分快慢車道),柏油,乾燥,無缺陷,無障礙物,無遮蔽物,良好,無號誌,無號誌,行車分向線,無標記,未繪設車道線,未繪設快慢車道分隔線,有,車輛本身,路上翻車、摔倒,無(車輛駕駛者因素),尚未發現肇事因素,死亡1;受傷0,1.0,機車,普通重型,男,67.0,戴半罩式安全帽,未使用,車的狀態,向前直行中,機車與自行車,右側車身,,,無(車輛駕駛者因素),尚未發現肇事因素,否,120.7859,23.18725
2026,2.0,20260222.0,140700.0,A1,高雄市政府警察局,高雄市桃源區南橫公路瓦筏哈橋號前0.0公尺西,晴,無照明,市區道路,30.0,單路部分,彎曲路及附近,路段,一般車道(未劃分快慢車道),柏油,乾燥,無缺陷,無障礙物,無遮蔽物,良好,無號誌,無號誌,行車分向線,無標記,未繪設車道線,未繪設快慢車道分隔線,有,車輛本身,路上翻車、摔倒,無(車輛駕駛者因素),尚未發現肇事因素,死亡1;受傷0,2.0,,,無或物(動物、堆置物),0.0,,,,,,,,,無(非車輛駕駛人因素),道路設施(備)、植栽或其他裝置，倒塌或掉(斷)落,否,120.7859,23.18725
2026,2.0,20260222.0,164200.0,A1,雲林縣警察局,雲林縣莿桐鄉興桐村台1線231公里處附近,晴,有照明未開啟或故障,省道,70.0,單路部分,直路,路段,慢車道,柏油,乾燥,無缺陷,路上有停車,無遮蔽物,良好,無號誌,無號誌,中央分向島,寬式(50公分以上),車道線(無標記),快慢車道分隔線,有,車與車,追撞,其他,違規(臨時)停車,死亡1;受傷1,1.0,小客車(含客、貨兩用),自用,女,44.0,不明,不明,車的狀態,等待(引擎未熄火),汽車,後車尾,,,其他,違規(臨時)停車,否,120.483708,23.769602
2026,2.0,20260222.0,164200.0,A1,雲林縣警察局,雲林縣莿桐鄉興桐村台1線231公里處附近,晴,有照明未開啟或故障,省道,70.0,單路部分,直路,路段,慢車道,柏油,乾燥,無缺陷,路上有停車,無遮蔽物,良好,無號誌,無號誌,中央分向島,寬式(50公分以上),車道線(無標記),快慢車道分隔線,有,車與車,追撞,其他,違規(臨時)停車,死亡1;受傷1,2.0,機車,普通重型,男,34.0,戴半罩式安全帽,未使用,車的狀態,向前直行中,機車與自行車,前車頭,,,駕駛者,恍神、緊張、心不在焉分心駕駛,否,120.483708,23.769602
2026,2.0,20260222.0,164200.0,A1,雲林縣警察局,雲林縣莿桐鄉興桐村台1線231公里處附近,晴,有照明未開啟或故障,省道,70.0,單路部分,直路,路段,慢車道,柏油,乾燥,無缺陷,路上有停車,無遮蔽物,良好,無號誌,無號誌,中央分向島,寬式(50公分以上),車道線(無標記),快慢車道分隔線,有,車與車,追撞,其他,違規(臨時)停車,死亡1;受傷1,3.0,人,乘客,男,25.0,戴半罩式安全帽,非駕駛人,不明,不明,其他,非汽、機及自行車,,,非駕駛者,其他引起事故之疏失或行為,否,120.483708,23.769602
2026,2.0,20260222.0,173900.0,A1,臺中市政府警察局,臺中市大安區松雅里大安港路530號前0.0公尺,晴,有照明未開啟或故障,市區道路,50.0,單路部分,彎曲路及附近,路段,快車道,柏油,乾燥,無缺陷,無障礙物,無遮蔽物,良好,無號誌,無號誌,雙向禁止超車線,無標記,未繪設車道線,快慢車道分隔線,有,車輛本身,撞號誌、標誌桿,其他,其他不當駕車行為,死亡1;受傷0,1.0,機車,普通重型,男,58.0,戴半罩式安全帽,未使用,車的狀態,向前直行中,機車與自行車,右側車身,,,其他,其他不當駕車行為,否,120.604569,24.359272
2026,2.0,20260222.0,173900.0,A1,臺中市政府警察局,臺中市大安區松雅里大安港路530號前0.0公尺,晴,有照明未開啟或故障,市區道路,50.0,單路部分,彎曲路及附近,路段,快車道,柏油,乾燥,無缺陷,無障礙物,無遮蔽物,良好,無號誌,無號誌,雙向禁止超車線,無標記,未繪設車道線,快慢車道分隔線,有,車輛本身,撞號誌、標誌桿,其他,其他不當駕車行為,死亡1;受傷0,2.0,,,無或物(動物、堆置物),0.0,,,,,,,,,無(非車輛駕駛人因素),尚未發現肇事因素,否,120.604569,24.359272
2026,2.0,20260223.0,111500.0,A1,花蓮縣警察局,花蓮縣花蓮市建安街附近 / 花蓮縣花蓮市無名路附近,晴,有照明且開啟,市區道路,30.0,交岔路,三岔路,交叉路口,交叉口附近,柏油,乾燥,無缺陷,無障礙物,無遮蔽物,良好,無號誌,無號誌,無,無分向設施,未繪設車道線,未繪設快慢車道分隔線,有,車與車,側撞,駕駛者,無號誌路口，轉彎車未讓直行車先行,死亡1;受傷0,1.0,機車,普通重型,男,83.0,不明,不明,車的狀態,左轉彎,機車與自行車,左側車身,,,駕駛者,無號誌路口，轉彎車未讓直行車先行,否,121.580476,23.996755
2026,2.0,20260223.0,111500.0,A1,花蓮縣警察局,花蓮縣花蓮市建安街附近 / 花蓮縣花蓮市無名路附近,晴,有照明且開啟,市區道路,30.0,交岔路,三岔路,交叉路口,交叉口附近,柏油,乾燥,無缺陷,無障礙物,無遮蔽物,良好,無號誌,無號誌,無,無分向設施,未繪設車道線,未繪設快慢車道分隔線,有,車與車,側撞,駕駛者,無號誌路口，轉彎車未讓直行車先行,死亡1;受傷0,2.0,小客車(含客、貨兩用),自用,男,42.0,不明,不明,車的狀態,向前直行中,汽車,前車頭,,,駕駛者,恍神、緊張、心不在焉分心駕駛,否,121.580476,23.996755
2026,2.0,20260223.0,153222.0,A1,雲林縣警察局,雲林縣四湖鄉關聖路與環湖東路口,晴,有照明未開啟或故障,市區道路,30.0,交岔路,三岔路,交叉路口,交叉路口內,柏油,乾燥,無缺陷,無障礙物,無遮蔽物,良好,閃光號誌,正常,行車分向線,附標記,車道線(附標記),未繪設快慢車道分隔線,有,車與車,對向擦撞,駕駛者,未保持行車安全距離,死亡1;受傷0,1.0,小客車(含客、貨兩用),自用,男,66.0,不明,不明,車的狀態,左轉彎,汽車,前車頭,機車與自行車,左側車身,駕駛者,未保持行車安全距離,否,120.243129,23.644215
2026,2.0,20260223.0,153222.0,A1,雲林縣警察局,雲林縣四湖鄉關聖路與環湖東路口,晴,有照明未開啟或故障,市區道路,30.0,交岔路,三岔路,交叉路口,交叉路口內,柏油,乾燥,無缺陷,無障礙物,無遮蔽物,良好,閃光號誌,正常,行車分向線,附標記,車道線(附標記),未繪設快慢車道分隔線,有,車與車,對向擦撞,駕駛者,未保持行車安全距離,死亡1;受傷0,2.0,機車,普通重型,男,56.0,未戴安全帽或未繫安全帶(未使用幼童安全椅),不明,車的狀態,向前直行中,機車與自行車,前車頭,機車與自行車,前車頭,駕駛者,未保持行車安全距離,否,120.243129,23.644215
2026,2.0,20260223.0,164200.0,A1,高雄市政府警察局,高雄市三民區正忠路 / 高雄市三民區正忠路,晴,有照明未開啟或故障,市區道路,50.0,交岔路,四岔路,交叉路口,交叉路口內,柏油,乾燥,無缺陷,無障礙物,無遮蔽物,良好,閃光號誌,正常,雙向禁止超車線,無標記,未繪設車道線,快慢車道分隔線,無,車與車,側撞,駕駛者,有號誌路口，轉彎車未讓直行車先行,死亡1;受傷0,1.0,小客車(含客、貨兩用),自用,男,25.0,繫安全帶(使用幼童安全椅),未使用,車的狀態,左轉彎,汽車,前車頭,,,駕駛者,有號誌路口，轉彎車未讓直行車先行,否,120.3304,22.64921
2026,2.0,20260223.0,164200.0,A1,高雄市政府警察局,高雄市三民區正忠路 / 高雄市三民區正忠路,晴,有照明未開啟或故障,市區道路,50.0,交岔路,四岔路,交叉路口,交叉路口內,柏油,乾燥,無缺陷,無障礙物,無遮蔽物,良好,閃光號誌,正常,雙向禁止超車線,無標記,未繪設車道線,快慢車道分隔線,無,車與車,側撞,駕駛者,有號誌路口，轉彎車未讓直行車先行,死亡1;受傷0,2.0,機車,普通重型,男,18.0,戴半罩式安全帽,未使用,車的狀態,向前直行中,機車與自行車,前車頭,,,無(車輛駕駛者因素),尚未發現肇事因素,否,120.3304,22.64921
2026,2.0,20260224.0,22400.0,A1,彰化縣警察局,彰化縣彰化市國聖里中山路997-10號附近,晴,有照明且開啟,市區道路,40.0,單路部分,彎曲路及附近,路段,機車專用道,柏油,乾燥,無缺陷,無障礙物,無遮蔽物,良好,無號誌,無號誌,中央分向島,寬式(50公分以上),未繪設車道線,未繪設快慢車道分隔線,無,車輛本身,路上翻車、摔倒,其他,相關跡證不足且無具體影像紀錄，當事人各執一詞，經分析後無法釐清肇事原因,死亡1;受傷0,1.0,機車,普通重型,男,21.0,不明,不明,車的狀態,向前直行中,機車與自行車,前車頭,機車與自行車,左側車身,其他,相關跡證不足且無具體影像紀錄，當事人各執一詞，經分析後無法釐清肇事原因,否,120.579084,24.100097
2026,2.0,20260224.0,22400.0,A1,彰化縣警察局,彰化縣彰化市國聖里中山路997-10號附近,晴,有照明且開啟,市區道路,40.0,單路部分,彎曲路及附近,路段,機車專用道,柏油,乾燥,無缺陷,無障礙物,無遮蔽物,良好,無號誌,無號誌,中央分向島,寬式(50公分以上),未繪設車道線,未繪設快慢車道分隔線,無,車輛本身,路上翻車、摔倒,其他,相關跡證不足且無具體影像紀錄，當事人各執一詞，經分析後無法釐清肇事原因,死亡1;受傷0,2.0,,,無或物(動物、堆置物),-1.0,,,,,,,,,無(非車輛駕駛人因素),尚未發現肇事因素,否,120.579084,24.100097
2026,2.0,20260224.0,55234.0,A1,臺南市政府警察局,臺南市官田區渡拔里三塊厝65之19號前路口(台1線309.1公里處北上)外側混合車道,晴,有照明且開啟,省道,60.0,交岔路,四岔路,交叉路口,交叉口附近,柏油,乾燥,無缺陷,無障礙物,無遮蔽物,良好,無號誌,無號誌,中央分向島,寬式(50公分以上),未繪設車道線,未繪設快慢車道分隔線,無,人與車,穿越道路中,非駕駛者,穿越道路未注意左右來車,死亡1;受傷0,1.0,人,行人,女,76.0,其他(無需使用保護裝備之人),非駕駛人,人的狀態,步行,其他,非汽、機及自行車,其他,非汽、機及自行車,非駕駛者,穿越道路未注意左右來車,否,120.341173,23.162261
2026,2.0,20260224.0,55234.0,A1,臺南市政府警察局,臺南市官田區渡拔里三塊厝65之19號前路口(台1線309.1公里處北上)外側混合車道,晴,有照明且開啟,省道,60.0,交岔路,四岔路,交叉路口,交叉口附近,柏油,乾燥,無缺陷,無障礙物,無遮蔽物,良好,無號誌,無號誌,中央分向島,寬式(50公分以上),未繪設車道線,未繪設快慢車道分隔線,無,人與車,穿越道路中,非駕駛者,穿越道路未注意左右來車,死亡1;受傷0,2.0,小貨車,自用,男,60.0,繫安全帶(使用幼童安全椅),未使用,車的狀態,向右變換車道,汽車,右前車頭(身),汽車,右前車頭(身),駕駛者,恍神、緊張、心不在焉分心駕駛,否,120.341173,23.162261
2026,2.0,20260224.0,160400.0,A1,臺東縣警察局,臺東縣成功鎮台11線 115公里500.0公尺處,晴,有照明未開啟或故障,省道,40.0,交岔路,四岔路,交叉路口,交叉口附近,柏油,乾燥,無缺陷,無障礙物,無遮蔽物,良好,閃光號誌,正常,雙向禁止超車線,附標記,未繪設車道線,快慢車道分隔線,有,車與車,側撞,駕駛者,左轉彎未依規定,死亡1;受傷0,1.0,機車,普通重型,男,81.0,戴半罩式安全帽,未使用,車的狀態,左轉彎,機車與自行車,左側車身,,,駕駛者,左轉彎未依規定,否,121.358296,23.095916
2026,2.0,20260224.0,160400.0,A1,臺東縣警察局,臺東縣成功鎮台11線 115公里500.0公尺處,晴,有照明未開啟或故障,省道,40.0,交岔路,四岔路,交叉路口,交叉口附近,柏油,乾燥,無缺陷,無障礙物,無遮蔽物,良好,閃光號誌,正常,雙向禁止超車線,附標記,未繪設車道線,快慢車道分隔線,有,車與車,側撞,駕駛者,左轉彎未依規定,死亡1;受傷0,2.0,小客車(含客、貨兩用),自用,女,68.0,繫安全帶(使用幼童安全椅),未使用,車的狀態,向前直行中,汽車,前車頭,,,其他,其他不當駕車行為,否,121.358296,23.095916
2026,2.0,20260224.0,180300.0,A1,臺北市政府警察局,臺北市松山區南京東路5段 / 臺北市松山區三民路,晴,有照明且開啟,市區道路,50.0,單路部分,直路,路段,一般車道(未劃分快慢車道),柏油,乾燥,無缺陷,無障礙物,無遮蔽物,良好,行車管制號誌(附設行人專用號誌),正常,中央分向島,寬式(50公分以上),車道線(無標記),未繪設快慢車道分隔線,無,車與車,同向擦撞,駕駛者,恍神、緊張、心不在焉分心駕駛,死亡1;受傷0,1.0,機車,普通重型,男,55.0,戴半罩式安全帽,未使用,車的狀態,向前直行中,機車與自行車,右側車身,,,駕駛者,恍神、緊張、心不在焉分心駕駛,否,121.56457,25.051469
2026,2.0,20260224.0,180300.0,A1,臺北市政府警察局,臺北市松山區南京東路5段 / 臺北市松山區三民路,晴,有照明且開啟,市區道路,50.0,單路部分,直路,路段,一般車道(未劃分快慢車道),柏油,乾燥,無缺陷,無障礙物,無遮蔽物,良好,行車管制號誌(附設行人專用號誌),正常,中央分向島,寬式(50公分以上),車道線(無標記),未繪設快慢車道分隔線,無,車與車,同向擦撞,駕駛者,恍神、緊張、心不在焉分心駕駛,死亡1;受傷0,2.0,機車,普通重型,男,58.0,戴半罩式安全帽,未使用,車的狀態,向前直行中,機車與自行車,左側車身,,,無(車輛駕駛者因素),尚未發現肇事因素,否,121.56457,25.051469
2026,2.0,20260224.0,180300.0,A1,臺北市政府警察局,臺北市松山區南京東路5段 / 臺北市松山區三民路,晴,有照明且開啟,市區道路,50.0,單路部分,直路,路段,一般車道(未劃分快慢車道),柏油,乾燥,無缺陷,無障礙物,無遮蔽物,良好,行車管制號誌(附設行人專用號誌),正常,中央分向島,寬式(50公分以上),車道線(無標記),未繪設快慢車道分隔線,無,車與車,同向擦撞,駕駛者,恍神、緊張、心不在焉分心駕駛,死亡1;受傷0,3.0,小客車(含客、貨兩用),自用,男,61.0,繫安全帶(使用幼童安全椅),未使用,車的狀態,向前直行中,汽車,右前車頭(身),,,無(車輛駕駛者因素),尚未發現肇事因素,否,121.56457,25.051469
2026,2.0,20260224.0,180300.0,A1,臺北市政府警察局,臺北市松山區南京東路5段 / 臺北市松山區三民路,晴,有照明且開啟,市區道路,50.0,單路部分,直路,路段,一般車道(未劃分快慢車道),柏油,乾燥,無缺陷,無障礙物,無遮蔽物,良好,行車管制號誌(附設行人專用號誌),正常,中央分向島,寬式(50公分以上),車道線(無標記),未繪設快慢車道分隔線,無,車與車,同向擦撞,駕駛者,恍神、緊張、心不在焉分心駕駛,死亡1;受傷0,4.0,大客車,民營公車,男,46.0,繫安全帶(使用幼童安全椅),未使用,車的狀態,向左變換車道,其他,無撞擊,,,無(車輛駕駛者因素),尚未發現肇事因素,否,121.56457,25.051469
2026,2.0,20260224.0,180300.0,A1,臺北市政府警察局,臺北市松山區南京東路5段 / 臺北市松山區三民路,晴,有照明且開啟,市區道路,50.0,單路部分,直路,路段,一般車道(未劃分快慢車道),柏油,乾燥,無缺陷,無障礙物,無遮蔽物,良好,行車管制號誌(附設行人專用號誌),正常,中央分向島,寬式(50公分以上),車道線(無標記),未繪設快慢車道分隔線,無,車與車,同向擦撞,駕駛者,恍神、緊張、心不在焉分心駕駛,死亡1;受傷0,5.0,小客車(含客、貨兩用),自用,男,37.0,未戴安全帽或未繫安全帶(未使用幼童安全椅),不明,車的狀態,靜止(引擎熄火),其他,無撞擊,,,其他,違規(臨時)停車,否,121.56457,25.051469
2026,2.0,20260224.0,180300.0,A1,臺北市政府警察局,臺北市松山區南京東路5段 / 臺北市松山區三民路,晴,有照明且開啟,市區道路,50.0,單路部分,直路,路段,一般車道(未劃分快慢車道),柏油,乾燥,無缺陷,無障礙物,無遮蔽物,良好,行車管制號誌(附設行人專用號誌),正常,中央分向島,寬式(50公分以上),車道線(無標記),未繪設快慢車道分隔線,無,車與車,同向擦撞,駕駛者,恍神、緊張、心不在焉分心駕駛,死亡1;受傷0,6.0,小客車(含客、貨兩用),計程車,男,65.0,繫安全帶(使用幼童安全椅),未使用,車的狀態,等待(引擎未熄火),其他,無撞擊,,,其他,違規(臨時)停車,否,121.56457,25.051469
2026,2.0,20260225.0,4202.0,A1,嘉義縣警察局,嘉義縣布袋鎮新厝里產業道路(電桿編號振寮幹37支21)前,陰,無照明,村里道路,30.0,單路部分,直路,其他,其他,柏油,乾燥,無缺陷,無障礙物,無遮蔽物,良好,無號誌,無號誌,無,無分向設施,車道線(無標記),未繪設快慢車道分隔線,有,車輛本身,撞路樹,駕駛者,恍神、緊張、心不在焉分心駕駛,死亡1;受傷0,1.0,機車,普通重型,男,57.0,戴半罩式安全帽,未使用,車的狀態,向前直行中,機車與自行車,右側車身,機車與自行車,左側車身,駕駛者,恍神、緊張、心不在焉分心駕駛,否,120.181199,23.395735
2026,2.0,20260225.0,4202.0,A1,嘉義縣警察局,嘉義縣布袋鎮新厝里產業道路(電桿編號振寮幹37支21)前,陰,無照明,村里道路,30.0,單路部分,直路,其他,其他,柏油,乾燥,無缺陷,無障礙物,無遮蔽物,良好,無號誌,無號誌,無,無分向設施,車道線(無標記),未繪設快慢車道分隔線,有,車輛本身,撞路樹,駕駛者,恍神、緊張、心不在焉分心駕駛,死亡1;受傷0,2.0,,,無或物(動物、堆置物),-1.0,,,,,,,,,無(非車輛駕駛人因素),尚未發現肇事因素,否,120.181199,23.395735
2026,2.0,20260225.0,74700.0,A1,嘉義縣警察局,嘉義縣六腳鄉正義村中溝35號之2旁路口,晴,無照明,村里道路,30.0,交岔路,四岔路,交叉路口,交叉路口內,柏油,乾燥,無缺陷,無障礙物,有遮蔽物,坡道,無號誌,無號誌,無,無分向設施,未繪設車道線,未繪設快慢車道分隔線,有,車與車,路口交岔撞,其他,相關跡證不足且無具體影像紀錄，當事人各執一詞，經分析後無法釐清肇事原因,死亡1;受傷0,1.0,其他車,農耕用車(或機械),男,56.0,不明,不明,車的狀態,向前直行中,其他,不明,,,其他,相關跡證不足且無具體影像紀錄，當事人各執一詞，經分析後無法釐清肇事原因,否,120.266709,23.498951
2026,2.0,20260225.0,74700.0,A1,嘉義縣警察局,嘉義縣六腳鄉正義村中溝35號之2旁路口,晴,無照明,村里道路,30.0,交岔路,四岔路,交叉路口,交叉路口內,柏油,乾燥,無缺陷,無障礙物,有遮蔽物,坡道,無號誌,無號誌,無,無分向設施,未繪設車道線,未繪設快慢車道分隔線,有,車與車,路口交岔撞,其他,相關跡證不足且無具體影像紀錄，當事人各執一詞，經分析後無法釐清肇事原因,死亡1;受傷0,2.0,機車,普通重型,男,64.0,不明,不明,車的狀態,向前直行中,其他,不明,,,其他,相關跡證不足且無具體影像紀錄，當事人各執一詞，經分析後無法釐清肇事原因,否,120.266709,23.498951
2026,2.0,20260225.0,74900.0,A1,雲林縣警察局,雲林縣土庫鎮溪邊里雲145甲公路鹿寮34電桿前,晴,無照明,村里道路,50.0,單路部分,直路,路段,慢車道,柏油,乾燥,無缺陷,無障礙物,無遮蔽物,良好,無號誌,無號誌,行車分向線,無標記,車道線(無標記),快慢車道分隔線,有,車與車,追撞,駕駛者,未保持行車安全距離,死亡1;受傷1,1.0,機車,普通重型,男,70.0,戴非半罩式安全帽,未使用,車的狀態,向前直行中,機車與自行車,前車頭,,,駕駛者,未保持行車安全距離,否,120.382144,23.65882
2026,2.0,20260225.0,74900.0,A1,雲林縣警察局,雲林縣土庫鎮溪邊里雲145甲公路鹿寮34電桿前,晴,無照明,村里道路,50.0,單路部分,直路,路段,慢車道,柏油,乾燥,無缺陷,無障礙物,無遮蔽物,良好,無號誌,無號誌,行車分向線,無標記,車道線(無標記),快慢車道分隔線,有,車與車,追撞,駕駛者,未保持行車安全距離,死亡1;受傷1,2.0,慢車,腳踏自行車,女,83.0,未戴安全帽或未繫安全帶(未使用幼童安全椅),未使用,車的狀態,向前直行中,機車與自行車,後車尾,,,無(車輛駕駛者因素),尚未發現肇事因素,否,120.382144,23.65882
2026,2.0,20260225.0,191300.0,A1,桃園市政府警察局,桃園市觀音區台61南下側車道(草漯入口前),陰,無照明,市區道路,50.0,單路部分,坡路,路段,一般車道(未劃分快慢車道),柏油,乾燥,無缺陷,無障礙物,無遮蔽物,良好,無號誌,無號誌,中央分向島,寬式(50公分以上),車道線(無標記),未繪設快慢車道分隔線,有,車與車,其他,其他,相關跡證不足且無具體影像紀錄，當事人各執一詞，經分析後無法釐清肇事原因,死亡1;受傷0,1.0,慢車,腳踏自行車,男,82.0,不明,不明,不明,不明,其他,不明,,,其他,相關跡證不足且無具體影像紀錄，當事人各執一詞，經分析後無法釐清肇事原因,否,121.130523,25.070013
2026,2.0,20260225.0,191300.0,A1,桃園市政府警察局,桃園市觀音區台61南下側車道(草漯入口前),陰,無照明,市區道路,50.0,單路部分,坡路,路段,一般車道(未劃分快慢車道),柏油,乾燥,無缺陷,無障礙物,無遮蔽物,良好,無號誌,無號誌,中央分向島,寬式(50公分以上),車道線(無標記),未繪設快慢車道分隔線,有,車與車,其他,其他,相關跡證不足且無具體影像紀錄，當事人各執一詞，經分析後無法釐清肇事原因,死亡1;受傷0,2.0,小客車(含客、貨兩用),自用,女,45.0,繫安全帶(使用幼童安全椅),未使用,車的狀態,向前直行中,汽車,前車頭,,,其他,相關跡證不足且無具體影像紀錄，當事人各執一詞，經分析後無法釐清肇事原因,否,121.130523,25.070013
2026,2.0,20260226.0,235200.0,A1,國道公路警察局,桃園市中壢區國道1號 57公里南向交流道,雨,有照明且開啟,國道,50.0,單路部分,直路,交流道,直線匝道,柏油,濕潤,無缺陷,無障礙物,無遮蔽物,良好,無號誌,無號誌,中央分向島,寬式(50公分以上),未繪設車道線,未繪設快慢車道分隔線,有,車輛本身,撞電桿,駕駛者,恍神、緊張、心不在焉分心駕駛,死亡1;受傷0,1.0,小客車(含客、貨兩用),自用,男,49.0,不明,不明,車的狀態,向前直行中,汽車,前車頭,,,駕駛者,恍神、緊張、心不在焉分心駕駛,否,121.227504,24.979664
2026,2.0,20260226.0,235200.0,A1,國道公路警察局,桃園市中壢區國道1號 57公里南向交流道,雨,有照明且開啟,國道,50.0,單路部分,直路,交流道,直線匝道,柏油,濕潤,無缺陷,無障礙物,無遮蔽物,良好,無號誌,無號誌,中央分向島,寬式(50公分以上),未繪設車道線,未繪設快慢車道分隔線,有,車輛本身,撞電桿,駕駛者,恍神、緊張、心不在焉分心駕駛,死亡1;受傷0,2.0,,,無或物(動物、堆置物),-1.0,,,,,,,,,無(非車輛駕駛人因素),尚未發現肇事因素,否,121.227504,24.979664
2026,2.0,20260227.0,21800.0,A1,嘉義縣警察局,嘉義縣民雄鄉豐收村大學路二段2363號前,雨,有照明且開啟,鄉道,50.0,交岔路,三岔路,路段,路肩、路緣,柏油,濕潤,無缺陷,無障礙物,無遮蔽物,良好,行車管制號誌,正常,中央分向島,寬式(50公分以上),車道線(無標記),快慢車道分隔線,有,車輛本身,撞電桿,駕駛者,未依規定減速,死亡1;受傷1,1.0,機車,普通重型,男,18.0,戴半罩式安全帽,未使用,車的狀態,左轉彎,機車與自行車,前車頭,,,駕駛者,未依規定減速,否,120.43948,23.557436
2026,2.0,20260227.0,21800.0,A1,嘉義縣警察局,嘉義縣民雄鄉豐收村大學路二段2363號前,雨,有照明且開啟,鄉道,50.0,交岔路,三岔路,路段,路肩、路緣,柏油,濕潤,無缺陷,無障礙物,無遮蔽物,良好,行車管制號誌,正常,中央分向島,寬式(50公分以上),車道線(無標記),快慢車道分隔線,有,車輛本身,撞電桿,駕駛者,未依規定減速,死亡1;受傷1,2.0,,,無或物(動物、堆置物),-1.0,,,,,,,,,無(非車輛駕駛人因素),尚未發現肇事因素,否,120.43948,23.557436