發生年度,發生月份,發生日期,發生時間,事故類別名稱,處理單位名稱警局層,發生地點,天候名稱,光線名稱,道路類別-第1當事者-名稱,速限-第1當事者,道路型態大類別名稱,道路型態子類別名稱,事故位置大類別名稱,事故位置子類別名稱,路面狀況-路面鋪裝名稱,路面狀況-路面狀態名稱,路面狀況-路面缺陷名稱,道路障礙-障礙物名稱,道路障礙-視距品質名稱,道路障礙-視距名稱,號誌-號誌種類名稱,號誌-號誌動作名稱,車道劃分設施-分向設施大類別名稱,車道劃分設施-分向設施子類別名稱,車道劃分設施-分道設施-快車道或一般車道間名稱,車道劃分設施-分道設施-快慢車道間名稱,車道劃分設施-分道設施-路面邊線名稱,事故類型及型態大類別名稱,事故類型及型態子類別名稱,肇因研判大類別名稱-主要,肇因研判子類別名稱-主要,死亡受傷人數,當事者順位,當事者區分-類別-大類別名稱-車種,當事者區分-類別-子類別名稱-車種,當事者屬-性-別名稱,當事者事故發生時年齡,保護裝備名稱,行動電話或電腦或其他相類功能裝置名稱,當事者行動狀態大類別名稱,當事者行動狀態子類別名稱,車輛撞擊部位大類別名稱-最初,車輛撞擊部位子類別名稱-最初,車輛撞擊部位大類別名稱-其他,車輛撞擊部位子類別名稱-其他,肇因研判大類別名稱-個別,肇因研判子類別名稱-個別,肇事逃逸類別名稱-是否肇逃,經度,緯度
2026,2.0,20260227.0,21800.0,A1,嘉義縣警察局,嘉義縣民雄鄉豐收村大學路二段2363號前,雨,有照明且開啟,鄉道,50.0,交岔路,三岔路,路段,路肩、路緣,柏油,濕潤,無缺陷,無障礙物,無遮蔽物,良好,行車管制號誌,正常,中央分向島,寬式(50公分以上),車道線(無標記),快慢車道分隔線,有,車輛本身,撞電桿,駕駛者,未依規定減速,死亡1;受傷1,3.0,人,乘客,男,19.0,戴半罩式安全帽,非駕駛人,人的狀態,其他,其他,非汽、機及自行車,,,無(非車輛駕駛人因素),尚未發現肇事因素,否,120.43948,23.557436
2026,2.0,20260227.0,144900.0,A1,臺中市政府警察局,臺中市豐原區中正路口 / 臺中市豐原區中正路口,晴,有照明未開啟或故障,市區道路,50.0,交岔路,三岔路,交叉路口,交叉路口內,柏油,乾燥,無缺陷,無障礙物,無遮蔽物,良好,無號誌,無號誌,中央分向島,寬式(50公分以上),未繪設車道線,未繪設快慢車道分隔線,無,車輛本身,撞交通島,其他,其他不當駕車行為,死亡1;受傷0,1.0,機車,普通重型,男,45.0,戴半罩式安全帽,未使用,車的狀態,向前直行中,機車與自行車,左側車身,,,其他,其他不當駕車行為,否,120.70383,24.249704
2026,2.0,20260227.0,144900.0,A1,臺中市政府警察局,臺中市豐原區中正路口 / 臺中市豐原區中正路口,晴,有照明未開啟或故障,市區道路,50.0,交岔路,三岔路,交叉路口,交叉路口內,柏油,乾燥,無缺陷,無障礙物,無遮蔽物,良好,無號誌,無號誌,中央分向島,寬式(50公分以上),未繪設車道線,未繪設快慢車道分隔線,無,車輛本身,撞交通島,其他,其他不當駕車行為,死亡1;受傷0,2.0,,,無或物(動物、堆置物),0.0,,,,,,,,,無(非車輛駕駛人因素),尚未發現肇事因素,否,120.70383,24.249704
2026,2.0,20260227.0,152700.0,A1,新北市政府警察局,新北市八里區中山路2段 / 新北市八里區商港路,晴,有照明且開啟,市區道路,50.0,單路部分,直路,路段,一般車道(未劃分快慢車道),柏油,乾燥,無缺陷,無障礙物,無遮蔽物,良好,行車管制號誌,正常,行車分向線,無標記,未繪設車道線,未繪設快慢車道分隔線,有,車與車,同向擦撞,駕駛者,其他未依規定讓車,死亡1;受傷0,1.0,機車,普通重型,女,22.0,戴半罩式安全帽,未使用,車的狀態,向左變換車道,機車與自行車,後車尾,,,駕駛者,其他未依規定讓車,否,121.396177,25.145217
2026,2.0,20260227.0,152700.0,A1,新北市政府警察局,新北市八里區中山路2段 / 新北市八里區商港路,晴,有照明且開啟,市區道路,50.0,單路部分,直路,路段,一般車道(未劃分快慢車道),柏油,乾燥,無缺陷,無障礙物,無遮蔽物,良好,行車管制號誌,正常,行車分向線,無標記,未繪設車道線,未繪設快慢車道分隔線,有,車與車,同向擦撞,駕駛者,其他未依規定讓車,死亡1;受傷0,2.0,大客車,營業用,男,46.0,不明,不明,車的狀態,向前直行中,汽車,前車頭,,,其他,其他不當駕車行為,否,121.396177,25.145217
2026,2.0,20260227.0,212700.0,A1,高雄市政府警察局,高雄市燕巢區村安招路 / 高雄市燕巢區新生南路,晴,有照明且開啟,市區道路,50.0,交岔路,三岔路,交叉路口,交叉口附近,柏油,乾燥,無缺陷,無障礙物,無遮蔽物,良好,無號誌,無號誌,雙向禁止超車線,無標記,車道線(無標記),未繪設快慢車道分隔線,有,車輛本身,衝出路外,其他,其他不當駕車行為,死亡1;受傷2,1.0,小客車(含客、貨兩用),自用,男,63.0,不明,不明,車的狀態,向前直行中,汽車,前車頭,,,其他,其他不當駕車行為,否,120.363985,22.765692
2026,2.0,20260227.0,212700.0,A1,高雄市政府警察局,高雄市燕巢區村安招路 / 高雄市燕巢區新生南路,晴,有照明且開啟,市區道路,50.0,交岔路,三岔路,交叉路口,交叉口附近,柏油,乾燥,無缺陷,無障礙物,無遮蔽物,良好,無號誌,無號誌,雙向禁止超車線,無標記,車道線(無標記),未繪設快慢車道分隔線,有,車輛本身,衝出路外,其他,其他不當駕車行為,死亡1;受傷2,2.0,,,無或物(動物、堆置物),0.0,,,,,,,,,無(非車輛駕駛人因素),尚未發現肇事因素,否,120.363985,22.765692
2026,2.0,20260227.0,212700.0,A1,高雄市政府警察局,高雄市燕巢區村安招路 / 高雄市燕巢區新生南路,晴,有照明且開啟,市區道路,50.0,交岔路,三岔路,交叉路口,交叉口附近,柏油,乾燥,無缺陷,無障礙物,無遮蔽物,良好,無號誌,無號誌,雙向禁止超車線,無標記,車道線(無標記),未繪設快慢車道分隔線,有,車輛本身,衝出路外,其他,其他不當駕車行為,死亡1;受傷2,3.0,人,乘客,女,39.0,不明,非駕駛人,人的狀態,靜立(止),其他,非汽、機及自行車,,,無(非車輛駕駛人因素),尚未發現肇事因素,否,120.363985,22.765692
2026,2.0,20260227.0,212700.0,A1,高雄市政府警察局,高雄市燕巢區村安招路 / 高雄市燕巢區新生南路,晴,有照明且開啟,市區道路,50.0,交岔路,三岔路,交叉路口,交叉口附近,柏油,乾燥,無缺陷,無障礙物,無遮蔽物,良好,無號誌,無號誌,雙向禁止超車線,無標記,車道線(無標記),未繪設快慢車道分隔線,有,車輛本身,衝出路外,其他,其他不當駕車行為,死亡1;受傷2,4.0,人,乘客,男,63.0,不明,非駕駛人,人的狀態,靜立(止),其他,非汽、機及自行車,,,無(非車輛駕駛人因素),尚未發現肇事因素,否,120.363985,22.765692
2026,2.0,20260227.0,212700.0,A1,高雄市政府警察局,高雄市燕巢區村安招路 / 高雄市燕巢區新生南路,晴,有照明且開啟,市區道路,50.0,交岔路,三岔路,交叉路口,交叉口附近,柏油,乾燥,無缺陷,無障礙物,無遮蔽物,良好,無號誌,無號誌,雙向禁止超車線,無標記,車道線(無標記),未繪設快慢車道分隔線,有,車輛本身,衝出路外,其他,其他不當駕車行為,死亡1;受傷2,5.0,,,無或物(動物、堆置物),0.0,,,,,,,,,無(非車輛駕駛人因素),尚未發現肇事因素,否,120.363985,22.765692
2026,2.0,20260228.0,111500.0,A1,高雄市政府警察局,高雄市旗津區村旗津二路184號號前0.0公尺,雨,有照明未開啟或故障,市區道路,40.0,單路部分,直路,路段,慢車道,柏油,濕潤,無缺陷,無障礙物,無遮蔽物,良好,無號誌,無號誌,雙向禁止超車線,無標記,車道線(無標記),快慢車道分隔線,無,車與車,其他,駕駛者,迴轉未依規定,死亡1;受傷1,1.0,機車,普通重型,男,76.0,戴非半罩式安全帽,未使用,車的狀態,迴轉或橫越道路中,機車與自行車,左側車身,,,駕駛者,迴轉未依規定,否,120.296086,22.576003
2026,2.0,20260228.0,111500.0,A1,高雄市政府警察局,高雄市旗津區村旗津二路184號號前0.0公尺,雨,有照明未開啟或故障,市區道路,40.0,單路部分,直路,路段,慢車道,柏油,濕潤,無缺陷,無障礙物,無遮蔽物,良好,無號誌,無號誌,雙向禁止超車線,無標記,車道線(無標記),快慢車道分隔線,無,車與車,其他,駕駛者,迴轉未依規定,死亡1;受傷1,2.0,機車,普通重型,男,19.0,戴非半罩式安全帽,未使用,車的狀態,向前直行中,機車與自行車,前車頭,,,駕駛者,恍神、緊張、心不在焉分心駕駛,否,120.296086,22.576003
2026,3.0,20260301.0,82510.0,A1,桃園市政府警察局,桃園市楊梅區高鐵南路七段口 / 桃園市楊梅區楊新路四段口,雨,有照明未開啟或故障,市區道路,70.0,交岔路,四岔路,交叉路口,交叉路口內,柏油,濕潤,無缺陷,無障礙物,無遮蔽物,良好,行車管制號誌,正常,無,無分向設施,未繪設車道線,未繪設快慢車道分隔線,無,車與車,側撞,駕駛者,違反其他號誌,死亡2;受傷1,1.0,小客車(含客、貨兩用),自用,男,63.0,繫安全帶(使用幼童安全椅),未使用,車的狀態,左轉彎,汽車,右側車身,,,駕駛者,違反其他號誌,否,121.121173,24.943001
2026,3.0,20260301.0,82510.0,A1,桃園市政府警察局,桃園市楊梅區高鐵南路七段口 / 桃園市楊梅區楊新路四段口,雨,有照明未開啟或故障,市區道路,70.0,交岔路,四岔路,交叉路口,交叉路口內,柏油,濕潤,無缺陷,無障礙物,無遮蔽物,良好,行車管制號誌,正常,無,無分向設施,未繪設車道線,未繪設快慢車道分隔線,無,車與車,側撞,駕駛者,違反其他號誌,死亡2;受傷1,2.0,大貨車,自用,男,38.0,繫安全帶(使用幼童安全椅),未使用,車的狀態,向前直行中,汽車,前車頭,,,駕駛者,違反其他標誌(線)禁制,否,121.121173,24.943001
2026,3.0,20260301.0,82510.0,A1,桃園市政府警察局,桃園市楊梅區高鐵南路七段口 / 桃園市楊梅區楊新路四段口,雨,有照明未開啟或故障,市區道路,70.0,交岔路,四岔路,交叉路口,交叉路口內,柏油,濕潤,無缺陷,無障礙物,無遮蔽物,良好,行車管制號誌,正常,無,無分向設施,未繪設車道線,未繪設快慢車道分隔線,無,車與車,側撞,駕駛者,違反其他號誌,死亡2;受傷1,3.0,人,乘客,女,56.0,繫安全帶(使用幼童安全椅),非駕駛人,人的狀態,其他,其他,非汽、機及自行車,,,無(非車輛駕駛人因素),尚未發現肇事因素,否,121.121173,24.943001
2026,3.0,20260301.0,82510.0,A1,桃園市政府警察局,桃園市楊梅區高鐵南路七段口 / 桃園市楊梅區楊新路四段口,雨,有照明未開啟或故障,市區道路,70.0,交岔路,四岔路,交叉路口,交叉路口內,柏油,濕潤,無缺陷,無障礙物,無遮蔽物,良好,行車管制號誌,正常,無,無分向設施,未繪設車道線,未繪設快慢車道分隔線,無,車與車,側撞,駕駛者,違反其他號誌,死亡2;受傷1,4.0,人,乘客,女,28.0,繫安全帶(使用幼童安全椅),非駕駛人,人的狀態,其他,其他,非汽、機及自行車,,,無(非車輛駕駛人因素),尚未發現肇事因素,否,121.121173,24.943001
2026,3.0,20260301.0,82510.0,A1,桃園市政府警察局,桃園市楊梅區高鐵南路七段口 / 桃園市楊梅區楊新路四段口,雨,有照明未開啟或故障,市區道路,70.0,交岔路,四岔路,交叉路口,交叉路口內,柏油,濕潤,無缺陷,無障礙物,無遮蔽物,良好,行車管制號誌,正常,無,無分向設施,未繪設車道線,未繪設快慢車道分隔線,無,車與車,側撞,駕駛者,違反其他號誌,死亡2;受傷1,5.0,人,乘客,男,34.0,繫安全帶(使用幼童安全椅),非駕駛人,人的狀態,其他,其他,非汽、機及自行車,,,無(非車輛駕駛人因素),尚未發現肇事因素,否,121.121173,24.943001
2026,3.0,20260301.0,82510.0,A1,桃園市政府警察局,桃園市楊梅區高鐵南路七段口 / 桃園市楊梅區楊新路四段口,雨,有照明未開啟或故障,市區道路,70.0,交岔路,四岔路,交叉路口,交叉路口內,柏油,濕潤,無缺陷,無障礙物,無遮蔽物,良好,行車管制號誌,正常,無,無分向設施,未繪設車道線,未繪設快慢車道分隔線,無,車與車,側撞,駕駛者,違反其他號誌,死亡2;受傷1,6.0,人,乘客,男,44.0,繫安全帶(使用幼童安全椅),非駕駛人,人的狀態,其他,其他,非汽、機及自行車,,,無(非車輛駕駛人因素),尚未發現肇事因素,否,121.121173,24.943001
2026,3.0,20260301.0,163000.0,A1,新北市政府警察局,新北市中和區興南路2段399巷前0.0公尺,陰,有照明未開啟或故障,市區道路,50.0,單路部分,彎曲路及附近,路段,一般車道(未劃分快慢車道),柏油,乾燥,無缺陷,無障礙物,無遮蔽物,良好,無號誌,無號誌,雙向禁止超車線,無標記,未繪設車道線,未繪設快慢車道分隔線,有,車輛本身,撞號誌、標誌桿,其他,其他不當駕車行為,死亡1;受傷2,1.0,機車,普通重型,男,67.0,不明,不明,車的狀態,向前直行中,機車與自行車,前車頭,,,其他,其他不當駕車行為,否,121.499542,24.973065
2026,3.0,20260301.0,163000.0,A1,新北市政府警察局,新北市中和區興南路2段399巷前0.0公尺,陰,有照明未開啟或故障,市區道路,50.0,單路部分,彎曲路及附近,路段,一般車道(未劃分快慢車道),柏油,乾燥,無缺陷,無障礙物,無遮蔽物,良好,無號誌,無號誌,雙向禁止超車線,無標記,未繪設車道線,未繪設快慢車道分隔線,有,車輛本身,撞號誌、標誌桿,其他,其他不當駕車行為,死亡1;受傷2,2.0,,,無或物(動物、堆置物),0.0,,,,,,,,,無(非車輛駕駛人因素),尚未發現肇事因素,否,121.499542,24.973065
2026,3.0,20260301.0,163000.0,A1,新北市政府警察局,新北市中和區興南路2段399巷前0.0公尺,陰,有照明未開啟或故障,市區道路,50.0,單路部分,彎曲路及附近,路段,一般車道(未劃分快慢車道),柏油,乾燥,無缺陷,無障礙物,無遮蔽物,良好,無號誌,無號誌,雙向禁止超車線,無標記,未繪設車道線,未繪設快慢車道分隔線,有,車輛本身,撞號誌、標誌桿,其他,其他不當駕車行為,死亡1;受傷2,3.0,人,乘客,女,64.0,不明,非駕駛人,人的狀態,其他,其他,非汽、機及自行車,,,無(非車輛駕駛人因素),尚未發現肇事因素,否,121.499542,24.973065
2026,3.0,20260301.0,163000.0,A1,新北市政府警察局,新北市中和區興南路2段399巷前0.0公尺,陰,有照明未開啟或故障,市區道路,50.0,單路部分,彎曲路及附近,路段,一般車道(未劃分快慢車道),柏油,乾燥,無缺陷,無障礙物,無遮蔽物,良好,無號誌,無號誌,雙向禁止超車線,無標記,未繪設車道線,未繪設快慢車道分隔線,有,車輛本身,撞號誌、標誌桿,其他,其他不當駕車行為,死亡1;受傷2,4.0,人,乘客,男,3.0,不明,非駕駛人,人的狀態,靜立(止),其他,非汽、機及自行車,,,無(非車輛駕駛人因素),尚未發現肇事因素,否,121.499542,24.973065
2026,3.0,20260301.0,181135.0,A1,宜蘭縣政府警察局,宜蘭縣羅東鎮公正路453號前0.0公尺附近,陰,有照明且開啟,市區道路,50.0,單路部分,直路,路段,機車專用道,柏油,乾燥,無缺陷,無障礙物,無遮蔽物,良好,無號誌,無號誌,中央分向島,寬式(50公分以上),車道線(無標記),快慢車道分隔線,有,人與車,穿越道路中,非駕駛者,未依標誌或標線穿越道路,死亡1;受傷1,1.0,人,行人,女,77.0,其他(無需使用保護裝備之人),非駕駛人,人的狀態,步行,其他,非汽、機及自行車,,,非駕駛者,未依標誌或標線穿越道路,否,121.759154,24.680501
2026,3.0,20260301.0,181135.0,A1,宜蘭縣政府警察局,宜蘭縣羅東鎮公正路453號前0.0公尺附近,陰,有照明且開啟,市區道路,50.0,單路部分,直路,路段,機車專用道,柏油,乾燥,無缺陷,無障礙物,無遮蔽物,良好,無號誌,無號誌,中央分向島,寬式(50公分以上),車道線(無標記),快慢車道分隔線,有,人與車,穿越道路中,非駕駛者,未依標誌或標線穿越道路,死亡1;受傷1,2.0,機車,普通重型,男,58.0,戴半罩式安全帽,未使用,車的狀態,向前直行中,機車與自行車,前車頭,,,無(車輛駕駛者因素),尚未發現肇事因素,否,121.759154,24.680501
2026,3.0,20260301.0,181135.0,A1,宜蘭縣政府警察局,宜蘭縣羅東鎮公正路453號前0.0公尺附近,陰,有照明且開啟,市區道路,50.0,單路部分,直路,路段,機車專用道,柏油,乾燥,無缺陷,無障礙物,無遮蔽物,良好,無號誌,無號誌,中央分向島,寬式(50公分以上),車道線(無標記),快慢車道分隔線,有,人與車,穿越道路中,非駕駛者,未依標誌或標線穿越道路,死亡1;受傷1,3.0,機車,普通重型,女,20.0,戴半罩式安全帽,未使用,車的狀態,向前直行中,其他,無撞擊,,,無(車輛駕駛者因素),尚未發現肇事因素,否,121.759154,24.680501
2026,3.0,20260301.0,192246.0,A1,苗栗縣警察局,苗栗縣頭份市台13線永貞路與田寮路口,晴,有照明且開啟,省道,50.0,交岔路,四岔路,交叉路口,交叉路口內,柏油,乾燥,無缺陷,無障礙物,無遮蔽物,良好,閃光號誌,正常,無,無分向設施,未繪設車道線,未繪設快慢車道分隔線,無,車與車,路口交岔撞,駕駛者,違反閃光號誌,死亡1;受傷1,1.0,小客車(含客、貨兩用),自用,男,23.0,繫安全帶(使用幼童安全椅),未使用,車的狀態,向前直行中,汽車,前車頭,機車與自行車,前車頭,駕駛者,違反閃光號誌,否,120.884947,24.681139
2026,3.0,20260301.0,192246.0,A1,苗栗縣警察局,苗栗縣頭份市台13線永貞路與田寮路口,晴,有照明且開啟,省道,50.0,交岔路,四岔路,交叉路口,交叉路口內,柏油,乾燥,無缺陷,無障礙物,無遮蔽物,良好,閃光號誌,正常,無,無分向設施,未繪設車道線,未繪設快慢車道分隔線,無,車與車,路口交岔撞,駕駛者,違反閃光號誌,死亡1;受傷1,2.0,機車,普通重型,男,20.0,戴非半罩式安全帽,未使用,車的狀態,向前直行中,機車與自行車,前車頭,汽車,左前車頭(身),駕駛者,未依規定減速,否,120.884947,24.681139
2026,3.0,20260301.0,192246.0,A1,苗栗縣警察局,苗栗縣頭份市台13線永貞路與田寮路口,晴,有照明且開啟,省道,50.0,交岔路,四岔路,交叉路口,交叉路口內,柏油,乾燥,無缺陷,無障礙物,無遮蔽物,良好,閃光號誌,正常,無,無分向設施,未繪設車道線,未繪設快慢車道分隔線,無,車與車,路口交岔撞,駕駛者,違反閃光號誌,死亡1;受傷1,3.0,人,乘客,女,19.0,戴半罩式安全帽,非駕駛人,不明,不明,其他,非汽、機及自行車,其他,非汽、機及自行車,無(非車輛駕駛人因素),尚未發現肇事因素,否,120.884947,24.681139
2026,3.0,20260301.0,220600.0,A1,新北市政府警察局,新北市石門區小坑路前0.0公尺,陰,有照明且開啟,市區道路,30.0,單路部分,直路,路段,一般車道(未劃分快慢車道),柏油,濕潤,無缺陷,無障礙物,無遮蔽物,良好,無號誌,無號誌,無,無分向設施,未繪設車道線,未繪設快慢車道分隔線,有,車輛本身,衝出路外,其他,其他不當駕車行為,死亡1;受傷0,1.0,機車,普通重型,女,44.0,戴半罩式安全帽,不明,車的狀態,向前直行中,機車與自行車,右側車身,,,其他,其他不當駕車行為,否,121.597044,25.26026
2026,3.0,20260301.0,220600.0,A1,新北市政府警察局,新北市石門區小坑路前0.0公尺,陰,有照明且開啟,市區道路,30.0,單路部分,直路,路段,一般車道(未劃分快慢車道),柏油,濕潤,無缺陷,無障礙物,無遮蔽物,良好,無號誌,無號誌,無,無分向設施,未繪設車道線,未繪設快慢車道分隔線,有,車輛本身,衝出路外,其他,其他不當駕車行為,死亡1;受傷0,2.0,,,無或物(動物、堆置物),115.0,,,,,,,,,無(非車輛駕駛人因素),尚未發現肇事因素,否,121.597044,25.26026
2026,3.0,20260302.0,55627.0,A1,花蓮縣警察局,花蓮縣吉安鄉北安街口 / 花蓮縣吉安鄉慶北三街口,晴,有照明未開啟或故障,村里道路,30.0,交岔路,四岔路,交叉路口,交叉路口內,柏油,乾燥,無缺陷,無障礙物,無遮蔽物,良好,無號誌,無號誌,無,無分向設施,未繪設車道線,未繪設快慢車道分隔線,無,車與車,路口交岔撞,駕駛者,無號誌路口，支線道未讓幹線道先行,死亡1;受傷0,1.0,機車,普通重型,女,59.0,戴非半罩式安全帽,未使用,車的狀態,向前直行中,機車與自行車,前車頭,,,駕駛者,無號誌路口，支線道未讓幹線道先行,否,121.576636,23.977023
2026,3.0,20260302.0,55627.0,A1,花蓮縣警察局,花蓮縣吉安鄉北安街口 / 花蓮縣吉安鄉慶北三街口,晴,有照明未開啟或故障,村里道路,30.0,交岔路,四岔路,交叉路口,交叉路口內,柏油,乾燥,無缺陷,無障礙物,無遮蔽物,良好,無號誌,無號誌,無,無分向設施,未繪設車道線,未繪設快慢車道分隔線,無,車與車,路口交岔撞,駕駛者,無號誌路口，支線道未讓幹線道先行,死亡1;受傷0,2.0,小貨車,自用,男,77.0,繫安全帶(使用幼童安全椅),未使用,車的狀態,向前直行中,汽車,左前車頭(身),,,駕駛者,恍神、緊張、心不在焉分心駕駛,否,121.576636,23.977023
2026,3.0,20260302.0,81800.0,A1,高雄市政府警察局,高雄市三民區建德路67號前0.0公尺,晴,無照明,市區道路,50.0,單路部分,直路,路段,一般車道(未劃分快慢車道),柏油,乾燥,無缺陷,無障礙物,無遮蔽物,良好,無號誌,無號誌,雙向禁止超車線,無標記,未繪設車道線,未繪設快慢車道分隔線,無,車與車,對撞,駕駛者,逆向行駛,死亡1;受傷1,1.0,慢車,腳踏自行車,女,83.0,其他(無需使用保護裝備之人),未使用,車的狀態,向前直行中,機車與自行車,前車頭,,,駕駛者,逆向行駛,否,120.324049,22.647778
2026,3.0,20260302.0,81800.0,A1,高雄市政府警察局,高雄市三民區建德路67號前0.0公尺,晴,無照明,市區道路,50.0,單路部分,直路,路段,一般車道(未劃分快慢車道),柏油,乾燥,無缺陷,無障礙物,無遮蔽物,良好,無號誌,無號誌,雙向禁止超車線,無標記,未繪設車道線,未繪設快慢車道分隔線,無,車與車,對撞,駕駛者,逆向行駛,死亡1;受傷1,2.0,機車,普通重型,女,76.0,戴非半罩式安全帽,未使用,車的狀態,向前直行中,機車與自行車,前車頭,,,駕駛者,恍神、緊張、心不在焉分心駕駛,否,120.324049,22.647778
2026,3.0,20260302.0,83600.0,A1,臺北市政府警察局,臺北市中山區八德路2段330號前0.0公尺,晴,無照明,市區道路,50.0,單路部分,直路,路段,一般車道(未劃分快慢車道),柏油,乾燥,無缺陷,無障礙物,無遮蔽物,良好,無號誌,無號誌,行車分向線,無標記,車道線(無標記),未繪設快慢車道分隔線,無,人與車,穿越道路中,非駕駛者,未依標誌或標線穿越道路,死亡1;受傷0,1.0,人,行人,女,69.0,其他(無需使用保護裝備之人),非駕駛人,人的狀態,步行,其他,非汽、機及自行車,,,非駕駛者,未依標誌或標線穿越道路,否,121.543172,25.047338
2026,3.0,20260302.0,83600.0,A1,臺北市政府警察局,臺北市中山區八德路2段330號前0.0公尺,晴,無照明,市區道路,50.0,單路部分,直路,路段,一般車道(未劃分快慢車道),柏油,乾燥,無缺陷,無障礙物,無遮蔽物,良好,無號誌,無號誌,行車分向線,無標記,車道線(無標記),未繪設快慢車道分隔線,無,人與車,穿越道路中,非駕駛者,未依標誌或標線穿越道路,死亡1;受傷0,2.0,大客車,民營公車,男,61.0,繫安全帶(使用幼童安全椅),未使用,車的狀態,起步,汽車,右前車頭(身),,,其他,其他不當駕車行為,否,121.543172,25.047338
2026,3.0,20260302.0,145502.0,A1,臺南市政府警察局,臺南市將軍區將軍里省道臺17線口 / 臺南市將軍區區道南24線,晴,有照明未開啟或故障,市區道路,60.0,交岔路,四岔路,交叉路口,交叉路口內,柏油,乾燥,無缺陷,無障礙物,無遮蔽物,良好,行車管制號誌,正常,無,無分向設施,未繪設車道線,未繪設快慢車道分隔線,無,車與車,側撞,駕駛者,違反二段式左(右)轉標誌(線),死亡1;受傷0,1.0,機車,普通重型,女,71.0,戴非半罩式安全帽,未使用,車的狀態,左轉彎,機車與自行車,右側車身,,,駕駛者,違反二段式左(右)轉標誌(線),否,120.133419,23.194365
2026,3.0,20260302.0,145502.0,A1,臺南市政府警察局,臺南市將軍區將軍里省道臺17線口 / 臺南市將軍區區道南24線,晴,有照明未開啟或故障,市區道路,60.0,交岔路,四岔路,交叉路口,交叉路口內,柏油,乾燥,無缺陷,無障礙物,無遮蔽物,良好,行車管制號誌,正常,無,無分向設施,未繪設車道線,未繪設快慢車道分隔線,無,車與車,側撞,駕駛者,違反二段式左(右)轉標誌(線),死亡1;受傷0,2.0,小客車(含客、貨兩用),自用,男,19.0,繫安全帶(使用幼童安全椅),未使用,車的狀態,向前直行中,汽車,前車頭,,,駕駛者,超速駕駛,否,120.133419,23.194365
2026,3.0,20260302.0,172700.0,A1,高雄市政府警察局,高雄市橋頭區通樹路 / 高雄市橋頭區愛樹街,晴,無照明,市區道路,40.0,交岔路,三岔路,交叉路口,交叉路口內,柏油,乾燥,無缺陷,無障礙物,無遮蔽物,良好,無號誌,無號誌,雙向禁止超車線,無標記,未繪設車道線,快慢車道分隔線,有,車輛本身,撞電桿,駕駛者,恍神、緊張、心不在焉分心駕駛,死亡1;受傷0,1.0,機車,普通重型,女,39.0,戴半罩式安全帽,未使用,車的狀態,向前直行中,機車與自行車,前車頭,,,駕駛者,恍神、緊張、心不在焉分心駕駛,否,120.304469,22.756191
2026,3.0,20260302.0,172700.0,A1,高雄市政府警察局,高雄市橋頭區通樹路 / 高雄市橋頭區愛樹街,晴,無照明,市區道路,40.0,交岔路,三岔路,交叉路口,交叉路口內,柏油,乾燥,無缺陷,無障礙物,無遮蔽物,良好,無號誌,無號誌,雙向禁止超車線,無標記,未繪設車道線,快慢車道分隔線,有,車輛本身,撞電桿,駕駛者,恍神、緊張、心不在焉分心駕駛,死亡1;受傷0,2.0,,,無或物(動物、堆置物),0.0,,,,,,,,,無(非車輛駕駛人因素),尚未發現肇事因素,否,120.304469,22.756191
2026,3.0,20260303.0,74900.0,A1,國道公路警察局,高雄市路竹區國道1號 340公里300.0公尺處南向外側,雨,有照明未開啟或故障,國道,90.0,單路部分,直路,路段,快車道,柏油,濕潤,無缺陷,無障礙物,無遮蔽物,良好,無號誌,無號誌,中央分向島,寬式(50公分以上),車道線(附標記),未繪設快慢車道分隔線,有,車與車,追撞,駕駛者,飲食、抽(點)菸、拿(撿)物品分心駕駛,死亡1;受傷0,1.0,全聯結車,營業用,男,47.0,繫安全帶(使用幼童安全椅),未使用,車的狀態,急減速或急停止,汽車,前車頭,,,駕駛者,飲食、抽(點)菸、拿(撿)物品分心駕駛,否,120.283896,22.870317
2026,3.0,20260303.0,74900.0,A1,國道公路警察局,高雄市路竹區國道1號 340公里300.0公尺處南向外側,雨,有照明未開啟或故障,國道,90.0,單路部分,直路,路段,快車道,柏油,濕潤,無缺陷,無障礙物,無遮蔽物,良好,無號誌,無號誌,中央分向島,寬式(50公分以上),車道線(附標記),未繪設快慢車道分隔線,有,車與車,追撞,駕駛者,飲食、抽(點)菸、拿(撿)物品分心駕駛,死亡1;受傷0,2.0,小客車(含客、貨兩用),自用,男,43.0,不明,不明,車的狀態,等待(引擎未熄火),汽車,後車尾,汽車,前車頭,無(車輛駕駛者因素),尚未發現肇事因素,否,120.283896,22.870317