發生年度,發生月份,發生日期,發生時間,事故類別名稱,處理單位名稱警局層,發生地點,天候名稱,光線名稱,道路類別-第1當事者-名稱,速限-第1當事者,道路型態大類別名稱,道路型態子類別名稱,事故位置大類別名稱,事故位置子類別名稱,路面狀況-路面鋪裝名稱,路面狀況-路面狀態名稱,路面狀況-路面缺陷名稱,道路障礙-障礙物名稱,道路障礙-視距品質名稱,道路障礙-視距名稱,號誌-號誌種類名稱,號誌-號誌動作名稱,車道劃分設施-分向設施大類別名稱,車道劃分設施-分向設施子類別名稱,車道劃分設施-分道設施-快車道或一般車道間名稱,車道劃分設施-分道設施-快慢車道間名稱,車道劃分設施-分道設施-路面邊線名稱,事故類型及型態大類別名稱,事故類型及型態子類別名稱,肇因研判大類別名稱-主要,肇因研判子類別名稱-主要,死亡受傷人數,當事者順位,當事者區分-類別-大類別名稱-車種,當事者區分-類別-子類別名稱-車種,當事者屬-性-別名稱,當事者事故發生時年齡,保護裝備名稱,行動電話或電腦或其他相類功能裝置名稱,當事者行動狀態大類別名稱,當事者行動狀態子類別名稱,車輛撞擊部位大類別名稱-最初,車輛撞擊部位子類別名稱-最初,車輛撞擊部位大類別名稱-其他,車輛撞擊部位子類別名稱-其他,肇因研判大類別名稱-個別,肇因研判子類別名稱-個別,肇事逃逸類別名稱-是否肇逃,經度,緯度
2026,3.0,20260307.0,211500.0,A1,高雄市政府警察局,高雄市小港區中安路662號前0.0公尺,晴,有照明且開啟,市區道路,50.0,單路部分,直路,路段,快車道,柏油,乾燥,無缺陷,無障礙物,無遮蔽物,良好,無號誌,無號誌,雙向禁止超車線,無標記,車道線(無標記),未繪設快慢車道分隔線,無,車與車,追撞,駕駛者,吸食違禁物駕駛,死亡1;受傷2,5.0,人,乘客,女,8.0,戴半罩式安全帽,非駕駛人,不明,不明,其他,非汽、機及自行車,,,無(非車輛駕駛人因素),尚未發現肇事因素,否,120.360264,22.584751
2026,3.0,20260308.0,85900.0,A1,臺南市政府警察局,臺南市左鎮區內庄9號,晴,有照明未開啟或故障,市區道路,50.0,交岔路,三岔路,路段,路肩、路緣,柏油,乾燥,無缺陷,無障礙物,無遮蔽物,良好,無號誌,無號誌,雙向禁止超車線,無標記,未繪設車道線,未繪設快慢車道分隔線,有,車輛本身,其他,駕駛者,恍神、緊張、心不在焉分心駕駛,死亡1;受傷0,1.0,慢車,腳踏自行車,男,13.0,戴半罩式安全帽,未使用,車的狀態,向前直行中,機車與自行車,前車頭,,,駕駛者,恍神、緊張、心不在焉分心駕駛,否,120.42017,23.037817
2026,3.0,20260308.0,85900.0,A1,臺南市政府警察局,臺南市左鎮區內庄9號,晴,有照明未開啟或故障,市區道路,50.0,交岔路,三岔路,路段,路肩、路緣,柏油,乾燥,無缺陷,無障礙物,無遮蔽物,良好,無號誌,無號誌,雙向禁止超車線,無標記,未繪設車道線,未繪設快慢車道分隔線,有,車輛本身,其他,駕駛者,恍神、緊張、心不在焉分心駕駛,死亡1;受傷0,2.0,,,無或物(動物、堆置物),-1.0,,,,,,,,,無(非車輛駕駛人因素),尚未發現肇事因素,否,120.42017,23.037817
2026,3.0,20260308.0,125200.0,A1,嘉義縣警察局,嘉義縣番路鄉新福村,晴,無照明,鄉道,30.0,單路部分,直路,路段,一般車道(未劃分快慢車道),柏油,乾燥,無缺陷,無障礙物,無遮蔽物,良好,無號誌,無號誌,無,無分向設施,未繪設車道線,未繪設快慢車道分隔線,有,車與車,對撞,駕駛者,酒醉(後)駕駛,死亡1;受傷8,1.0,小客車(含客、貨兩用),自用,男,32.0,不明,不明,車的狀態,向前直行中,汽車,左前車頭(身),,,駕駛者,酒醉(後)駕駛,否,120.551674,23.456232
2026,3.0,20260308.0,125200.0,A1,嘉義縣警察局,嘉義縣番路鄉新福村,晴,無照明,鄉道,30.0,單路部分,直路,路段,一般車道(未劃分快慢車道),柏油,乾燥,無缺陷,無障礙物,無遮蔽物,良好,無號誌,無號誌,無,無分向設施,未繪設車道線,未繪設快慢車道分隔線,有,車與車,對撞,駕駛者,酒醉(後)駕駛,死亡1;受傷8,2.0,小客車(含客、貨兩用),自用,男,34.0,繫安全帶(使用幼童安全椅),未使用,車的狀態,向前直行中,汽車,左前車頭(身),,,無(車輛駕駛者因素),尚未發現肇事因素,否,120.551674,23.456232
2026,3.0,20260308.0,125200.0,A1,嘉義縣警察局,嘉義縣番路鄉新福村,晴,無照明,鄉道,30.0,單路部分,直路,路段,一般車道(未劃分快慢車道),柏油,乾燥,無缺陷,無障礙物,無遮蔽物,良好,無號誌,無號誌,無,無分向設施,未繪設車道線,未繪設快慢車道分隔線,有,車與車,對撞,駕駛者,酒醉(後)駕駛,死亡1;受傷8,3.0,人,乘客,女,31.0,不明,非駕駛人,人的狀態,靜立(止),其他,非汽、機及自行車,,,無(非車輛駕駛人因素),尚未發現肇事因素,否,120.551674,23.456232
2026,3.0,20260308.0,125200.0,A1,嘉義縣警察局,嘉義縣番路鄉新福村,晴,無照明,鄉道,30.0,單路部分,直路,路段,一般車道(未劃分快慢車道),柏油,乾燥,無缺陷,無障礙物,無遮蔽物,良好,無號誌,無號誌,無,無分向設施,未繪設車道線,未繪設快慢車道分隔線,有,車與車,對撞,駕駛者,酒醉(後)駕駛,死亡1;受傷8,4.0,人,乘客,女,8.0,不明,非駕駛人,人的狀態,靜立(止),其他,非汽、機及自行車,,,無(非車輛駕駛人因素),尚未發現肇事因素,否,120.551674,23.456232
2026,3.0,20260308.0,125200.0,A1,嘉義縣警察局,嘉義縣番路鄉新福村,晴,無照明,鄉道,30.0,單路部分,直路,路段,一般車道(未劃分快慢車道),柏油,乾燥,無缺陷,無障礙物,無遮蔽物,良好,無號誌,無號誌,無,無分向設施,未繪設車道線,未繪設快慢車道分隔線,有,車與車,對撞,駕駛者,酒醉(後)駕駛,死亡1;受傷8,5.0,人,乘客,女,0.0,繫安全帶(使用幼童安全椅),非駕駛人,人的狀態,靜立(止),其他,非汽、機及自行車,,,無(非車輛駕駛人因素),尚未發現肇事因素,否,120.551674,23.456232
2026,3.0,20260308.0,125200.0,A1,嘉義縣警察局,嘉義縣番路鄉新福村,晴,無照明,鄉道,30.0,單路部分,直路,路段,一般車道(未劃分快慢車道),柏油,乾燥,無缺陷,無障礙物,無遮蔽物,良好,無號誌,無號誌,無,無分向設施,未繪設車道線,未繪設快慢車道分隔線,有,車與車,對撞,駕駛者,酒醉(後)駕駛,死亡1;受傷8,6.0,人,乘客,女,34.0,繫安全帶(使用幼童安全椅),非駕駛人,人的狀態,靜立(止),其他,非汽、機及自行車,,,無(非車輛駕駛人因素),尚未發現肇事因素,否,120.551674,23.456232
2026,3.0,20260308.0,125200.0,A1,嘉義縣警察局,嘉義縣番路鄉新福村,晴,無照明,鄉道,30.0,單路部分,直路,路段,一般車道(未劃分快慢車道),柏油,乾燥,無缺陷,無障礙物,無遮蔽物,良好,無號誌,無號誌,無,無分向設施,未繪設車道線,未繪設快慢車道分隔線,有,車與車,對撞,駕駛者,酒醉(後)駕駛,死亡1;受傷8,7.0,人,乘客,女,2.0,繫安全帶(使用幼童安全椅),非駕駛人,人的狀態,靜立(止),其他,非汽、機及自行車,,,無(非車輛駕駛人因素),尚未發現肇事因素,否,120.551674,23.456232
2026,3.0,20260308.0,125200.0,A1,嘉義縣警察局,嘉義縣番路鄉新福村,晴,無照明,鄉道,30.0,單路部分,直路,路段,一般車道(未劃分快慢車道),柏油,乾燥,無缺陷,無障礙物,無遮蔽物,良好,無號誌,無號誌,無,無分向設施,未繪設車道線,未繪設快慢車道分隔線,有,車與車,對撞,駕駛者,酒醉(後)駕駛,死亡1;受傷8,8.0,人,乘客,男,67.0,繫安全帶(使用幼童安全椅),非駕駛人,人的狀態,靜立(止),其他,非汽、機及自行車,,,無(非車輛駕駛人因素),尚未發現肇事因素,否,120.551674,23.456232
2026,3.0,20260308.0,125200.0,A1,嘉義縣警察局,嘉義縣番路鄉新福村,晴,無照明,鄉道,30.0,單路部分,直路,路段,一般車道(未劃分快慢車道),柏油,乾燥,無缺陷,無障礙物,無遮蔽物,良好,無號誌,無號誌,無,無分向設施,未繪設車道線,未繪設快慢車道分隔線,有,車與車,對撞,駕駛者,酒醉(後)駕駛,死亡1;受傷8,9.0,人,乘客,女,63.0,繫安全帶(使用幼童安全椅),非駕駛人,人的狀態,靜立(止),其他,非汽、機及自行車,,,無(非車輛駕駛人因素),尚未發現肇事因素,否,120.551674,23.456232
2026,3.0,20260308.0,175000.0,A1,嘉義市政府警察局,嘉義市西區大溪里高鐵大道前0.0公尺,晴,有照明且開啟,市區道路,40.0,單路部分,直路,路段,慢車道,柏油,乾燥,無缺陷,無障礙物,無遮蔽物,良好,無號誌,無號誌,中央分向島,寬式(50公分以上),車道線(無標記),寬式快慢車道分隔島(50公分以上),有,車輛本身,撞路樹,其他,車輛或機械操作不當(慎),死亡1;受傷2,1.0,機車,普通重型,男,37.0,戴半罩式安全帽,未使用,車的狀態,向前直行中,機車與自行車,右側車身,,,其他,車輛或機械操作不當(慎),否,120.40651,23.486275
2026,3.0,20260308.0,175000.0,A1,嘉義市政府警察局,嘉義市西區大溪里高鐵大道前0.0公尺,晴,有照明且開啟,市區道路,40.0,單路部分,直路,路段,慢車道,柏油,乾燥,無缺陷,無障礙物,無遮蔽物,良好,無號誌,無號誌,中央分向島,寬式(50公分以上),車道線(無標記),寬式快慢車道分隔島(50公分以上),有,車輛本身,撞路樹,其他,車輛或機械操作不當(慎),死亡1;受傷2,2.0,,,無或物(動物、堆置物),0.0,,,,,,,,,無(非車輛駕駛人因素),尚未發現肇事因素,否,120.40651,23.486275
2026,3.0,20260308.0,175000.0,A1,嘉義市政府警察局,嘉義市西區大溪里高鐵大道前0.0公尺,晴,有照明且開啟,市區道路,40.0,單路部分,直路,路段,慢車道,柏油,乾燥,無缺陷,無障礙物,無遮蔽物,良好,無號誌,無號誌,中央分向島,寬式(50公分以上),車道線(無標記),寬式快慢車道分隔島(50公分以上),有,車輛本身,撞路樹,其他,車輛或機械操作不當(慎),死亡1;受傷2,3.0,人,乘客,女,41.0,戴半罩式安全帽,非駕駛人,人的狀態,其他,其他,無撞擊,,,無(非車輛駕駛人因素),尚未發現肇事因素,否,120.40651,23.486275
2026,3.0,20260308.0,175000.0,A1,嘉義市政府警察局,嘉義市西區大溪里高鐵大道前0.0公尺,晴,有照明且開啟,市區道路,40.0,單路部分,直路,路段,慢車道,柏油,乾燥,無缺陷,無障礙物,無遮蔽物,良好,無號誌,無號誌,中央分向島,寬式(50公分以上),車道線(無標記),寬式快慢車道分隔島(50公分以上),有,車輛本身,撞路樹,其他,車輛或機械操作不當(慎),死亡1;受傷2,4.0,人,乘客,男,6.0,戴半罩式安全帽,非駕駛人,人的狀態,其他,其他,無撞擊,,,無(非車輛駕駛人因素),尚未發現肇事因素,否,120.40651,23.486275
2026,3.0,20260308.0,183500.0,A1,彰化縣警察局,彰化縣彰化市大埔路220-1號附近,晴,有照明且開啟,市區道路,40.0,單路部分,彎曲路及附近,路段,一般車道(未劃分快慢車道),柏油,乾燥,無缺陷,無障礙物,無遮蔽物,良好,無號誌,無號誌,行車分向線,附標記,車道線(附標記),未繪設快慢車道分隔線,有,車與車,追撞,駕駛者,未保持行車安全距離,死亡1;受傷1,1.0,小客車(含客、貨兩用),自用,女,34.0,繫安全帶(使用幼童安全椅),未使用,車的狀態,向前直行中,汽車,左前車頭(身),,,駕駛者,未保持行車安全距離,否,120.54536,24.058659
2026,3.0,20260308.0,183500.0,A1,彰化縣警察局,彰化縣彰化市大埔路220-1號附近,晴,有照明且開啟,市區道路,40.0,單路部分,彎曲路及附近,路段,一般車道(未劃分快慢車道),柏油,乾燥,無缺陷,無障礙物,無遮蔽物,良好,無號誌,無號誌,行車分向線,附標記,車道線(附標記),未繪設快慢車道分隔線,有,車與車,追撞,駕駛者,未保持行車安全距離,死亡1;受傷1,2.0,機車,大型重型2(250-550C.C.),男,41.0,戴非半罩式安全帽,未使用,車的狀態,向前直行中,機車與自行車,後車尾,,,無(車輛駕駛者因素),尚未發現肇事因素,否,120.54536,24.058659
2026,3.0,20260308.0,183500.0,A1,彰化縣警察局,彰化縣彰化市大埔路220-1號附近,晴,有照明且開啟,市區道路,40.0,單路部分,彎曲路及附近,路段,一般車道(未劃分快慢車道),柏油,乾燥,無缺陷,無障礙物,無遮蔽物,良好,無號誌,無號誌,行車分向線,附標記,車道線(附標記),未繪設快慢車道分隔線,有,車與車,追撞,駕駛者,未保持行車安全距離,死亡1;受傷1,3.0,人,乘客,女,40.0,戴非半罩式安全帽,非駕駛人,人的狀態,其他,其他,非汽、機及自行車,,,非駕駛者,其他引起事故之疏失或行為,否,120.54536,24.058659
2026,3.0,20260308.0,183500.0,A1,彰化縣警察局,彰化縣彰化市大埔路220-1號附近,晴,有照明且開啟,市區道路,40.0,單路部分,彎曲路及附近,路段,一般車道(未劃分快慢車道),柏油,乾燥,無缺陷,無障礙物,無遮蔽物,良好,無號誌,無號誌,行車分向線,附標記,車道線(附標記),未繪設快慢車道分隔線,有,車與車,追撞,駕駛者,未保持行車安全距離,死亡1;受傷1,4.0,小客車(含客、貨兩用),自用,無人駕駛自動車,-1.0,不明,不明,不明,不明,汽車,左前車頭(身),,,無(車輛駕駛者因素),尚未發現肇事因素,否,120.54536,24.058659
2026,3.0,20260308.0,183500.0,A1,彰化縣警察局,彰化縣彰化市大埔路220-1號附近,晴,有照明且開啟,市區道路,40.0,單路部分,彎曲路及附近,路段,一般車道(未劃分快慢車道),柏油,乾燥,無缺陷,無障礙物,無遮蔽物,良好,無號誌,無號誌,行車分向線,附標記,車道線(附標記),未繪設快慢車道分隔線,有,車與車,追撞,駕駛者,未保持行車安全距離,死亡1;受傷1,5.0,小客車(含客、貨兩用),自用,無人駕駛自動車,-1.0,不明,不明,車的狀態,其他,汽車,後車尾,,,無(車輛駕駛者因素),尚未發現肇事因素,否,120.54536,24.058659
2026,3.0,20260309.0,54548.0,A1,宜蘭縣政府警察局,宜蘭縣宜蘭市公園路409號前0.0公尺附近,雨,有照明且開啟,市區道路,50.0,單路部分,直路,路段,慢車道,柏油,濕潤,無缺陷,無障礙物,無遮蔽物,良好,無號誌,無號誌,行車分向線,無標記,車道線(無標記),快慢車道分隔線,有,人與車,其他,其他,相關跡證不足且無具體影像紀錄，當事人各執一詞，經分析後無法釐清肇事原因,死亡1;受傷2,1.0,機車,普通重型,男,23.0,不明,不明,車的狀態,向前直行中,其他,不明,,,其他,相關跡證不足且無具體影像紀錄，當事人各執一詞，經分析後無法釐清肇事原因,否,121.75179,24.738925
2026,3.0,20260309.0,54548.0,A1,宜蘭縣政府警察局,宜蘭縣宜蘭市公園路409號前0.0公尺附近,雨,有照明且開啟,市區道路,50.0,單路部分,直路,路段,慢車道,柏油,濕潤,無缺陷,無障礙物,無遮蔽物,良好,無號誌,無號誌,行車分向線,無標記,車道線(無標記),快慢車道分隔線,有,人與車,其他,其他,相關跡證不足且無具體影像紀錄，當事人各執一詞，經分析後無法釐清肇事原因,死亡1;受傷2,2.0,人,行人,男,86.0,其他(無需使用保護裝備之人),非駕駛人,人的狀態,步行,其他,非汽、機及自行車,,,無(非車輛駕駛人因素),尚未發現肇事因素,否,121.75179,24.738925
2026,3.0,20260309.0,54548.0,A1,宜蘭縣政府警察局,宜蘭縣宜蘭市公園路409號前0.0公尺附近,雨,有照明且開啟,市區道路,50.0,單路部分,直路,路段,慢車道,柏油,濕潤,無缺陷,無障礙物,無遮蔽物,良好,無號誌,無號誌,行車分向線,無標記,車道線(無標記),快慢車道分隔線,有,人與車,其他,其他,相關跡證不足且無具體影像紀錄，當事人各執一詞，經分析後無法釐清肇事原因,死亡1;受傷2,3.0,人,行人,女,86.0,其他(無需使用保護裝備之人),非駕駛人,人的狀態,步行,其他,非汽、機及自行車,,,無(非車輛駕駛人因素),尚未發現肇事因素,否,121.75179,24.738925
2026,3.0,20260309.0,60054.0,A1,桃園市政府警察局,桃園市觀音區台61北上43.7K,陰,有照明未開啟或故障,其他,90.0,單路部分,直路,路段,一般車道(未劃分快慢車道),柏油,乾燥,無缺陷,路上有停車,無遮蔽物,良好,無號誌,無號誌,中央分向島,寬式(50公分以上),車道線(無標記),快慢車道分隔線,有,車與車,其他,其他,相關跡證不足且無具體影像紀錄，當事人各執一詞，經分析後無法釐清肇事原因,死亡2;受傷0,1.0,小客車(含客、貨兩用),自用,男,50.0,繫安全帶(使用幼童安全椅),未使用,車的狀態,其他,其他,不明,,,其他,相關跡證不足且無具體影像紀錄，當事人各執一詞，經分析後無法釐清肇事原因,否,121.045267,25.02188
2026,3.0,20260309.0,60054.0,A1,桃園市政府警察局,桃園市觀音區台61北上43.7K,陰,有照明未開啟或故障,其他,90.0,單路部分,直路,路段,一般車道(未劃分快慢車道),柏油,乾燥,無缺陷,路上有停車,無遮蔽物,良好,無號誌,無號誌,中央分向島,寬式(50公分以上),車道線(無標記),快慢車道分隔線,有,車與車,其他,其他,相關跡證不足且無具體影像紀錄，當事人各執一詞，經分析後無法釐清肇事原因,死亡2;受傷0,2.0,小客車(含客、貨兩用),自用,男,73.0,繫安全帶(使用幼童安全椅),未使用,車的狀態,其他,其他,不明,,,其他,相關跡證不足且無具體影像紀錄，當事人各執一詞，經分析後無法釐清肇事原因,否,121.045267,25.02188
2026,3.0,20260309.0,60054.0,A1,桃園市政府警察局,桃園市觀音區台61北上43.7K,陰,有照明未開啟或故障,其他,90.0,單路部分,直路,路段,一般車道(未劃分快慢車道),柏油,乾燥,無缺陷,路上有停車,無遮蔽物,良好,無號誌,無號誌,中央分向島,寬式(50公分以上),車道線(無標記),快慢車道分隔線,有,車與車,其他,其他,相關跡證不足且無具體影像紀錄，當事人各執一詞，經分析後無法釐清肇事原因,死亡2;受傷0,3.0,曳引車,營業用,男,38.0,繫安全帶(使用幼童安全椅),未使用,車的狀態,急減速或急停止,其他,無撞擊,,,無(車輛駕駛者因素),尚未發現肇事因素,否,121.045267,25.02188
2026,3.0,20260309.0,60054.0,A1,桃園市政府警察局,桃園市觀音區台61北上43.7K,陰,有照明未開啟或故障,其他,90.0,單路部分,直路,路段,一般車道(未劃分快慢車道),柏油,乾燥,無缺陷,路上有停車,無遮蔽物,良好,無號誌,無號誌,中央分向島,寬式(50公分以上),車道線(無標記),快慢車道分隔線,有,車與車,其他,其他,相關跡證不足且無具體影像紀錄，當事人各執一詞，經分析後無法釐清肇事原因,死亡2;受傷0,4.0,曳引車,營業用,男,56.0,繫安全帶(使用幼童安全椅),未使用,車的狀態,向前直行中,汽車,前車頭,,,駕駛者,恍神、緊張、心不在焉分心駕駛,否,121.045267,25.02188
2026,3.0,20260309.0,60054.0,A1,桃園市政府警察局,桃園市觀音區台61北上43.7K,陰,有照明未開啟或故障,其他,90.0,單路部分,直路,路段,一般車道(未劃分快慢車道),柏油,乾燥,無缺陷,路上有停車,無遮蔽物,良好,無號誌,無號誌,中央分向島,寬式(50公分以上),車道線(無標記),快慢車道分隔線,有,車與車,其他,其他,相關跡證不足且無具體影像紀錄，當事人各執一詞，經分析後無法釐清肇事原因,死亡2;受傷0,5.0,小客車(含客、貨兩用),自用,男,53.0,繫安全帶(使用幼童安全椅),未使用,車的狀態,向前直行中,汽車,前車頭,,,駕駛者,恍神、緊張、心不在焉分心駕駛,否,121.045267,25.02188
2026,3.0,20260309.0,60054.0,A1,桃園市政府警察局,桃園市觀音區台61北上43.7K,陰,有照明未開啟或故障,其他,90.0,單路部分,直路,路段,一般車道(未劃分快慢車道),柏油,乾燥,無缺陷,路上有停車,無遮蔽物,良好,無號誌,無號誌,中央分向島,寬式(50公分以上),車道線(無標記),快慢車道分隔線,有,車與車,其他,其他,相關跡證不足且無具體影像紀錄，當事人各執一詞，經分析後無法釐清肇事原因,死亡2;受傷0,6.0,人,乘客,女,29.0,不明,非駕駛人,人的狀態,其他,其他,非汽、機及自行車,,,無(非車輛駕駛人因素),尚未發現肇事因素,否,121.045267,25.02188
2026,3.0,20260309.0,183100.0,A1,嘉義市政府警察局,嘉義市東區荖藤里忠孝路 / 嘉義市東區荖藤里荖藤宅,晴,有照明且開啟,市區道路,50.0,交岔路,四岔路,交叉路口,交叉路口內,柏油,乾燥,無缺陷,無障礙物,無遮蔽物,良好,行車管制號誌(附設行人專用號誌),正常,無,無分向設施,未繪設車道線,未繪設快慢車道分隔線,無,車與車,側撞,其他,其他不當駕車行為,死亡1;受傷1,1.0,小客車(含客、貨兩用),自用,男,36.0,繫安全帶(使用幼童安全椅),未使用,車的狀態,等待(引擎未熄火),汽車,右側車身,,,其他,其他不當駕車行為,否,120.447143,23.505908
2026,3.0,20260309.0,183100.0,A1,嘉義市政府警察局,嘉義市東區荖藤里忠孝路 / 嘉義市東區荖藤里荖藤宅,晴,有照明且開啟,市區道路,50.0,交岔路,四岔路,交叉路口,交叉路口內,柏油,乾燥,無缺陷,無障礙物,無遮蔽物,良好,行車管制號誌(附設行人專用號誌),正常,無,無分向設施,未繪設車道線,未繪設快慢車道分隔線,無,車與車,側撞,其他,其他不當駕車行為,死亡1;受傷1,2.0,機車,普通重型,男,31.0,戴半罩式安全帽,不明,車的狀態,其他,機車與自行車,前車頭,,,駕駛者,恍神、緊張、心不在焉分心駕駛,否,120.447143,23.505908
2026,3.0,20260309.0,183100.0,A1,嘉義市政府警察局,嘉義市東區荖藤里忠孝路 / 嘉義市東區荖藤里荖藤宅,晴,有照明且開啟,市區道路,50.0,交岔路,四岔路,交叉路口,交叉路口內,柏油,乾燥,無缺陷,無障礙物,無遮蔽物,良好,行車管制號誌(附設行人專用號誌),正常,無,無分向設施,未繪設車道線,未繪設快慢車道分隔線,無,車與車,側撞,其他,其他不當駕車行為,死亡1;受傷1,3.0,人,乘客,女,6.0,繫安全帶(使用幼童安全椅),非駕駛人,人的狀態,其他,其他,非汽、機及自行車,,,無(非車輛駕駛人因素),尚未發現肇事因素,否,120.447143,23.505908
2026,3.0,20260310.0,72800.0,A1,臺中市政府警察局,臺中市南屯區三厝里向上路二段 / 臺中市南屯區三厝里惠中路三段,晴,有照明未開啟或故障,市區道路,50.0,交岔路,四岔路,交叉路口,交叉路口內,柏油,乾燥,無缺陷,無障礙物,無遮蔽物,良好,行車管制號誌(附設行人專用號誌),正常,中央分向島,寬式(50公分以上),車道線(無標記),未繪設快慢車道分隔線,無,車與車,側撞,駕駛者,有號誌路口，轉彎車未讓直行車先行,死亡1;受傷1,1.0,機車,普通重型,女,66.0,戴非半罩式安全帽,未使用,車的狀態,左轉彎,機車與自行車,前車頭,,,駕駛者,有號誌路口，轉彎車未讓直行車先行,否,120.640551,24.146929
2026,3.0,20260310.0,72800.0,A1,臺中市政府警察局,臺中市南屯區三厝里向上路二段 / 臺中市南屯區三厝里惠中路三段,晴,有照明未開啟或故障,市區道路,50.0,交岔路,四岔路,交叉路口,交叉路口內,柏油,乾燥,無缺陷,無障礙物,無遮蔽物,良好,行車管制號誌(附設行人專用號誌),正常,中央分向島,寬式(50公分以上),車道線(無標記),未繪設快慢車道分隔線,無,車與車,側撞,駕駛者,有號誌路口，轉彎車未讓直行車先行,死亡1;受傷1,2.0,機車,普通重型,男,25.0,戴非半罩式安全帽,未使用,車的狀態,向前直行中,機車與自行車,前車頭,,,其他,其他不當駕車行為,否,120.640551,24.146929
2026,3.0,20260310.0,84600.0,A1,臺南市政府警察局,臺南市仁德區德安路與德善一街口,陰,有照明未開啟或故障,市區道路,50.0,交岔路,四岔路,交叉路口,交叉路口內,柏油,乾燥,無缺陷,無障礙物,無遮蔽物,良好,行車管制號誌,正常,雙向禁止超車線,無標記,未繪設車道線,未繪設快慢車道分隔線,有,車與車,側撞,駕駛者,右轉彎未依規定,死亡1;受傷0,1.0,大貨車,營業用,男,45.0,繫安全帶(使用幼童安全椅),未使用,車的狀態,右轉彎,汽車,右前車頭(身),,,駕駛者,右轉彎未依規定,否,120.254027,22.95097
2026,3.0,20260310.0,84600.0,A1,臺南市政府警察局,臺南市仁德區德安路與德善一街口,陰,有照明未開啟或故障,市區道路,50.0,交岔路,四岔路,交叉路口,交叉路口內,柏油,乾燥,無缺陷,無障礙物,無遮蔽物,良好,行車管制號誌,正常,雙向禁止超車線,無標記,未繪設車道線,未繪設快慢車道分隔線,有,車與車,側撞,駕駛者,右轉彎未依規定,死亡1;受傷0,2.0,慢車,腳踏自行車,女,63.0,戴半罩式安全帽,未使用,車的狀態,向前直行中,機車與自行車,左側車身,,,駕駛者,恍神、緊張、心不在焉分心駕駛,否,120.254027,22.95097
2026,3.0,20260310.0,181900.0,A1,桃園市政府警察局,桃園市平鎮區民族路雙連二段232號前0.0公尺,晴,有照明且開啟,市區道路,50.0,單路部分,直路,路段,一般車道(未劃分快慢車道),柏油,乾燥,無缺陷,無障礙物,無遮蔽物,良好,無號誌,無號誌,雙向禁止超車線,無標記,未繪設車道線,未繪設快慢車道分隔線,有,人與車,穿越道路中,非駕駛者,未依標誌或標線穿越道路,死亡1;受傷1,1.0,人,行人,男,94.0,其他(無需使用保護裝備之人),非駕駛人,人的狀態,步行,其他,非汽、機及自行車,,,非駕駛者,未依標誌或標線穿越道路,否,121.179843,24.958753
2026,3.0,20260310.0,181900.0,A1,桃園市政府警察局,桃園市平鎮區民族路雙連二段232號前0.0公尺,晴,有照明且開啟,市區道路,50.0,單路部分,直路,路段,一般車道(未劃分快慢車道),柏油,乾燥,無缺陷,無障礙物,無遮蔽物,良好,無號誌,無號誌,雙向禁止超車線,無標記,未繪設車道線,未繪設快慢車道分隔線,有,人與車,穿越道路中,非駕駛者,未依標誌或標線穿越道路,死亡1;受傷1,2.0,機車,普通重型,女,25.0,戴半罩式安全帽,未使用,車的狀態,向前直行中,機車與自行車,前車頭,,,駕駛者,恍神、緊張、心不在焉分心駕駛,否,121.179843,24.958753
2026,3.0,20260311.0,123400.0,A1,臺中市政府警察局,臺中市潭子區頭家里環中路一段 / 臺中市潭子區頭家里中山路一段,晴,有照明未開啟或故障,市區道路,50.0,交岔路,四岔路,交叉路口,交叉路口內,柏油,乾燥,無缺陷,無障礙物,無遮蔽物,良好,行車管制號誌(附設行人專用號誌),正常,無,無分向設施,未繪設車道線,未繪設快慢車道分隔線,無,車與車,側撞,駕駛者,違反遵行方向標誌(線),死亡1;受傷0,1.0,機車,普通重型,男,78.0,戴半罩式安全帽,未使用,車的狀態,向前直行中,機車與自行車,左側車身,,,駕駛者,違反遵行方向標誌(線),否,120.703385,24.200644
2026,3.0,20260311.0,123400.0,A1,臺中市政府警察局,臺中市潭子區頭家里環中路一段 / 臺中市潭子區頭家里中山路一段,晴,有照明未開啟或故障,市區道路,50.0,交岔路,四岔路,交叉路口,交叉路口內,柏油,乾燥,無缺陷,無障礙物,無遮蔽物,良好,行車管制號誌(附設行人專用號誌),正常,無,無分向設施,未繪設車道線,未繪設快慢車道分隔線,無,車與車,側撞,駕駛者,違反遵行方向標誌(線),死亡1;受傷0,2.0,曳引車,營業用,男,55.0,繫安全帶(使用幼童安全椅),未使用,車的狀態,右轉彎,汽車,右前車頭(身),,,其他,其他不當駕車行為,否,120.703385,24.200644