發生年度,發生月份,發生日期,發生時間,事故類別名稱,處理單位名稱警局層,發生地點,天候名稱,光線名稱,道路類別-第1當事者-名稱,速限-第1當事者,道路型態大類別名稱,道路型態子類別名稱,事故位置大類別名稱,事故位置子類別名稱,路面狀況-路面鋪裝名稱,路面狀況-路面狀態名稱,路面狀況-路面缺陷名稱,道路障礙-障礙物名稱,道路障礙-視距品質名稱,道路障礙-視距名稱,號誌-號誌種類名稱,號誌-號誌動作名稱,車道劃分設施-分向設施大類別名稱,車道劃分設施-分向設施子類別名稱,車道劃分設施-分道設施-快車道或一般車道間名稱,車道劃分設施-分道設施-快慢車道間名稱,車道劃分設施-分道設施-路面邊線名稱,事故類型及型態大類別名稱,事故類型及型態子類別名稱,肇因研判大類別名稱-主要,肇因研判子類別名稱-主要,死亡受傷人數,當事者順位,當事者區分-類別-大類別名稱-車種,當事者區分-類別-子類別名稱-車種,當事者屬-性-別名稱,當事者事故發生時年齡,保護裝備名稱,行動電話或電腦或其他相類功能裝置名稱,當事者行動狀態大類別名稱,當事者行動狀態子類別名稱,車輛撞擊部位大類別名稱-最初,車輛撞擊部位子類別名稱-最初,車輛撞擊部位大類別名稱-其他,車輛撞擊部位子類別名稱-其他,肇因研判大類別名稱-個別,肇因研判子類別名稱-個別,肇事逃逸類別名稱-是否肇逃,經度,緯度
2026,3.0,20260311.0,132100.0,A1,南投縣政府警察局,南投縣名間鄉新丹巷(近白毫幹150右分11K6185HD96),晴,有照明未開啟或故障,村里道路,30.0,單路部分,直路,路段,一般車道(未劃分快慢車道),柏油,乾燥,無缺陷,無障礙物,無遮蔽物,良好,無號誌,無號誌,無,無分向設施,未繪設車道線,未繪設快慢車道分隔線,無,車輛本身,其他,駕駛者,患病或服用藥物(疲勞)駕駛,死亡1;受傷0,1.0,機車,普通重型,女,67.0,戴半罩式安全帽,未使用,車的狀態,其他,機車與自行車,右側車身,,,駕駛者,患病或服用藥物(疲勞)駕駛,否,120.709583,23.887902
2026,3.0,20260311.0,132100.0,A1,南投縣政府警察局,南投縣名間鄉新丹巷(近白毫幹150右分11K6185HD96),晴,有照明未開啟或故障,村里道路,30.0,單路部分,直路,路段,一般車道(未劃分快慢車道),柏油,乾燥,無缺陷,無障礙物,無遮蔽物,良好,無號誌,無號誌,無,無分向設施,未繪設車道線,未繪設快慢車道分隔線,無,車輛本身,其他,駕駛者,患病或服用藥物(疲勞)駕駛,死亡1;受傷0,2.0,,,無或物(動物、堆置物),-1.0,,,,,,,,,無(非車輛駕駛人因素),尚未發現肇事因素,否,120.709583,23.887902
2026,3.0,20260311.0,151700.0,A1,臺北市政府警察局,臺北市南港區南港路1段 / 臺北市南港區經貿一路,晴,無照明,市區道路,50.0,交岔路,三岔路,交叉路口,交叉路口內,柏油,乾燥,無缺陷,無障礙物,無遮蔽物,良好,行車管制號誌,正常,中央分向島,寬式(50公分以上),車道線(附標記),未繪設快慢車道分隔線,無,車與車,側撞,駕駛者,右轉彎未依規定,死亡1;受傷0,1.0,小客車(含客、貨兩用),自用,男,33.0,不明,不明,車的狀態,右轉彎,汽車,右側車身,,,駕駛者,右轉彎未依規定,否,121.618895,25.05492
2026,3.0,20260311.0,151700.0,A1,臺北市政府警察局,臺北市南港區南港路1段 / 臺北市南港區經貿一路,晴,無照明,市區道路,50.0,交岔路,三岔路,交叉路口,交叉路口內,柏油,乾燥,無缺陷,無障礙物,無遮蔽物,良好,行車管制號誌,正常,中央分向島,寬式(50公分以上),車道線(附標記),未繪設快慢車道分隔線,無,車與車,側撞,駕駛者,右轉彎未依規定,死亡1;受傷0,2.0,機車,普通重型,男,41.0,不明,不明,車的狀態,向前直行中,機車與自行車,左側車身,,,駕駛者,恍神、緊張、心不在焉分心駕駛,否,121.618895,25.05492
2026,3.0,20260311.0,161700.0,A1,鐵路警察局,新北市鶯歌區山線 54.0公里933.0公尺鳳鳴里平交道,晴,無照明,其他,15.0,平交道,有遮斷器,其他,其他,其他鋪裝,乾燥,無缺陷,無障礙物,無遮蔽物,良好,閃光號誌,正常,無,無分向設施,未繪設車道線,未繪設快慢車道分隔線,無,平交道事故,正越過平交道中,其他,其他不當駕車行為,死亡1;受傷0,1.0,機車,普通重型,男,82.0,戴半罩式安全帽,未使用,車的狀態,向前直行中,機車與自行車,右側車身,,,其他,其他不當駕車行為,否,121.342726,24.961497
2026,3.0,20260311.0,161700.0,A1,鐵路警察局,新北市鶯歌區山線 54.0公里933.0公尺鳳鳴里平交道,晴,無照明,其他,15.0,平交道,有遮斷器,其他,其他,其他鋪裝,乾燥,無缺陷,無障礙物,無遮蔽物,良好,閃光號誌,正常,無,無分向設施,未繪設車道線,未繪設快慢車道分隔線,無,平交道事故,正越過平交道中,其他,其他不當駕車行為,死亡1;受傷0,2.0,其他車,火車,男,25.0,不明,未使用,車的狀態,向前直行中,其他,非汽、機及自行車,,,無(車輛駕駛者因素),尚未發現肇事因素,否,121.342726,24.961497
2026,3.0,20260311.0,171500.0,A1,桃園市政府警察局,桃園市觀音區新林路西 / 桃園市觀音區文林路南,晴,無照明,其他,30.0,交岔路,三岔路,交叉路口,交叉路口內,柏油,乾燥,無缺陷,無障礙物,無遮蔽物,良好,無號誌,無號誌,無,無分向設施,未繪設車道線,未繪設快慢車道分隔線,無,車與車,側撞,駕駛者,無號誌路口，支線道未讓幹線道先行,死亡1;受傷0,1.0,小客車(含客、貨兩用),自用,男,64.0,繫安全帶(使用幼童安全椅),未使用,車的狀態,左轉彎,汽車,左後車尾(身),,,駕駛者,無號誌路口，支線道未讓幹線道先行,否,121.127864,25.026531
2026,3.0,20260311.0,171500.0,A1,桃園市政府警察局,桃園市觀音區新林路西 / 桃園市觀音區文林路南,晴,無照明,其他,30.0,交岔路,三岔路,交叉路口,交叉路口內,柏油,乾燥,無缺陷,無障礙物,無遮蔽物,良好,無號誌,無號誌,無,無分向設施,未繪設車道線,未繪設快慢車道分隔線,無,車與車,側撞,駕駛者,無號誌路口，支線道未讓幹線道先行,死亡1;受傷0,2.0,機車,普通重型,男,56.0,戴半罩式安全帽,不明,車的狀態,向前直行中,機車與自行車,前車頭,,,駕駛者,恍神、緊張、心不在焉分心駕駛,否,121.127864,25.026531
2026,3.0,20260312.0,40128.0,A1,苗栗縣警察局,苗栗縣竹南鎮仁愛路1036號前,晴,有照明且開啟,村里道路,50.0,單路部分,彎曲路及附近,路段,一般車道(未劃分快慢車道),柏油,乾燥,無缺陷,無障礙物,無遮蔽物,良好,無號誌,無號誌,雙向禁止超車線,無標記,禁止變換車道線(無標記),未繪設快慢車道分隔線,有,車輛本身,撞護欄(樁),其他,其他不當駕車行為,死亡1;受傷0,1.0,機車,普通重型,男,17.0,戴半罩式安全帽,未使用,車的狀態,左轉彎,機車與自行車,右側車身,,,其他,其他不當駕車行為,否,120.894037,24.710342
2026,3.0,20260312.0,40128.0,A1,苗栗縣警察局,苗栗縣竹南鎮仁愛路1036號前,晴,有照明且開啟,村里道路,50.0,單路部分,彎曲路及附近,路段,一般車道(未劃分快慢車道),柏油,乾燥,無缺陷,無障礙物,無遮蔽物,良好,無號誌,無號誌,雙向禁止超車線,無標記,禁止變換車道線(無標記),未繪設快慢車道分隔線,有,車輛本身,撞護欄(樁),其他,其他不當駕車行為,死亡1;受傷0,2.0,,,無或物(動物、堆置物),-1.0,,,,,,,,,無(非車輛駕駛人因素),尚未發現肇事因素,否,120.894037,24.710342
2026,3.0,20260312.0,41900.0,A1,新北市政府警察局,新北市瑞芳區臺2線道路前0.0公尺,晴,無照明,市區道路,50.0,單路部分,直路,路段,一般車道(未劃分快慢車道),柏油,乾燥,無缺陷,無障礙物,無遮蔽物,良好,無號誌,無號誌,雙向禁止超車線,無標記,車道線(無標記),未繪設快慢車道分隔線,有,車與車,其他,駕駛者,未依規定減速,死亡1;受傷2,1.0,大客車,營業用,男,67.0,不明,不明,車的狀態,向前直行中,汽車,前車頭,,,駕駛者,未依規定減速,否,121.904554,25.121721
2026,3.0,20260312.0,41900.0,A1,新北市政府警察局,新北市瑞芳區臺2線道路前0.0公尺,晴,無照明,市區道路,50.0,單路部分,直路,路段,一般車道(未劃分快慢車道),柏油,乾燥,無缺陷,無障礙物,無遮蔽物,良好,無號誌,無號誌,雙向禁止超車線,無標記,車道線(無標記),未繪設快慢車道分隔線,有,車與車,其他,駕駛者,未依規定減速,死亡1;受傷2,2.0,大客車,營業用,男,43.0,不明,不明,車的狀態,向前直行中,汽車,前車頭,,,無(車輛駕駛者因素),尚未發現肇事因素,否,121.904554,25.121721
2026,3.0,20260312.0,41900.0,A1,新北市政府警察局,新北市瑞芳區臺2線道路前0.0公尺,晴,無照明,市區道路,50.0,單路部分,直路,路段,一般車道(未劃分快慢車道),柏油,乾燥,無缺陷,無障礙物,無遮蔽物,良好,無號誌,無號誌,雙向禁止超車線,無標記,車道線(無標記),未繪設快慢車道分隔線,有,車與車,其他,駕駛者,未依規定減速,死亡1;受傷2,3.0,大客車,營業用,男,40.0,不明,不明,車的狀態,向前直行中,汽車,前車頭,,,駕駛者,未保持行車安全距離,否,121.904554,25.121721
2026,3.0,20260312.0,41900.0,A1,新北市政府警察局,新北市瑞芳區臺2線道路前0.0公尺,晴,無照明,市區道路,50.0,單路部分,直路,路段,一般車道(未劃分快慢車道),柏油,乾燥,無缺陷,無障礙物,無遮蔽物,良好,無號誌,無號誌,雙向禁止超車線,無標記,車道線(無標記),未繪設快慢車道分隔線,有,車與車,其他,駕駛者,未依規定減速,死亡1;受傷2,4.0,人,乘客,女,42.0,不明,非駕駛人,不明,不明,其他,非汽、機及自行車,,,無(非車輛駕駛人因素),尚未發現肇事因素,否,121.904554,25.121721
2026,3.0,20260312.0,44000.0,A1,高雄市政府警察局,高雄市小港區村沿海一路 / 高雄市小港區漢民路,晴,有照明且開啟,市區道路,40.0,交岔路,四岔路,交叉路口,交叉路口內,柏油,乾燥,無缺陷,無障礙物,無遮蔽物,良好,行車管制號誌,正常,無,無分向設施,未繪設車道線,未繪設快慢車道分隔線,無,車與車,路口交岔撞,駕駛者,闖紅燈直行,死亡1;受傷0,1.0,機車,普通重型,男,25.0,不明,不明,車的狀態,向前直行中,機車與自行車,左側車身,,,駕駛者,闖紅燈直行,否,120.3524,22.56626
2026,3.0,20260312.0,44000.0,A1,高雄市政府警察局,高雄市小港區村沿海一路 / 高雄市小港區漢民路,晴,有照明且開啟,市區道路,40.0,交岔路,四岔路,交叉路口,交叉路口內,柏油,乾燥,無缺陷,無障礙物,無遮蔽物,良好,行車管制號誌,正常,無,無分向設施,未繪設車道線,未繪設快慢車道分隔線,無,車與車,路口交岔撞,駕駛者,闖紅燈直行,死亡1;受傷0,2.0,大貨車,營業用,男,53.0,繫安全帶(使用幼童安全椅),未使用,車的狀態,向前直行中,汽車,前車頭,,,無(車輛駕駛者因素),尚未發現肇事因素,否,120.3524,22.56626
2026,3.0,20260312.0,222600.0,A1,臺中市政府警察局,臺中市太平區建國里太堤西路前0.0公尺,晴,有照明且開啟,市區道路,40.0,單路部分,直路,路段,一般車道(未劃分快慢車道),柏油,乾燥,無缺陷,無障礙物,無遮蔽物,良好,無號誌,無號誌,行車分向線,無標記,未繪設車道線,未繪設快慢車道分隔線,有,車輛本身,其他,其他,其他不當駕車行為,死亡1;受傷0,1.0,機車,大型重型1(550C.C.以上),男,19.0,戴非半罩式安全帽,未使用,車的狀態,向前直行中,機車與自行車,右側車身,,,其他,其他不當駕車行為,否,120.726985,24.120976
2026,3.0,20260312.0,222600.0,A1,臺中市政府警察局,臺中市太平區建國里太堤西路前0.0公尺,晴,有照明且開啟,市區道路,40.0,單路部分,直路,路段,一般車道(未劃分快慢車道),柏油,乾燥,無缺陷,無障礙物,無遮蔽物,良好,無號誌,無號誌,行車分向線,無標記,未繪設車道線,未繪設快慢車道分隔線,有,車輛本身,其他,其他,其他不當駕車行為,死亡1;受傷0,2.0,,,無或物(動物、堆置物),0.0,,,,,,,,,無(非車輛駕駛人因素),尚未發現肇事因素,否,120.726985,24.120976
2026,3.0,20260312.0,222600.0,A1,臺中市政府警察局,臺中市太平區建國里太堤西路前0.0公尺,晴,有照明且開啟,市區道路,40.0,單路部分,直路,路段,一般車道(未劃分快慢車道),柏油,乾燥,無缺陷,無障礙物,無遮蔽物,良好,無號誌,無號誌,行車分向線,無標記,未繪設車道線,未繪設快慢車道分隔線,有,車輛本身,其他,其他,其他不當駕車行為,死亡1;受傷0,3.0,,,無或物(動物、堆置物),0.0,,,,,,,,,無(非車輛駕駛人因素),尚未發現肇事因素,否,120.726985,24.120976
2026,3.0,20260313.0,232439.0,A1,新竹縣政府警察局,新竹縣新埔鎮義民路二段216號旁(燈桿高幹枋寮28E0595GC79前),晴,有照明且開啟,鄉道,50.0,單路部分,直路,路段,路肩、路緣,柏油,乾燥,無缺陷,無障礙物,無遮蔽物,良好,無號誌,無號誌,行車分向線,無標記,未繪設車道線,未繪設快慢車道分隔線,有,車與車,其他,其他,其他不當駕車行為,死亡1;受傷0,1.0,機車,普通重型,男,20.0,戴非半罩式安全帽,未使用,車的狀態,向前直行中,機車與自行車,前車頭,機車與自行車,左側車身,其他,其他不當駕車行為,否,121.051288,24.8367
2026,3.0,20260313.0,232439.0,A1,新竹縣政府警察局,新竹縣新埔鎮義民路二段216號旁(燈桿高幹枋寮28E0595GC79前),晴,有照明且開啟,鄉道,50.0,單路部分,直路,路段,路肩、路緣,柏油,乾燥,無缺陷,無障礙物,無遮蔽物,良好,無號誌,無號誌,行車分向線,無標記,未繪設車道線,未繪設快慢車道分隔線,有,車與車,其他,其他,其他不當駕車行為,死亡1;受傷0,2.0,小貨車,自用,男,42.0,不明,未使用,車的狀態,靜止(引擎熄火),汽車,後車尾,汽車,後車尾,無(車輛駕駛者因素),尚未發現肇事因素,否,121.051288,24.8367
2026,3.0,20260314.0,11300.0,A1,高雄市政府警察局,高雄市仁武區村澄觀路1段90號前0.0公尺,晴,有照明且開啟,市區道路,40.0,單路部分,直路,路段,慢車道,柏油,乾燥,無缺陷,無障礙物,無遮蔽物,良好,無號誌,無號誌,中央分向島,窄式無柵欄,車道線(無標記),快慢車道分隔線,有,車與車,其他,駕駛者,起步時未注意安全,死亡1;受傷0,1.0,小客車(含客、貨兩用),自用,男,51.0,繫安全帶(使用幼童安全椅),未使用,車的狀態,起步,汽車,左前車頭(身),,,駕駛者,起步時未注意安全,否,120.356345,22.689036
2026,3.0,20260314.0,11300.0,A1,高雄市政府警察局,高雄市仁武區村澄觀路1段90號前0.0公尺,晴,有照明且開啟,市區道路,40.0,單路部分,直路,路段,慢車道,柏油,乾燥,無缺陷,無障礙物,無遮蔽物,良好,無號誌,無號誌,中央分向島,窄式無柵欄,車道線(無標記),快慢車道分隔線,有,車與車,其他,駕駛者,起步時未注意安全,死亡1;受傷0,2.0,機車,普通重型,男,48.0,戴半罩式安全帽,不明,車的狀態,向前直行中,機車與自行車,前車頭,,,無(車輛駕駛者因素),尚未發現肇事因素,否,120.356345,22.689036
2026,3.0,20260314.0,113126.0,A1,臺南市政府警察局,臺南市新化區崙頂里,晴,有照明未開啟或故障,市區道路,50.0,交岔路,四岔路,交叉路口,交叉路口內,柏油,乾燥,無缺陷,無障礙物,無遮蔽物,良好,行車管制號誌,正常,無,無分向設施,未繪設車道線,未繪設快慢車道分隔線,無,車與車,側撞,駕駛者,未保持行車安全距離,死亡1;受傷1,1.0,機車,普通重型,男,18.0,戴非半罩式安全帽,未使用,車的狀態,向前直行中,機車與自行車,前車頭,,,駕駛者,未保持行車安全距離,否,120.289228,23.019624
2026,3.0,20260314.0,113126.0,A1,臺南市政府警察局,臺南市新化區崙頂里,晴,有照明未開啟或故障,市區道路,50.0,交岔路,四岔路,交叉路口,交叉路口內,柏油,乾燥,無缺陷,無障礙物,無遮蔽物,良好,行車管制號誌,正常,無,無分向設施,未繪設車道線,未繪設快慢車道分隔線,無,車與車,側撞,駕駛者,未保持行車安全距離,死亡1;受傷1,2.0,小客車(含客、貨兩用),自用,男,53.0,繫安全帶(使用幼童安全椅),未使用,車的狀態,右轉彎,汽車,右前車頭(身),,,無(車輛駕駛者因素),尚未發現肇事因素,否,120.289228,23.019624
2026,3.0,20260314.0,113126.0,A1,臺南市政府警察局,臺南市新化區崙頂里,晴,有照明未開啟或故障,市區道路,50.0,交岔路,四岔路,交叉路口,交叉路口內,柏油,乾燥,無缺陷,無障礙物,無遮蔽物,良好,行車管制號誌,正常,無,無分向設施,未繪設車道線,未繪設快慢車道分隔線,無,車與車,側撞,駕駛者,未保持行車安全距離,死亡1;受傷1,3.0,機車,普通重型,女,32.0,戴非半罩式安全帽,未使用,車的狀態,等待(引擎未熄火),機車與自行車,左側車身,,,無(車輛駕駛者因素),尚未發現肇事因素,否,120.289228,23.019624
2026,3.0,20260314.0,154500.0,A1,苗栗縣警察局,苗栗縣三灣鄉124丙線與苗17線路口,晴,有照明未開啟或故障,縣道,60.0,交岔路,四岔路,交叉路口,交叉路口內,柏油,乾燥,無缺陷,無障礙物,無遮蔽物,良好,行車管制號誌,正常,無,無分向設施,未繪設車道線,未繪設快慢車道分隔線,無,車與車,側撞,駕駛者,有號誌路口，轉彎車未讓直行車先行,死亡1;受傷0,1.0,機車,普通重型,男,69.0,戴半罩式安全帽,未使用,車的狀態,左轉彎,機車與自行車,右側車身,,,駕駛者,有號誌路口，轉彎車未讓直行車先行,否,120.950584,24.674925
2026,3.0,20260314.0,154500.0,A1,苗栗縣警察局,苗栗縣三灣鄉124丙線與苗17線路口,晴,有照明未開啟或故障,縣道,60.0,交岔路,四岔路,交叉路口,交叉路口內,柏油,乾燥,無缺陷,無障礙物,無遮蔽物,良好,行車管制號誌,正常,無,無分向設施,未繪設車道線,未繪設快慢車道分隔線,無,車與車,側撞,駕駛者,有號誌路口，轉彎車未讓直行車先行,死亡1;受傷0,2.0,小客車(含客、貨兩用),自用,女,37.0,繫安全帶(使用幼童安全椅),未使用,車的狀態,向前直行中,汽車,前車頭,,,其他,其他不當駕車行為,否,120.950584,24.674925
2026,3.0,20260314.0,163110.0,A1,桃園市政府警察局,桃園市楊梅區楊湖路一段752號前0.0公尺,晴,有照明且開啟,市區道路,50.0,單路部分,直路,路段,一般車道(未劃分快慢車道),柏油,乾燥,無缺陷,無障礙物,無遮蔽物,良好,無號誌,無號誌,行車分向線,無標記,車道線(附標記),未繪設快慢車道分隔線,有,車與車,同向擦撞,駕駛者,違反其他標誌(線)禁制,死亡1;受傷0,1.0,機車,普通重型,男,65.0,戴半罩式安全帽,未使用,車的狀態,向前直行中,機車與自行車,前車頭,,,駕駛者,違反其他標誌(線)禁制,否,121.124326,24.912707
2026,3.0,20260314.0,163110.0,A1,桃園市政府警察局,桃園市楊梅區楊湖路一段752號前0.0公尺,晴,有照明且開啟,市區道路,50.0,單路部分,直路,路段,一般車道(未劃分快慢車道),柏油,乾燥,無缺陷,無障礙物,無遮蔽物,良好,無號誌,無號誌,行車分向線,無標記,車道線(附標記),未繪設快慢車道分隔線,有,車與車,同向擦撞,駕駛者,違反其他標誌(線)禁制,死亡1;受傷0,2.0,小客車(含客、貨兩用),自用,女,48.0,繫安全帶(使用幼童安全椅),不明,車的狀態,向右變換車道,汽車,右側車身,,,其他,其他不當駕車行為,否,121.124326,24.912707
2026,3.0,20260314.0,185500.0,A1,高雄市政府警察局,高雄市岡山區中山北路 / 高雄市岡山區無名路,晴,有照明且開啟,市區道路,30.0,交岔路,三岔路,交叉路口,交叉路口內,柏油,乾燥,無缺陷,無障礙物,無遮蔽物,良好,無號誌,無號誌,無,無分向設施,未繪設車道線,未繪設快慢車道分隔線,無,車與車,側撞,駕駛者,左轉彎未依規定,死亡1;受傷1,1.0,機車,普通重型,女,31.0,戴半罩式安全帽,未使用,車的狀態,左轉彎,機車與自行車,左側車身,,,駕駛者,左轉彎未依規定,否,120.2988,22.79599
2026,3.0,20260314.0,185500.0,A1,高雄市政府警察局,高雄市岡山區中山北路 / 高雄市岡山區無名路,晴,有照明且開啟,市區道路,30.0,交岔路,三岔路,交叉路口,交叉路口內,柏油,乾燥,無缺陷,無障礙物,無遮蔽物,良好,無號誌,無號誌,無,無分向設施,未繪設車道線,未繪設快慢車道分隔線,無,車與車,側撞,駕駛者,左轉彎未依規定,死亡1;受傷1,2.0,機車,普通重型,男,55.0,戴半罩式安全帽,不明,車的狀態,向前直行中,機車與自行車,前車頭,,,無(車輛駕駛者因素),尚未發現肇事因素,否,120.2988,22.79599
2026,3.0,20260315.0,3236.0,A1,南投縣政府警察局,南投縣草屯鎮玉峰里博愛路玉屏路口,晴,有照明且開啟,省道,50.0,交岔路,多岔路,交叉路口,交叉路口內,柏油,乾燥,無缺陷,無障礙物,無遮蔽物,良好,閃光號誌,正常,中央分向島,窄式無柵欄,車道線(無標記),未繪設快慢車道分隔線,有,車與車,路口交岔撞,駕駛者,違反閃光號誌,死亡1;受傷7,1.0,小客車(含客、貨兩用),租賃車,男,49.0,繫安全帶(使用幼童安全椅),未使用,車的狀態,向前直行中,汽車,右側車身,,,駕駛者,違反閃光號誌,否,120.689989,23.982973
2026,3.0,20260315.0,3236.0,A1,南投縣政府警察局,南投縣草屯鎮玉峰里博愛路玉屏路口,晴,有照明且開啟,省道,50.0,交岔路,多岔路,交叉路口,交叉路口內,柏油,乾燥,無缺陷,無障礙物,無遮蔽物,良好,閃光號誌,正常,中央分向島,窄式無柵欄,車道線(無標記),未繪設快慢車道分隔線,有,車與車,路口交岔撞,駕駛者,違反閃光號誌,死亡1;受傷7,2.0,小貨車,自用,男,61.0,繫安全帶(使用幼童安全椅),未使用,車的狀態,向前直行中,汽車,前車頭,,,駕駛者,未依規定減速,否,120.689989,23.982973
2026,3.0,20260315.0,3236.0,A1,南投縣政府警察局,南投縣草屯鎮玉峰里博愛路玉屏路口,晴,有照明且開啟,省道,50.0,交岔路,多岔路,交叉路口,交叉路口內,柏油,乾燥,無缺陷,無障礙物,無遮蔽物,良好,閃光號誌,正常,中央分向島,窄式無柵欄,車道線(無標記),未繪設快慢車道分隔線,有,車與車,路口交岔撞,駕駛者,違反閃光號誌,死亡1;受傷7,3.0,小客車(含客、貨兩用),自用,男,49.0,繫安全帶(使用幼童安全椅),未使用,車的狀態,等待(引擎未熄火),汽車,前車頭,,,無(車輛駕駛者因素),尚未發現肇事因素,否,120.689989,23.982973
2026,3.0,20260315.0,3236.0,A1,南投縣政府警察局,南投縣草屯鎮玉峰里博愛路玉屏路口,晴,有照明且開啟,省道,50.0,交岔路,多岔路,交叉路口,交叉路口內,柏油,乾燥,無缺陷,無障礙物,無遮蔽物,良好,閃光號誌,正常,中央分向島,窄式無柵欄,車道線(無標記),未繪設快慢車道分隔線,有,車與車,路口交岔撞,駕駛者,違反閃光號誌,死亡1;受傷7,4.0,人,乘客,女,44.0,不明,非駕駛人,人的狀態,其他,其他,非汽、機及自行車,,,無(非車輛駕駛人因素),尚未發現肇事因素,否,120.689989,23.982973
2026,3.0,20260315.0,3236.0,A1,南投縣政府警察局,南投縣草屯鎮玉峰里博愛路玉屏路口,晴,有照明且開啟,省道,50.0,交岔路,多岔路,交叉路口,交叉路口內,柏油,乾燥,無缺陷,無障礙物,無遮蔽物,良好,閃光號誌,正常,中央分向島,窄式無柵欄,車道線(無標記),未繪設快慢車道分隔線,有,車與車,路口交岔撞,駕駛者,違反閃光號誌,死亡1;受傷7,5.0,人,乘客,女,38.0,不明,非駕駛人,人的狀態,其他,其他,非汽、機及自行車,,,無(非車輛駕駛人因素),尚未發現肇事因素,否,120.689989,23.982973
2026,3.0,20260315.0,3236.0,A1,南投縣政府警察局,南投縣草屯鎮玉峰里博愛路玉屏路口,晴,有照明且開啟,省道,50.0,交岔路,多岔路,交叉路口,交叉路口內,柏油,乾燥,無缺陷,無障礙物,無遮蔽物,良好,閃光號誌,正常,中央分向島,窄式無柵欄,車道線(無標記),未繪設快慢車道分隔線,有,車與車,路口交岔撞,駕駛者,違反閃光號誌,死亡1;受傷7,6.0,人,乘客,女,47.0,不明,非駕駛人,人的狀態,其他,其他,非汽、機及自行車,,,無(非車輛駕駛人因素),尚未發現肇事因素,否,120.689989,23.982973
2026,3.0,20260315.0,3236.0,A1,南投縣政府警察局,南投縣草屯鎮玉峰里博愛路玉屏路口,晴,有照明且開啟,省道,50.0,交岔路,多岔路,交叉路口,交叉路口內,柏油,乾燥,無缺陷,無障礙物,無遮蔽物,良好,閃光號誌,正常,中央分向島,窄式無柵欄,車道線(無標記),未繪設快慢車道分隔線,有,車與車,路口交岔撞,駕駛者,違反閃光號誌,死亡1;受傷7,7.0,人,乘客,男,49.0,不明,非駕駛人,人的狀態,其他,其他,非汽、機及自行車,,,無(非車輛駕駛人因素),尚未發現肇事因素,否,120.689989,23.982973
2026,3.0,20260315.0,3236.0,A1,南投縣政府警察局,南投縣草屯鎮玉峰里博愛路玉屏路口,晴,有照明且開啟,省道,50.0,交岔路,多岔路,交叉路口,交叉路口內,柏油,乾燥,無缺陷,無障礙物,無遮蔽物,良好,閃光號誌,正常,中央分向島,窄式無柵欄,車道線(無標記),未繪設快慢車道分隔線,有,車與車,路口交岔撞,駕駛者,違反閃光號誌,死亡1;受傷7,8.0,人,乘客,女,28.0,不明,非駕駛人,人的狀態,其他,其他,非汽、機及自行車,,,無(非車輛駕駛人因素),尚未發現肇事因素,否,120.689989,23.982973
2026,3.0,20260315.0,31600.0,A1,國道公路警察局,臺中市霧峰區國道3號 211公里800.0公尺處北,晴,有照明且開啟,國道,90.0,單路部分,直路,交流道,直線匝道,柏油,乾燥,無缺陷,無障礙物,無遮蔽物,良好,無號誌,無號誌,中央分向島,寬式(50公分以上),車道線(附標記),未繪設快慢車道分隔線,有,車輛本身,撞交通島,駕駛者,恍神、緊張、心不在焉分心駕駛,死亡1;受傷1,1.0,半聯結車,營業用,男,23.0,不明,不明,車的狀態,向前直行中,汽車,前車頭,,,駕駛者,恍神、緊張、心不在焉分心駕駛,否,120.67918,24.045656
2026,3.0,20260315.0,31600.0,A1,國道公路警察局,臺中市霧峰區國道3號 211公里800.0公尺處北,晴,有照明且開啟,國道,90.0,單路部分,直路,交流道,直線匝道,柏油,乾燥,無缺陷,無障礙物,無遮蔽物,良好,無號誌,無號誌,中央分向島,寬式(50公分以上),車道線(附標記),未繪設快慢車道分隔線,有,車輛本身,撞交通島,駕駛者,恍神、緊張、心不在焉分心駕駛,死亡1;受傷1,2.0,,,無或物(動物、堆置物),-1.0,,,,,,,,,無(非車輛駕駛人因素),尚未發現肇事因素,否,120.67918,24.045656
2026,3.0,20260315.0,31600.0,A1,國道公路警察局,臺中市霧峰區國道3號 211公里800.0公尺處北,晴,有照明且開啟,國道,90.0,單路部分,直路,交流道,直線匝道,柏油,乾燥,無缺陷,無障礙物,無遮蔽物,良好,無號誌,無號誌,中央分向島,寬式(50公分以上),車道線(附標記),未繪設快慢車道分隔線,有,車輛本身,撞交通島,駕駛者,恍神、緊張、心不在焉分心駕駛,死亡1;受傷1,3.0,小貨車,自用,男,57.0,繫安全帶(使用幼童安全椅),未使用,車的狀態,向前直行中,汽車,前車頭,,,駕駛者,恍神、緊張、心不在焉分心駕駛,否,120.67918,24.045656
2026,3.0,20260315.0,31600.0,A1,國道公路警察局,臺中市霧峰區國道3號 211公里800.0公尺處北,晴,有照明且開啟,國道,90.0,單路部分,直路,交流道,直線匝道,柏油,乾燥,無缺陷,無障礙物,無遮蔽物,良好,無號誌,無號誌,中央分向島,寬式(50公分以上),車道線(附標記),未繪設快慢車道分隔線,有,車輛本身,撞交通島,駕駛者,恍神、緊張、心不在焉分心駕駛,死亡1;受傷1,4.0,小客車(含客、貨兩用),自用,男,22.0,繫安全帶(使用幼童安全椅),未使用,車的狀態,向前直行中,汽車,前車頭,,,無(車輛駕駛者因素),尚未發現肇事因素,否,120.67918,24.045656