發生年度,發生月份,發生日期,發生時間,事故類別名稱,處理單位名稱警局層,發生地點,天候名稱,光線名稱,道路類別-第1當事者-名稱,速限-第1當事者,道路型態大類別名稱,道路型態子類別名稱,事故位置大類別名稱,事故位置子類別名稱,路面狀況-路面鋪裝名稱,路面狀況-路面狀態名稱,路面狀況-路面缺陷名稱,道路障礙-障礙物名稱,道路障礙-視距品質名稱,道路障礙-視距名稱,號誌-號誌種類名稱,號誌-號誌動作名稱,車道劃分設施-分向設施大類別名稱,車道劃分設施-分向設施子類別名稱,車道劃分設施-分道設施-快車道或一般車道間名稱,車道劃分設施-分道設施-快慢車道間名稱,車道劃分設施-分道設施-路面邊線名稱,事故類型及型態大類別名稱,事故類型及型態子類別名稱,肇因研判大類別名稱-主要,肇因研判子類別名稱-主要,死亡受傷人數,當事者順位,當事者區分-類別-大類別名稱-車種,當事者區分-類別-子類別名稱-車種,當事者屬-性-別名稱,當事者事故發生時年齡,保護裝備名稱,行動電話或電腦或其他相類功能裝置名稱,當事者行動狀態大類別名稱,當事者行動狀態子類別名稱,車輛撞擊部位大類別名稱-最初,車輛撞擊部位子類別名稱-最初,車輛撞擊部位大類別名稱-其他,車輛撞擊部位子類別名稱-其他,肇因研判大類別名稱-個別,肇因研判子類別名稱-個別,肇事逃逸類別名稱-是否肇逃,經度,緯度
2026,3.0,20260315.0,31600.0,A1,國道公路警察局,臺中市霧峰區國道3號 211公里800.0公尺處北,晴,有照明且開啟,國道,90.0,單路部分,直路,交流道,直線匝道,柏油,乾燥,無缺陷,無障礙物,無遮蔽物,良好,無號誌,無號誌,中央分向島,寬式(50公分以上),車道線(附標記),未繪設快慢車道分隔線,有,車輛本身,撞交通島,駕駛者,恍神、緊張、心不在焉分心駕駛,死亡1;受傷1,5.0,小客車(含客、貨兩用),自用,男,42.0,繫安全帶(使用幼童安全椅),未使用,車的狀態,向前直行中,汽車,前車頭,,,無(車輛駕駛者因素),尚未發現肇事因素,否,120.67918,24.045656
2026,3.0,20260315.0,31600.0,A1,國道公路警察局,臺中市霧峰區國道3號 211公里800.0公尺處北,晴,有照明且開啟,國道,90.0,單路部分,直路,交流道,直線匝道,柏油,乾燥,無缺陷,無障礙物,無遮蔽物,良好,無號誌,無號誌,中央分向島,寬式(50公分以上),車道線(附標記),未繪設快慢車道分隔線,有,車輛本身,撞交通島,駕駛者,恍神、緊張、心不在焉分心駕駛,死亡1;受傷1,6.0,小客車(含客、貨兩用),自用,男,25.0,繫安全帶(使用幼童安全椅),未使用,車的狀態,向前直行中,汽車,前車頭,,,無(車輛駕駛者因素),尚未發現肇事因素,否,120.67918,24.045656
2026,3.0,20260316.0,81133.0,A1,桃園市政府警察局,桃園市新屋區快速路七段口 / 桃園市新屋區快速路七段口,晴,有照明未開啟或故障,市區道路,50.0,交岔路,三岔路,路段,一般車道(未劃分快慢車道),柏油,乾燥,無缺陷,無障礙物,無遮蔽物,良好,無號誌,無號誌,中央分向島,寬式(50公分以上),車道線(附標記),未繪設快慢車道分隔線,有,人與車,衝進路中,非駕駛者,其他引起事故之疏失或行為,死亡1;受傷0,1.0,人,行人,女,65.0,其他(無需使用保護裝備之人),非駕駛人,人的狀態,其他,其他,非汽、機及自行車,,,非駕駛者,其他引起事故之疏失或行為,否,121.118062,24.990318
2026,3.0,20260316.0,81133.0,A1,桃園市政府警察局,桃園市新屋區快速路七段口 / 桃園市新屋區快速路七段口,晴,有照明未開啟或故障,市區道路,50.0,交岔路,三岔路,路段,一般車道(未劃分快慢車道),柏油,乾燥,無缺陷,無障礙物,無遮蔽物,良好,無號誌,無號誌,中央分向島,寬式(50公分以上),車道線(附標記),未繪設快慢車道分隔線,有,人與車,衝進路中,非駕駛者,其他引起事故之疏失或行為,死亡1;受傷0,2.0,曳引車,營業用,男,34.0,繫安全帶(使用幼童安全椅),未使用,車的狀態,向前直行中,汽車,右前車頭(身),,,其他,相關跡證不足且無具體影像紀錄，當事人各執一詞，經分析後無法釐清肇事原因,否,121.118062,24.990318
2026,3.0,20260316.0,95541.0,A1,國道公路警察局,南投縣名間鄉國道3號 239公里800.0公尺處北向中線,晴,無照明,國道,110.0,單路部分,直路,路段,快車道,柏油,乾燥,無缺陷,無障礙物,無遮蔽物,良好,無號誌,無號誌,中央分向島,寬式(50公分以上),車道線(附標記),未繪設快慢車道分隔線,有,車與車,追撞,駕駛者,飲食、抽(點)菸、拿(撿)物品分心駕駛,死亡1;受傷2,1.0,小客車(含客、貨兩用),自用,男,19.0,繫安全帶(使用幼童安全椅),未使用,車的狀態,向右變換車道,汽車,右前車頭(身),,,駕駛者,飲食、抽(點)菸、拿(撿)物品分心駕駛,否,120.703991,23.847981
2026,3.0,20260316.0,95541.0,A1,國道公路警察局,南投縣名間鄉國道3號 239公里800.0公尺處北向中線,晴,無照明,國道,110.0,單路部分,直路,路段,快車道,柏油,乾燥,無缺陷,無障礙物,無遮蔽物,良好,無號誌,無號誌,中央分向島,寬式(50公分以上),車道線(附標記),未繪設快慢車道分隔線,有,車與車,追撞,駕駛者,飲食、抽(點)菸、拿(撿)物品分心駕駛,死亡1;受傷2,2.0,小客車(含客、貨兩用),自用,男,76.0,繫安全帶(使用幼童安全椅),未使用,車的狀態,向前直行中,汽車,左後車尾(身),,,無(車輛駕駛者因素),尚未發現肇事因素,否,120.703991,23.847981
2026,3.0,20260316.0,95541.0,A1,國道公路警察局,南投縣名間鄉國道3號 239公里800.0公尺處北向中線,晴,無照明,國道,110.0,單路部分,直路,路段,快車道,柏油,乾燥,無缺陷,無障礙物,無遮蔽物,良好,無號誌,無號誌,中央分向島,寬式(50公分以上),車道線(附標記),未繪設快慢車道分隔線,有,車與車,追撞,駕駛者,飲食、抽(點)菸、拿(撿)物品分心駕駛,死亡1;受傷2,3.0,,,無或物(動物、堆置物),-1.0,,,,,,,,,無(非車輛駕駛人因素),尚未發現肇事因素,否,120.703991,23.847981
2026,3.0,20260316.0,95541.0,A1,國道公路警察局,南投縣名間鄉國道3號 239公里800.0公尺處北向中線,晴,無照明,國道,110.0,單路部分,直路,路段,快車道,柏油,乾燥,無缺陷,無障礙物,無遮蔽物,良好,無號誌,無號誌,中央分向島,寬式(50公分以上),車道線(附標記),未繪設快慢車道分隔線,有,車與車,追撞,駕駛者,飲食、抽(點)菸、拿(撿)物品分心駕駛,死亡1;受傷2,4.0,人,乘客,男,48.0,繫安全帶(使用幼童安全椅),非駕駛人,人的狀態,其他,其他,無撞擊,,,無(非車輛駕駛人因素),尚未發現肇事因素,否,120.703991,23.847981
2026,3.0,20260316.0,111926.0,A1,國道公路警察局,臺北市文山區國道3甲 3公里西向交流道,晴,有照明未開啟或故障,國道,50.0,單路部分,彎曲路及附近,交流道,環道匝道,柏油,乾燥,無缺陷,無障礙物,無遮蔽物,良好,無號誌,無號誌,無,無分向設施,未繪設車道線,未繪設快慢車道分隔線,有,車輛本身,路上翻車、摔倒,其他,其他不當駕車行為,死亡1;受傷0,1.0,大貨車,營業用,男,27.0,繫安全帶(使用幼童安全椅),不明,車的狀態,向前直行中,汽車,左側車身,汽車,前車頭,其他,其他不當駕車行為,否,121.579919,25.004561
2026,3.0,20260316.0,111926.0,A1,國道公路警察局,臺北市文山區國道3甲 3公里西向交流道,晴,有照明未開啟或故障,國道,50.0,單路部分,彎曲路及附近,交流道,環道匝道,柏油,乾燥,無缺陷,無障礙物,無遮蔽物,良好,無號誌,無號誌,無,無分向設施,未繪設車道線,未繪設快慢車道分隔線,有,車輛本身,路上翻車、摔倒,其他,其他不當駕車行為,死亡1;受傷0,2.0,,,無或物(動物、堆置物),-1.0,,,,,,,,,無(非車輛駕駛人因素),尚未發現肇事因素,否,121.579919,25.004561
2026,3.0,20260316.0,112200.0,A1,嘉義縣警察局,嘉義縣東石鄉西崙村栗子崙375號旁,晴,有照明未開啟或故障,縣道,30.0,交岔路,四岔路,交叉路口,交叉口附近,柏油,乾燥,無缺陷,無障礙物,無遮蔽物,良好,無號誌,無號誌,雙向禁止超車線,無標記,未繪設車道線,快慢車道分隔線,有,車與車,側撞,駕駛者,變換車道不當,死亡1;受傷0,1.0,機車,普通重型,男,86.0,未戴安全帽或未繫安全帶(未使用幼童安全椅),不明,車的狀態,向左變換車道,機車與自行車,左側車身,,,駕駛者,變換車道不當,否,120.186097,23.424498
2026,3.0,20260316.0,112200.0,A1,嘉義縣警察局,嘉義縣東石鄉西崙村栗子崙375號旁,晴,有照明未開啟或故障,縣道,30.0,交岔路,四岔路,交叉路口,交叉口附近,柏油,乾燥,無缺陷,無障礙物,無遮蔽物,良好,無號誌,無號誌,雙向禁止超車線,無標記,未繪設車道線,快慢車道分隔線,有,車與車,側撞,駕駛者,變換車道不當,死亡1;受傷0,2.0,小客車(含客、貨兩用),計程車,男,43.0,繫安全帶(使用幼童安全椅),未使用,車的狀態,向前直行中,汽車,右前車頭(身),,,駕駛者,閃避不當(慎),否,120.186097,23.424498
2026,3.0,20260316.0,120500.0,A1,嘉義縣警察局,嘉義縣六腳鄉更寮村嘉11線2.6K處,晴,無照明,鄉道,50.0,單路部分,直路,其他,其他,柏油,乾燥,無缺陷,無障礙物,無遮蔽物,良好,無號誌,無號誌,行車分向線,無標記,車道線(無標記),未繪設快慢車道分隔線,有,車輛本身,衝出路外,其他,車輛或機械操作不當(慎),死亡1;受傷0,1.0,慢車,微型電動二輪車,男,87.0,未戴安全帽或未繫安全帶(未使用幼童安全椅),不明,車的狀態,向前直行中,機車與自行車,前車頭,機車與自行車,左側車身,其他,車輛或機械操作不當(慎),否,120.24162,23.478243
2026,3.0,20260316.0,120500.0,A1,嘉義縣警察局,嘉義縣六腳鄉更寮村嘉11線2.6K處,晴,無照明,鄉道,50.0,單路部分,直路,其他,其他,柏油,乾燥,無缺陷,無障礙物,無遮蔽物,良好,無號誌,無號誌,行車分向線,無標記,車道線(無標記),未繪設快慢車道分隔線,有,車輛本身,衝出路外,其他,車輛或機械操作不當(慎),死亡1;受傷0,2.0,,,無或物(動物、堆置物),-1.0,,,,,,,,,無(非車輛駕駛人因素),尚未發現肇事因素,否,120.24162,23.478243
2026,3.0,20260316.0,155200.0,A1,臺中市政府警察局,臺中市大肚區大東里華南路前0.0公尺,晴,有照明未開啟或故障,市區道路,50.0,單路部分,彎曲路及附近,路段,一般車道(未劃分快慢車道),柏油,乾燥,無缺陷,無障礙物,無遮蔽物,良好,無號誌,無號誌,雙向禁止超車線,附標記,未繪設車道線,未繪設快慢車道分隔線,有,車與車,對撞,駕駛者,違反其他標誌(線)禁制,死亡1;受傷0,1.0,慢車,腳踏自行車,男,67.0,戴半罩式安全帽,未使用,車的狀態,向前直行中,機車與自行車,前車頭,,,駕駛者,違反其他標誌(線)禁制,否,120.555068,24.150532
2026,3.0,20260316.0,155200.0,A1,臺中市政府警察局,臺中市大肚區大東里華南路前0.0公尺,晴,有照明未開啟或故障,市區道路,50.0,單路部分,彎曲路及附近,路段,一般車道(未劃分快慢車道),柏油,乾燥,無缺陷,無障礙物,無遮蔽物,良好,無號誌,無號誌,雙向禁止超車線,附標記,未繪設車道線,未繪設快慢車道分隔線,有,車與車,對撞,駕駛者,違反其他標誌(線)禁制,死亡1;受傷0,2.0,小客車(含客、貨兩用),自用,女,48.0,繫安全帶(使用幼童安全椅),未使用,車的狀態,向前直行中,汽車,前車頭,,,無(車輛駕駛者因素),尚未發現肇事因素,否,120.555068,24.150532
2026,3.0,20260316.0,233000.0,A1,屏東縣政府警察局,屏東縣屏東市勝利路口 / 屏東縣屏東市博愛路,晴,有照明未開啟或故障,市區道路,50.0,交岔路,四岔路,其他,行人穿越道,柏油,乾燥,無缺陷,無障礙物,無遮蔽物,良好,行車管制號誌,正常,雙向禁止超車線,無標記,未繪設車道線,快慢車道分隔線,有,人與車,穿越道路中,駕駛者,車輛未依規定暫停讓行人先行,死亡1;受傷1,1.0,機車,普通重型,女,20.0,戴非半罩式安全帽,未使用,車的狀態,向前直行中,機車與自行車,前車頭,,,駕駛者,車輛未依規定暫停讓行人先行,否,120.481063,22.679115
2026,3.0,20260316.0,233000.0,A1,屏東縣政府警察局,屏東縣屏東市勝利路口 / 屏東縣屏東市博愛路,晴,有照明未開啟或故障,市區道路,50.0,交岔路,四岔路,其他,行人穿越道,柏油,乾燥,無缺陷,無障礙物,無遮蔽物,良好,行車管制號誌,正常,雙向禁止超車線,無標記,未繪設車道線,快慢車道分隔線,有,人與車,穿越道路中,駕駛者,車輛未依規定暫停讓行人先行,死亡1;受傷1,2.0,人,行人,男,74.0,其他(無需使用保護裝備之人),非駕駛人,人的狀態,奔跑,其他,非汽、機及自行車,,,非駕駛者,未依號誌或手勢指揮(示)穿越道路,否,120.481063,22.679115
2026,3.0,20260317.0,3700.0,A1,彰化縣警察局,彰化縣員林市員林市南東里員草路電桿G4904DD37處附近,晴,有照明且開啟,市區道路,50.0,單路部分,彎曲路及附近,路段,一般車道(未劃分快慢車道),柏油,乾燥,無缺陷,無障礙物,無遮蔽物,良好,無號誌,無號誌,雙向禁止超車線,無標記,車道線(附標記),未繪設快慢車道分隔線,有,車與車,其他,駕駛者,未保持行車安全距離,死亡1;受傷2,1.0,機車,普通重型,男,19.0,戴半罩式安全帽,未使用,車的狀態,向前直行中,機車與自行車,前車頭,機車與自行車,前車頭,駕駛者,未保持行車安全距離,否,120.609847,23.973764
2026,3.0,20260317.0,3700.0,A1,彰化縣警察局,彰化縣員林市員林市南東里員草路電桿G4904DD37處附近,晴,有照明且開啟,市區道路,50.0,單路部分,彎曲路及附近,路段,一般車道(未劃分快慢車道),柏油,乾燥,無缺陷,無障礙物,無遮蔽物,良好,無號誌,無號誌,雙向禁止超車線,無標記,車道線(附標記),未繪設快慢車道分隔線,有,車與車,其他,駕駛者,未保持行車安全距離,死亡1;受傷2,2.0,機車,普通重型,男,64.0,戴半罩式安全帽,未使用,車的狀態,其他,其他,不明,其他,不明,其他,其他不當駕車行為,否,120.609847,23.973764
2026,3.0,20260317.0,3700.0,A1,彰化縣警察局,彰化縣員林市員林市南東里員草路電桿G4904DD37處附近,晴,有照明且開啟,市區道路,50.0,單路部分,彎曲路及附近,路段,一般車道(未劃分快慢車道),柏油,乾燥,無缺陷,無障礙物,無遮蔽物,良好,無號誌,無號誌,雙向禁止超車線,無標記,車道線(附標記),未繪設快慢車道分隔線,有,車與車,其他,駕駛者,未保持行車安全距離,死亡1;受傷2,3.0,機車,普通重型,男,42.0,戴半罩式安全帽,未使用,車的狀態,向前直行中,其他,不明,其他,不明,駕駛者,未依規定減速,否,120.609847,23.973764
2026,3.0,20260317.0,3700.0,A1,彰化縣警察局,彰化縣員林市員林市南東里員草路電桿G4904DD37處附近,晴,有照明且開啟,市區道路,50.0,單路部分,彎曲路及附近,路段,一般車道(未劃分快慢車道),柏油,乾燥,無缺陷,無障礙物,無遮蔽物,良好,無號誌,無號誌,雙向禁止超車線,無標記,車道線(附標記),未繪設快慢車道分隔線,有,車與車,其他,駕駛者,未保持行車安全距離,死亡1;受傷2,4.0,小客車(含客、貨兩用),自用,男,30.0,不明,不明,車的狀態,向前直行中,其他,不明,其他,不明,其他,其他不當駕車行為,否,120.609847,23.973764
2026,3.0,20260317.0,10700.0,A1,基隆市警察局,基隆市中山區中山二路 / 基隆市中山區健民街,陰,有照明且開啟,市區道路,50.0,交岔路,三岔路,交叉路口,交叉口附近,柏油,乾燥,無缺陷,無障礙物,無遮蔽物,良好,無號誌,無號誌,中央分向島,寬式(50公分以上),未繪設車道線,快慢車道分隔線,有,車輛本身,撞交通島,駕駛者,患病或服用藥物(疲勞)駕駛,死亡1;受傷0,1.0,機車,普通重型,男,23.0,戴半罩式安全帽,未使用,車的狀態,向前直行中,機車與自行車,左側車身,,,駕駛者,患病或服用藥物(疲勞)駕駛,否,121.738992,25.141349
2026,3.0,20260317.0,10700.0,A1,基隆市警察局,基隆市中山區中山二路 / 基隆市中山區健民街,陰,有照明且開啟,市區道路,50.0,交岔路,三岔路,交叉路口,交叉口附近,柏油,乾燥,無缺陷,無障礙物,無遮蔽物,良好,無號誌,無號誌,中央分向島,寬式(50公分以上),未繪設車道線,快慢車道分隔線,有,車輛本身,撞交通島,駕駛者,患病或服用藥物(疲勞)駕駛,死亡1;受傷0,2.0,,,無或物(動物、堆置物),0.0,,,,,,,,,無(非車輛駕駛人因素),尚未發現肇事因素,否,121.738992,25.141349
2026,3.0,20260317.0,75300.0,A1,臺東縣警察局,臺東縣卑南鄉台11線153k處附近,晴,有照明未開啟或故障,市區道路,50.0,交岔路,三岔路,交叉路口,交叉路口內,柏油,乾燥,無缺陷,無障礙物,無遮蔽物,良好,無號誌,無號誌,無,無分向設施,未繪設車道線,未繪設快慢車道分隔線,無,車與車,側撞,駕駛者,左轉彎未依規定,死亡1;受傷0,1.0,小客車(含客、貨兩用),自用,男,75.0,繫安全帶(使用幼童安全椅),未使用,車的狀態,左轉彎,汽車,右側車身,,,駕駛者,左轉彎未依規定,否,121.188919,22.822522
2026,3.0,20260317.0,75300.0,A1,臺東縣警察局,臺東縣卑南鄉台11線153k處附近,晴,有照明未開啟或故障,市區道路,50.0,交岔路,三岔路,交叉路口,交叉路口內,柏油,乾燥,無缺陷,無障礙物,無遮蔽物,良好,無號誌,無號誌,無,無分向設施,未繪設車道線,未繪設快慢車道分隔線,無,車與車,側撞,駕駛者,左轉彎未依規定,死亡1;受傷0,2.0,機車,普通重型,男,32.0,戴半罩式安全帽,未使用,車的狀態,向前直行中,機車與自行車,前車頭,,,駕駛者,未依規定減速,否,121.188919,22.822522
2026,3.0,20260317.0,83600.0,A1,臺南市政府警察局,臺南市新化區那拔里那拔林158號,晴,有照明未開啟或故障,省道,50.0,交岔路,三岔路,交叉路口,交叉路口內,柏油,乾燥,無缺陷,無障礙物,無遮蔽物,良好,無號誌,無號誌,雙向禁止超車線,附標記,車道線(無標記),未繪設快慢車道分隔線,有,人與車,穿越道路中,駕駛者,恍神、緊張、心不在焉分心駕駛,死亡1;受傷0,1.0,小客車(含客、貨兩用),自用,男,20.0,不明,不明,車的狀態,向前直行中,汽車,前車頭,,,駕駛者,恍神、緊張、心不在焉分心駕駛,是,120.355459,23.070158
2026,3.0,20260317.0,83600.0,A1,臺南市政府警察局,臺南市新化區那拔里那拔林158號,晴,有照明未開啟或故障,省道,50.0,交岔路,三岔路,交叉路口,交叉路口內,柏油,乾燥,無缺陷,無障礙物,無遮蔽物,良好,無號誌,無號誌,雙向禁止超車線,附標記,車道線(無標記),未繪設快慢車道分隔線,有,人與車,穿越道路中,駕駛者,恍神、緊張、心不在焉分心駕駛,死亡1;受傷0,2.0,人,行人,女,82.0,其他(無需使用保護裝備之人),非駕駛人,人的狀態,奔跑,其他,非汽、機及自行車,,,非駕駛者,穿越道路未注意左右來車,否,120.355459,23.070158
2026,3.0,20260317.0,165358.0,A1,桃園市政府警察局,桃園市八德區中華路347號前0.0公尺,晴,有照明未開啟或故障,市區道路,50.0,單路部分,直路,路段,一般車道(未劃分快慢車道),柏油,乾燥,無缺陷,無障礙物,無遮蔽物,良好,無號誌,無號誌,中央分向島,寬式(50公分以上),未繪設車道線,未繪設快慢車道分隔線,有,車與車,同向擦撞,駕駛者,變換車道不當,死亡2;受傷0,1.0,機車,普通重型,女,31.0,戴半罩式安全帽,未使用,車的狀態,向左變換車道,機車與自行車,左側車身,,,駕駛者,變換車道不當,否,121.275716,24.981153
2026,3.0,20260317.0,165358.0,A1,桃園市政府警察局,桃園市八德區中華路347號前0.0公尺,晴,有照明未開啟或故障,市區道路,50.0,單路部分,直路,路段,一般車道(未劃分快慢車道),柏油,乾燥,無缺陷,無障礙物,無遮蔽物,良好,無號誌,無號誌,中央分向島,寬式(50公分以上),未繪設車道線,未繪設快慢車道分隔線,有,車與車,同向擦撞,駕駛者,變換車道不當,死亡2;受傷0,2.0,曳引車,營業用,男,50.0,不明,不明,車的狀態,向前直行中,汽車,右前車頭(身),,,無(車輛駕駛者因素),尚未發現肇事因素,否,121.275716,24.981153
2026,3.0,20260317.0,165358.0,A1,桃園市政府警察局,桃園市八德區中華路347號前0.0公尺,晴,有照明未開啟或故障,市區道路,50.0,單路部分,直路,路段,一般車道(未劃分快慢車道),柏油,乾燥,無缺陷,無障礙物,無遮蔽物,良好,無號誌,無號誌,中央分向島,寬式(50公分以上),未繪設車道線,未繪設快慢車道分隔線,有,車與車,同向擦撞,駕駛者,變換車道不當,死亡2;受傷0,3.0,大貨車,自用,男,50.0,不明,不明,車的狀態,向前直行中,汽車,左側車身,,,無(車輛駕駛者因素),尚未發現肇事因素,否,121.275716,24.981153
2026,3.0,20260317.0,165358.0,A1,桃園市政府警察局,桃園市八德區中華路347號前0.0公尺,晴,有照明未開啟或故障,市區道路,50.0,單路部分,直路,路段,一般車道(未劃分快慢車道),柏油,乾燥,無缺陷,無障礙物,無遮蔽物,良好,無號誌,無號誌,中央分向島,寬式(50公分以上),未繪設車道線,未繪設快慢車道分隔線,有,車與車,同向擦撞,駕駛者,變換車道不當,死亡2;受傷0,4.0,人,乘客,女,0.0,不明,非駕駛人,人的狀態,其他,其他,非汽、機及自行車,,,無(非車輛駕駛人因素),尚未發現肇事因素,否,121.275716,24.981153
2026,3.0,20260317.0,191058.0,A1,新竹縣政府警察局,新竹縣湖口鄉中平路一段與中平路一段126巷口,晴,有照明且開啟,市區道路,50.0,單路部分,直路,路段,一般車道(未劃分快慢車道),柏油,乾燥,無缺陷,無障礙物,無遮蔽物,良好,無號誌,無號誌,雙向禁止超車線,無標記,未繪設車道線,快慢車道分隔線,有,人與車,穿越道路中,非駕駛者,未依標誌或標線穿越道路,死亡1;受傷0,1.0,人,行人,女,59.0,其他(無需使用保護裝備之人),非駕駛人,人的狀態,步行,其他,非汽、機及自行車,,,非駕駛者,未依標誌或標線穿越道路,否,121.053605,24.900809
2026,3.0,20260317.0,191058.0,A1,新竹縣政府警察局,新竹縣湖口鄉中平路一段與中平路一段126巷口,晴,有照明且開啟,市區道路,50.0,單路部分,直路,路段,一般車道(未劃分快慢車道),柏油,乾燥,無缺陷,無障礙物,無遮蔽物,良好,無號誌,無號誌,雙向禁止超車線,無標記,未繪設車道線,快慢車道分隔線,有,人與車,穿越道路中,非駕駛者,未依標誌或標線穿越道路,死亡1;受傷0,2.0,小客車(含客、貨兩用),自用,男,46.0,不明,不明,車的狀態,向前直行中,汽車,前車頭,,,駕駛者,未依規定減速,否,121.053605,24.900809
2026,3.0,20260318.0,94900.0,A1,基隆市警察局,基隆市暖暖區八堵路165號前0.0公尺,晴,有照明未開啟或故障,市區道路,50.0,單路部分,直路,路段,一般車道(未劃分快慢車道),柏油,乾燥,無缺陷,無障礙物,無遮蔽物,良好,無號誌,無號誌,行車分向線,無標記,車道線(無標記),未繪設快慢車道分隔線,有,車與車,其他,駕駛者,恍神、緊張、心不在焉分心駕駛,死亡1;受傷2,1.0,機車,普通重型,男,69.0,戴半罩式安全帽,未使用,車的狀態,向前直行中,機車與自行車,前車頭,,,駕駛者,恍神、緊張、心不在焉分心駕駛,否,121.727703,25.107447
2026,3.0,20260318.0,94900.0,A1,基隆市警察局,基隆市暖暖區八堵路165號前0.0公尺,晴,有照明未開啟或故障,市區道路,50.0,單路部分,直路,路段,一般車道(未劃分快慢車道),柏油,乾燥,無缺陷,無障礙物,無遮蔽物,良好,無號誌,無號誌,行車分向線,無標記,車道線(無標記),未繪設快慢車道分隔線,有,車與車,其他,駕駛者,恍神、緊張、心不在焉分心駕駛,死亡1;受傷2,2.0,小客車(含客、貨兩用),自用,男,30.0,不明,不明,車的狀態,靜止(引擎熄火),汽車,左後車尾(身),,,無(車輛駕駛者因素),尚未發現肇事因素,否,121.727703,25.107447
2026,3.0,20260318.0,94900.0,A1,基隆市警察局,基隆市暖暖區八堵路165號前0.0公尺,晴,有照明未開啟或故障,市區道路,50.0,單路部分,直路,路段,一般車道(未劃分快慢車道),柏油,乾燥,無缺陷,無障礙物,無遮蔽物,良好,無號誌,無號誌,行車分向線,無標記,車道線(無標記),未繪設快慢車道分隔線,有,車與車,其他,駕駛者,恍神、緊張、心不在焉分心駕駛,死亡1;受傷2,3.0,機車,普通重型,男,64.0,戴半罩式安全帽,未使用,車的狀態,向前直行中,機車與自行車,左側車身,,,無(車輛駕駛者因素),尚未發現肇事因素,否,121.727703,25.107447
2026,3.0,20260318.0,94900.0,A1,基隆市警察局,基隆市暖暖區八堵路165號前0.0公尺,晴,有照明未開啟或故障,市區道路,50.0,單路部分,直路,路段,一般車道(未劃分快慢車道),柏油,乾燥,無缺陷,無障礙物,無遮蔽物,良好,無號誌,無號誌,行車分向線,無標記,車道線(無標記),未繪設快慢車道分隔線,有,車與車,其他,駕駛者,恍神、緊張、心不在焉分心駕駛,死亡1;受傷2,4.0,人,乘客,女,60.0,戴半罩式安全帽,非駕駛人,人的狀態,其他,其他,無撞擊,,,無(非車輛駕駛人因素),尚未發現肇事因素,否,121.727703,25.107447
2026,3.0,20260318.0,103617.0,A1,桃園市政府警察局,桃園市觀音區台66線口 / 桃園市觀音區保興路二段口,晴,有照明未開啟或故障,市區道路,30.0,交岔路,四岔路,交叉路口,交叉路口內,柏油,乾燥,無缺陷,無障礙物,無遮蔽物,良好,行車管制號誌,正常,無,無分向設施,未繪設車道線,未繪設快慢車道分隔線,無,車與車,路口交岔撞,駕駛者,闖紅燈直行,死亡1;受傷0,1.0,小貨車,營業用,男,49.0,繫安全帶(使用幼童安全椅),未使用,車的狀態,向前直行中,汽車,前車頭,,,駕駛者,闖紅燈直行,否,121.074453,25.017862
2026,3.0,20260318.0,103617.0,A1,桃園市政府警察局,桃園市觀音區台66線口 / 桃園市觀音區保興路二段口,晴,有照明未開啟或故障,市區道路,30.0,交岔路,四岔路,交叉路口,交叉路口內,柏油,乾燥,無缺陷,無障礙物,無遮蔽物,良好,行車管制號誌,正常,無,無分向設施,未繪設車道線,未繪設快慢車道分隔線,無,車與車,路口交岔撞,駕駛者,闖紅燈直行,死亡1;受傷0,2.0,機車,大型重型2(250-550C.C.),男,65.0,戴半罩式安全帽,未使用,車的狀態,向前直行中,機車與自行車,左側車身,,,無(車輛駕駛者因素),尚未發現肇事因素,否,121.074453,25.017862
2026,3.0,20260318.0,111000.0,A1,高雄市政府警察局,高雄市仁武區水管路西 / 高雄市仁武區仁安三巷,晴,有照明未開啟或故障,市區道路,40.0,交岔路,三岔路,路段,慢車道,柏油,乾燥,無缺陷,無障礙物,無遮蔽物,良好,無號誌,無號誌,中央分向島,寬式(50公分以上),車道線(附標記),寬式快慢車道分隔島(50公分以上),有,車與車,追撞,駕駛者,恍神、緊張、心不在焉分心駕駛,死亡1;受傷0,1.0,半聯結車,營業用,男,54.0,繫安全帶(使用幼童安全椅),未使用,車的狀態,向前直行中,汽車,前車頭,,,駕駛者,恍神、緊張、心不在焉分心駕駛,否,120.3594,22.70351
2026,3.0,20260318.0,111000.0,A1,高雄市政府警察局,高雄市仁武區水管路西 / 高雄市仁武區仁安三巷,晴,有照明未開啟或故障,市區道路,40.0,交岔路,三岔路,路段,慢車道,柏油,乾燥,無缺陷,無障礙物,無遮蔽物,良好,無號誌,無號誌,中央分向島,寬式(50公分以上),車道線(附標記),寬式快慢車道分隔島(50公分以上),有,車與車,追撞,駕駛者,恍神、緊張、心不在焉分心駕駛,死亡1;受傷0,2.0,機車,普通重型,女,51.0,戴非半罩式安全帽,未使用,車的狀態,向前直行中,機車與自行車,後車尾,,,其他,其他不當駕車行為,否,120.3594,22.70351