發生年度,發生月份,發生日期,發生時間,事故類別名稱,處理單位名稱警局層,發生地點,天候名稱,光線名稱,道路類別-第1當事者-名稱,速限-第1當事者,道路型態大類別名稱,道路型態子類別名稱,事故位置大類別名稱,事故位置子類別名稱,路面狀況-路面鋪裝名稱,路面狀況-路面狀態名稱,路面狀況-路面缺陷名稱,道路障礙-障礙物名稱,道路障礙-視距品質名稱,道路障礙-視距名稱,號誌-號誌種類名稱,號誌-號誌動作名稱,車道劃分設施-分向設施大類別名稱,車道劃分設施-分向設施子類別名稱,車道劃分設施-分道設施-快車道或一般車道間名稱,車道劃分設施-分道設施-快慢車道間名稱,車道劃分設施-分道設施-路面邊線名稱,事故類型及型態大類別名稱,事故類型及型態子類別名稱,肇因研判大類別名稱-主要,肇因研判子類別名稱-主要,死亡受傷人數,當事者順位,當事者區分-類別-大類別名稱-車種,當事者區分-類別-子類別名稱-車種,當事者屬-性-別名稱,當事者事故發生時年齡,保護裝備名稱,行動電話或電腦或其他相類功能裝置名稱,當事者行動狀態大類別名稱,當事者行動狀態子類別名稱,車輛撞擊部位大類別名稱-最初,車輛撞擊部位子類別名稱-最初,車輛撞擊部位大類別名稱-其他,車輛撞擊部位子類別名稱-其他,肇因研判大類別名稱-個別,肇因研判子類別名稱-個別,肇事逃逸類別名稱-是否肇逃,經度,緯度
2026,3.0,20260318.0,122500.0,A1,臺南市政府警察局,臺南市東區林森路1段附近 / 臺南市東區崇德路附近,晴,無照明,市區道路,40.0,單路部分,直路,路段,機車專用道,柏油,乾燥,無缺陷,無障礙物,無遮蔽物,良好,無號誌,無號誌,中央分向島,寬式(50公分以上),車道線(無標記),快慢車道分隔線,有,車與車,同向擦撞,駕駛者,方向不定(不包括危險駕車),死亡1;受傷0,1.0,機車,普通重型,男,79.0,戴半罩式安全帽,未使用,車的狀態,向前直行中,機車與自行車,左側車身,,,駕駛者,方向不定(不包括危險駕車),否,120.217693,22.982533
2026,3.0,20260318.0,122500.0,A1,臺南市政府警察局,臺南市東區林森路1段附近 / 臺南市東區崇德路附近,晴,無照明,市區道路,40.0,單路部分,直路,路段,機車專用道,柏油,乾燥,無缺陷,無障礙物,無遮蔽物,良好,無號誌,無號誌,中央分向島,寬式(50公分以上),車道線(無標記),快慢車道分隔線,有,車與車,同向擦撞,駕駛者,方向不定(不包括危險駕車),死亡1;受傷0,2.0,機車,普通重型,男,19.0,戴非半罩式安全帽,未使用,車的狀態,向前直行中,機車與自行車,右側車身,,,駕駛者,恍神、緊張、心不在焉分心駕駛,否,120.217693,22.982533
2026,3.0,20260318.0,122500.0,A1,臺南市政府警察局,臺南市東區林森路1段附近 / 臺南市東區崇德路附近,晴,無照明,市區道路,40.0,單路部分,直路,路段,機車專用道,柏油,乾燥,無缺陷,無障礙物,無遮蔽物,良好,無號誌,無號誌,中央分向島,寬式(50公分以上),車道線(無標記),快慢車道分隔線,有,車與車,同向擦撞,駕駛者,方向不定(不包括危險駕車),死亡1;受傷0,3.0,人,乘客,男,19.0,戴非半罩式安全帽,非駕駛人,人的狀態,其他,其他,非汽、機及自行車,,,無(非車輛駕駛人因素),尚未發現肇事因素,否,120.217693,22.982533
2026,3.0,20260318.0,152600.0,A1,高雄市政府警察局,高雄市鳳山區仁愛路 / 高雄市鳳山區仁愛路,晴,有照明且開啟,市區道路,50.0,交岔路,三岔路,交叉路口,交叉口附近,柏油,乾燥,無缺陷,無障礙物,無遮蔽物,良好,無號誌,無號誌,雙向禁止超車線,無標記,未繪設車道線,快慢車道分隔線,有,人與車,穿越道路中,駕駛者,車輛未依規定暫停讓行人先行,死亡1;受傷0,1.0,小客車(含客、貨兩用),自用,男,43.0,繫安全帶(使用幼童安全椅),未使用,車的狀態,向前直行中,汽車,前車頭,,,駕駛者,車輛未依規定暫停讓行人先行,否,120.372891,22.622847
2026,3.0,20260318.0,152600.0,A1,高雄市政府警察局,高雄市鳳山區仁愛路 / 高雄市鳳山區仁愛路,晴,有照明且開啟,市區道路,50.0,交岔路,三岔路,交叉路口,交叉口附近,柏油,乾燥,無缺陷,無障礙物,無遮蔽物,良好,無號誌,無號誌,雙向禁止超車線,無標記,未繪設車道線,快慢車道分隔線,有,人與車,穿越道路中,駕駛者,車輛未依規定暫停讓行人先行,死亡1;受傷0,2.0,人,行人,男,63.0,其他(無需使用保護裝備之人),非駕駛人,人的狀態,步行,其他,非汽、機及自行車,,,非駕駛者,未依標誌或標線穿越道路,否,120.372891,22.622847
2026,3.0,20260318.0,152600.0,A1,高雄市政府警察局,高雄市鳳山區仁愛路 / 高雄市鳳山區仁愛路,晴,有照明且開啟,市區道路,50.0,交岔路,三岔路,交叉路口,交叉口附近,柏油,乾燥,無缺陷,無障礙物,無遮蔽物,良好,無號誌,無號誌,雙向禁止超車線,無標記,未繪設車道線,快慢車道分隔線,有,人與車,穿越道路中,駕駛者,車輛未依規定暫停讓行人先行,死亡1;受傷0,3.0,小客車(含客、貨兩用),自用,男,38.0,繫安全帶(使用幼童安全椅),未使用,車的狀態,靜止(引擎熄火),其他,無撞擊,,,其他,違規(臨時)停車,否,120.372891,22.622847
2026,3.0,20260318.0,154900.0,A1,臺南市政府警察局,臺南市東區中華東路附近 / 臺南市東區大同路附近,晴,有照明未開啟或故障,市區道路,60.0,單路部分,橋樑,路段,慢車道,柏油,乾燥,無缺陷,其他障礙物,無遮蔽物,良好,無號誌,無號誌,雙向禁止超車線,附標記,車道線(附標記),快慢車道分隔線,有,車與車,其他,駕駛者,恍神、緊張、心不在焉分心駕駛,死亡1;受傷0,1.0,機車,普通重型,男,68.0,戴半罩式安全帽,未使用,車的狀態,向前直行中,機車與自行車,前車頭,,,駕駛者,恍神、緊張、心不在焉分心駕駛,否,120.215563,22.972629
2026,3.0,20260318.0,154900.0,A1,臺南市政府警察局,臺南市東區中華東路附近 / 臺南市東區大同路附近,晴,有照明未開啟或故障,市區道路,60.0,單路部分,橋樑,路段,慢車道,柏油,乾燥,無缺陷,其他障礙物,無遮蔽物,良好,無號誌,無號誌,雙向禁止超車線,附標記,車道線(附標記),快慢車道分隔線,有,車與車,其他,駕駛者,恍神、緊張、心不在焉分心駕駛,死亡1;受傷0,2.0,大貨車,自用,男,43.0,繫安全帶(使用幼童安全椅),未使用,車的狀態,其他,其他,無撞擊,,,裝載,裝載貨物不穩妥,否,120.215563,22.972629
2026,3.0,20260318.0,154900.0,A1,臺南市政府警察局,臺南市東區中華東路附近 / 臺南市東區大同路附近,晴,有照明未開啟或故障,市區道路,60.0,單路部分,橋樑,路段,慢車道,柏油,乾燥,無缺陷,其他障礙物,無遮蔽物,良好,無號誌,無號誌,雙向禁止超車線,附標記,車道線(附標記),快慢車道分隔線,有,車與車,其他,駕駛者,恍神、緊張、心不在焉分心駕駛,死亡1;受傷0,3.0,曳引車,營業用,男,38.0,繫安全帶(使用幼童安全椅),未使用,車的狀態,向前直行中,汽車,右側車身,,,無(車輛駕駛者因素),尚未發現肇事因素,否,120.215563,22.972629
2026,3.0,20260318.0,163000.0,A1,高雄市政府警察局,高雄市大寮區河堤路3段 / 高雄市大寮區會營街,晴,有照明未開啟或故障,市區道路,60.0,交岔路,三岔路,交叉路口,交叉口附近,柏油,乾燥,無缺陷,無障礙物,無遮蔽物,良好,行車管制號誌,正常,雙向禁止超車線,無標記,車道線(無標記),未繪設快慢車道分隔線,有,車與車,同向擦撞,其他,其他不當駕車行為,死亡1;受傷0,1.0,曳引車,營業用,男,48.0,繫安全帶(使用幼童安全椅),使用免持或未有礙駕駛安全,車的狀態,向右變換車道,汽車,右前車頭(身),,,其他,其他不當駕車行為,否,120.420016,22.544114
2026,3.0,20260318.0,163000.0,A1,高雄市政府警察局,高雄市大寮區河堤路3段 / 高雄市大寮區會營街,晴,有照明未開啟或故障,市區道路,60.0,交岔路,三岔路,交叉路口,交叉口附近,柏油,乾燥,無缺陷,無障礙物,無遮蔽物,良好,行車管制號誌,正常,雙向禁止超車線,無標記,車道線(無標記),未繪設快慢車道分隔線,有,車與車,同向擦撞,其他,其他不當駕車行為,死亡1;受傷0,2.0,機車,普通重型,男,45.0,戴半罩式安全帽,不明,車的狀態,向前直行中,其他,不明,,,駕駛者,未保持行車安全距離,否,120.420016,22.544114
2026,3.0,20260318.0,164300.0,A1,臺南市政府警察局,臺南市永康區復興路311號前0.0公尺,晴,有照明未開啟或故障,市區道路,50.0,單路部分,直路,路段,一般車道(未劃分快慢車道),柏油,乾燥,無缺陷,無障礙物,無遮蔽物,良好,無號誌,無號誌,中央分向島,寬式(50公分以上),車道線(無標記),未繪設快慢車道分隔線,有,車與車,側撞,駕駛者,迴轉未依規定,死亡1;受傷0,1.0,機車,普通重型,男,51.0,戴非半罩式安全帽,未使用,車的狀態,迴轉或橫越道路中,機車與自行車,左側車身,機車與自行車,右側車身,駕駛者,迴轉未依規定,否,120.241849,22.99861
2026,3.0,20260318.0,164300.0,A1,臺南市政府警察局,臺南市永康區復興路311號前0.0公尺,晴,有照明未開啟或故障,市區道路,50.0,單路部分,直路,路段,一般車道(未劃分快慢車道),柏油,乾燥,無缺陷,無障礙物,無遮蔽物,良好,無號誌,無號誌,中央分向島,寬式(50公分以上),車道線(無標記),未繪設快慢車道分隔線,有,車與車,側撞,駕駛者,迴轉未依規定,死亡1;受傷0,2.0,小客車(含客、貨兩用),自用,男,37.0,繫安全帶(使用幼童安全椅),未使用,車的狀態,向前直行中,汽車,前車頭,汽車,後車尾,無(車輛駕駛者因素),尚未發現肇事因素,否,120.241849,22.99861
2026,3.0,20260318.0,164300.0,A1,臺南市政府警察局,臺南市永康區復興路311號前0.0公尺,晴,有照明未開啟或故障,市區道路,50.0,單路部分,直路,路段,一般車道(未劃分快慢車道),柏油,乾燥,無缺陷,無障礙物,無遮蔽物,良好,無號誌,無號誌,中央分向島,寬式(50公分以上),車道線(無標記),未繪設快慢車道分隔線,有,車與車,側撞,駕駛者,迴轉未依規定,死亡1;受傷0,3.0,小客車(含客、貨兩用),自用,男,84.0,繫安全帶(使用幼童安全椅),未使用,車的狀態,向前直行中,汽車,前車頭,汽車,前車頭,駕駛者,未保持行車安全距離,否,120.241849,22.99861
2026,3.0,20260318.0,222300.0,A1,臺南市政府警察局,臺南市北區中華北路二段東 / 臺南市北區海安路三段附近,晴,有照明且開啟,市區道路,60.0,單路部分,直路,路段,快車道,柏油,乾燥,無缺陷,無障礙物,無遮蔽物,良好,無號誌,無號誌,中央分向島,寬式(50公分以上),車道線(無標記),快慢車道分隔線,有,車與車,追撞,駕駛者,恍神、緊張、心不在焉分心駕駛,死亡1;受傷0,1.0,機車,普通重型,男,18.0,戴非半罩式安全帽,未使用,車的狀態,向前直行中,機車與自行車,前車頭,,,駕駛者,恍神、緊張、心不在焉分心駕駛,否,120.199613,23.020433
2026,3.0,20260318.0,222300.0,A1,臺南市政府警察局,臺南市北區中華北路二段東 / 臺南市北區海安路三段附近,晴,有照明且開啟,市區道路,60.0,單路部分,直路,路段,快車道,柏油,乾燥,無缺陷,無障礙物,無遮蔽物,良好,無號誌,無號誌,中央分向島,寬式(50公分以上),車道線(無標記),快慢車道分隔線,有,車與車,追撞,駕駛者,恍神、緊張、心不在焉分心駕駛,死亡1;受傷0,2.0,小客車(含客、貨兩用),自用,男,49.0,繫安全帶(使用幼童安全椅),未使用,車的狀態,等待(引擎未熄火),汽車,右後車尾(身),,,無(車輛駕駛者因素),尚未發現肇事因素,否,120.199613,23.020433
2026,3.0,20260318.0,230400.0,A1,新北市政府警察局,新北市八里區臺61線道路前0.0公尺,晴,有照明且開啟,市區道路,60.0,單路部分,直路,路段,一般車道(未劃分快慢車道),柏油,乾燥,無缺陷,無障礙物,無遮蔽物,良好,無號誌,無號誌,中央分向島,寬式(50公分以上),車道線(無標記),未繪設快慢車道分隔線,無,車與車,其他,其他,其他不當駕車行為,死亡1;受傷0,1.0,機車,大型重型1(550C.C.以上),女,24.0,戴半罩式安全帽,未使用,車的狀態,向前直行中,機車與自行車,前車頭,,,其他,其他不當駕車行為,否,121.406339,25.161551
2026,3.0,20260318.0,230400.0,A1,新北市政府警察局,新北市八里區臺61線道路前0.0公尺,晴,有照明且開啟,市區道路,60.0,單路部分,直路,路段,一般車道(未劃分快慢車道),柏油,乾燥,無缺陷,無障礙物,無遮蔽物,良好,無號誌,無號誌,中央分向島,寬式(50公分以上),車道線(無標記),未繪設快慢車道分隔線,無,車與車,其他,其他,其他不當駕車行為,死亡1;受傷0,2.0,小客車(含客、貨兩用),自用,男,20.0,繫安全帶(使用幼童安全椅),未使用,車的狀態,向前直行中,汽車,前車頭,,,無(車輛駕駛者因素),尚未發現肇事因素,否,121.406339,25.161551
2026,3.0,20260319.0,35700.0,A1,臺北市政府警察局,臺北市士林區文林路 / 臺北市士林區大東路,晴,有照明且開啟,市區道路,50.0,交岔路,四岔路,交叉路口,交叉路口內,柏油,乾燥,無缺陷,無障礙物,無遮蔽物,良好,閃光號誌,正常,雙向禁止超車線,無標記,未繪設車道線,未繪設快慢車道分隔線,無,車與車,路口交岔撞,駕駛者,無號誌路口，支線道未讓幹線道先行,死亡1;受傷0,1.0,機車,普通重型,男,24.0,未戴安全帽或未繫安全帶(未使用幼童安全椅),未使用,車的狀態,向前直行中,機車與自行車,前車頭,,,駕駛者,無號誌路口，支線道未讓幹線道先行,否,121.524976,25.093694
2026,3.0,20260319.0,35700.0,A1,臺北市政府警察局,臺北市士林區文林路 / 臺北市士林區大東路,晴,有照明且開啟,市區道路,50.0,交岔路,四岔路,交叉路口,交叉路口內,柏油,乾燥,無缺陷,無障礙物,無遮蔽物,良好,閃光號誌,正常,雙向禁止超車線,無標記,未繪設車道線,未繪設快慢車道分隔線,無,車與車,路口交岔撞,駕駛者,無號誌路口，支線道未讓幹線道先行,死亡1;受傷0,2.0,小客車(含客、貨兩用),自用,男,45.0,繫安全帶(使用幼童安全椅),未使用,車的狀態,向前直行中,汽車,右側車身,,,駕駛者,觀看其他事故、活動、道路環境或車外資訊分心駕駛,否,121.524976,25.093694
2026,3.0,20260319.0,43325.0,A1,臺南市政府警察局,臺南市北門區慈安里台61線287公里100公尺,陰,無照明,省道,90.0,單路部分,直路,路段,快車道,柏油,乾燥,無缺陷,無障礙物,無遮蔽物,良好,無號誌,無號誌,中央分向島,窄式無柵欄,車道線(無標記),未繪設快慢車道分隔線,有,車輛本身,撞護欄(樁),駕駛者,恍神、緊張、心不在焉分心駕駛,死亡1;受傷0,1.0,小貨車,自用,男,68.0,不明,不明,不明,不明,汽車,前車頭,,,駕駛者,恍神、緊張、心不在焉分心駕駛,否,120.110808,23.252113
2026,3.0,20260319.0,43325.0,A1,臺南市政府警察局,臺南市北門區慈安里台61線287公里100公尺,陰,無照明,省道,90.0,單路部分,直路,路段,快車道,柏油,乾燥,無缺陷,無障礙物,無遮蔽物,良好,無號誌,無號誌,中央分向島,窄式無柵欄,車道線(無標記),未繪設快慢車道分隔線,有,車輛本身,撞護欄(樁),駕駛者,恍神、緊張、心不在焉分心駕駛,死亡1;受傷0,2.0,,,無或物(動物、堆置物),-1.0,,,,,,,,,無(非車輛駕駛人因素),尚未發現肇事因素,否,120.110808,23.252113
2026,3.0,20260319.0,53200.0,A1,新竹市警察局,新竹市香山區西濱快速公路南下側車道79公里處,陰,無照明,快速(公)道,50.0,單路部分,直路,路段,一般車道(未劃分快慢車道),柏油,乾燥,無缺陷,無障礙物,無遮蔽物,良好,無號誌,無號誌,中央分向島,窄式附柵欄,車道線(無標記),未繪設快慢車道分隔線,有,車輛本身,撞護欄(樁),其他,其他不當駕車行為,死亡1;受傷0,1.0,機車,普通重型,女,19.0,戴非半罩式安全帽,不明,車的狀態,向前直行中,機車與自行車,左側車身,機車與自行車,右側車身,其他,其他不當駕車行為,否,120.913294,24.769201
2026,3.0,20260319.0,53200.0,A1,新竹市警察局,新竹市香山區西濱快速公路南下側車道79公里處,陰,無照明,快速(公)道,50.0,單路部分,直路,路段,一般車道(未劃分快慢車道),柏油,乾燥,無缺陷,無障礙物,無遮蔽物,良好,無號誌,無號誌,中央分向島,窄式附柵欄,車道線(無標記),未繪設快慢車道分隔線,有,車輛本身,撞護欄(樁),其他,其他不當駕車行為,死亡1;受傷0,2.0,,,無或物(動物、堆置物),-1.0,,,,,,,,,無(非車輛駕駛人因素),尚未發現肇事因素,否,120.913294,24.769201
2026,3.0,20260319.0,75900.0,A1,高雄市政府警察局,高雄市楠梓區德民路西 / 高雄市楠梓區海專路北,晴,有照明且開啟,市區道路,60.0,交岔路,四岔路,交叉路口,交叉口附近,柏油,乾燥,無缺陷,無障礙物,無遮蔽物,良好,行車管制號誌,正常,中央分向島,寬式(50公分以上),車道線(無標記),寬式快慢車道分隔島(50公分以上),無,車與車,側撞,駕駛者,有號誌路口，轉彎車未讓直行車先行,死亡1;受傷1,1.0,小客車(含客、貨兩用),自用,男,52.0,繫安全帶(使用幼童安全椅),未使用,車的狀態,右轉彎,汽車,右前車頭(身),,,駕駛者,有號誌路口，轉彎車未讓直行車先行,否,120.310228,22.726793
2026,3.0,20260319.0,75900.0,A1,高雄市政府警察局,高雄市楠梓區德民路西 / 高雄市楠梓區海專路北,晴,有照明且開啟,市區道路,60.0,交岔路,四岔路,交叉路口,交叉口附近,柏油,乾燥,無缺陷,無障礙物,無遮蔽物,良好,行車管制號誌,正常,中央分向島,寬式(50公分以上),車道線(無標記),寬式快慢車道分隔島(50公分以上),無,車與車,側撞,駕駛者,有號誌路口，轉彎車未讓直行車先行,死亡1;受傷1,2.0,機車,普通重型,男,32.0,戴半罩式安全帽,未使用,車的狀態,向前直行中,機車與自行車,左側車身,,,無(車輛駕駛者因素),尚未發現肇事因素,否,120.310228,22.726793
2026,3.0,20260319.0,75900.0,A1,高雄市政府警察局,高雄市楠梓區德民路西 / 高雄市楠梓區海專路北,晴,有照明且開啟,市區道路,60.0,交岔路,四岔路,交叉路口,交叉口附近,柏油,乾燥,無缺陷,無障礙物,無遮蔽物,良好,行車管制號誌,正常,中央分向島,寬式(50公分以上),車道線(無標記),寬式快慢車道分隔島(50公分以上),無,車與車,側撞,駕駛者,有號誌路口，轉彎車未讓直行車先行,死亡1;受傷1,3.0,機車,普通重型,男,43.0,戴半罩式安全帽,未使用,車的狀態,等待(引擎未熄火),機車與自行車,左側車身,,,無(車輛駕駛者因素),尚未發現肇事因素,否,120.310228,22.726793
2026,3.0,20260319.0,75900.0,A1,高雄市政府警察局,高雄市楠梓區德民路西 / 高雄市楠梓區海專路北,晴,有照明且開啟,市區道路,60.0,交岔路,四岔路,交叉路口,交叉口附近,柏油,乾燥,無缺陷,無障礙物,無遮蔽物,良好,行車管制號誌,正常,中央分向島,寬式(50公分以上),車道線(無標記),寬式快慢車道分隔島(50公分以上),無,車與車,側撞,駕駛者,有號誌路口，轉彎車未讓直行車先行,死亡1;受傷1,4.0,機車,普通重型,女,34.0,戴半罩式安全帽,未使用,車的狀態,等待(引擎未熄火),機車與自行車,左側車身,,,無(車輛駕駛者因素),尚未發現肇事因素,否,120.310228,22.726793
2026,3.0,20260319.0,82000.0,A1,桃園市政府警察局,桃園市觀音區福山路二段403巷前0.0公尺附近,陰,無照明,市區道路,50.0,交岔路,三岔路,交叉路口,交叉口附近,柏油,乾燥,無缺陷,無障礙物,無遮蔽物,良好,無號誌,無號誌,行車分向線,無標記,車道線(無標記),未繪設快慢車道分隔線,有,車與車,同向擦撞,駕駛者,未保持行車安全間隔,死亡1;受傷0,1.0,小客車(含客、貨兩用),自用,男,67.0,繫安全帶(使用幼童安全椅),未使用,車的狀態,向前直行中,汽車,右側車身,,,駕駛者,未保持行車安全間隔,是,121.154155,25.018792
2026,3.0,20260319.0,82000.0,A1,桃園市政府警察局,桃園市觀音區福山路二段403巷前0.0公尺附近,陰,無照明,市區道路,50.0,交岔路,三岔路,交叉路口,交叉口附近,柏油,乾燥,無缺陷,無障礙物,無遮蔽物,良好,無號誌,無號誌,行車分向線,無標記,車道線(無標記),未繪設快慢車道分隔線,有,車與車,同向擦撞,駕駛者,未保持行車安全間隔,死亡1;受傷0,2.0,機車,普通重型,女,80.0,戴非半罩式安全帽,未使用,車的狀態,向前直行中,機車與自行車,左側車身,,,駕駛者,未保持行車安全間隔,否,121.154155,25.018792
2026,3.0,20260319.0,82100.0,A1,高雄市政府警察局,高雄市鳥松區中正路 / 高雄市鳥松區中正路,晴,無照明,市區道路,60.0,交岔路,三岔路,交叉路口,交叉路口內,柏油,乾燥,無缺陷,無障礙物,有遮蔽物,路上停放車輛,無號誌,無號誌,無,無分向設施,未繪設車道線,未繪設快慢車道分隔線,無,車與車,側撞,駕駛者,無號誌路口，轉彎車未讓直行車先行,死亡1;受傷0,1.0,小客車(含客、貨兩用),自用,女,62.0,繫安全帶(使用幼童安全椅),未使用,車的狀態,左轉彎,汽車,右前車頭(身),,,駕駛者,無號誌路口，轉彎車未讓直行車先行,否,120.364107,22.660196
2026,3.0,20260319.0,82100.0,A1,高雄市政府警察局,高雄市鳥松區中正路 / 高雄市鳥松區中正路,晴,無照明,市區道路,60.0,交岔路,三岔路,交叉路口,交叉路口內,柏油,乾燥,無缺陷,無障礙物,有遮蔽物,路上停放車輛,無號誌,無號誌,無,無分向設施,未繪設車道線,未繪設快慢車道分隔線,無,車與車,側撞,駕駛者,無號誌路口，轉彎車未讓直行車先行,死亡1;受傷0,2.0,機車,普通重型,男,22.0,戴非半罩式安全帽,未使用,車的狀態,向前直行中,機車與自行車,前車頭,,,駕駛者,未依規定減速,否,120.364107,22.660196
2026,3.0,20260319.0,103400.0,A1,桃園市政府警察局,桃園市觀音區台61線 34公里南向路肩,晴,無照明,市區道路,90.0,單路部分,高架道路,路段,路肩、路緣,柏油,乾燥,無缺陷,無障礙物,無遮蔽物,良好,無號誌,無號誌,中央分向島,寬式(50公分以上),車道線(無標記),未繪設快慢車道分隔線,有,車與車,追撞,駕駛者,恍神、緊張、心不在焉分心駕駛,死亡1;受傷0,1.0,曳引車,自用,男,55.0,繫安全帶(使用幼童安全椅),未使用,車的狀態,向前直行中,汽車,前車頭,,,駕駛者,恍神、緊張、心不在焉分心駕駛,否,121.122305,25.069623
2026,3.0,20260319.0,103400.0,A1,桃園市政府警察局,桃園市觀音區台61線 34公里南向路肩,晴,無照明,市區道路,90.0,單路部分,高架道路,路段,路肩、路緣,柏油,乾燥,無缺陷,無障礙物,無遮蔽物,良好,無號誌,無號誌,中央分向島,寬式(50公分以上),車道線(無標記),未繪設快慢車道分隔線,有,車與車,追撞,駕駛者,恍神、緊張、心不在焉分心駕駛,死亡1;受傷0,2.0,小客車(含客、貨兩用),自用,女,51.0,繫安全帶(使用幼童安全椅),未使用,車的狀態,等待(引擎未熄火),汽車,後車尾,汽車,右側車身,其他,違規(臨時)停車,否,121.122305,25.069623
2026,3.0,20260320.0,64603.0,A1,桃園市政府警察局,桃園市大園區聖德北路口 / 桃園市大園區田溪路口,陰,有照明未開啟或故障,村里道路,30.0,交岔路,四岔路,交叉路口,交叉路口內,柏油,乾燥,無缺陷,無障礙物,無遮蔽物,良好,行車管制號誌,正常,無,無分向設施,未繪設車道線,未繪設快慢車道分隔線,無,車與車,側撞,駕駛者,闖紅燈左轉(或迴轉),死亡1;受傷0,1.0,小客車(含客、貨兩用),自用,男,26.0,繫安全帶(使用幼童安全椅),未使用,車的狀態,左轉彎,汽車,右前車頭(身),,,駕駛者,闖紅燈左轉(或迴轉),否,121.195591,25.03343
2026,3.0,20260320.0,64603.0,A1,桃園市政府警察局,桃園市大園區聖德北路口 / 桃園市大園區田溪路口,陰,有照明未開啟或故障,村里道路,30.0,交岔路,四岔路,交叉路口,交叉路口內,柏油,乾燥,無缺陷,無障礙物,無遮蔽物,良好,行車管制號誌,正常,無,無分向設施,未繪設車道線,未繪設快慢車道分隔線,無,車與車,側撞,駕駛者,闖紅燈左轉(或迴轉),死亡1;受傷0,2.0,機車,普通重型,男,18.0,戴非半罩式安全帽,未使用,車的狀態,向前直行中,機車與自行車,前車頭,,,駕駛者,闖紅燈直行,否,121.195591,25.03343
2026,3.0,20260320.0,162500.0,A1,高雄市政府警察局,高雄市旗山區村溝坪路2號前號前0.0公尺,晴,有照明未開啟或故障,市區道路,50.0,單路部分,彎曲路及附近,路段,一般車道(未劃分快慢車道),柏油,乾燥,無缺陷,無障礙物,無遮蔽物,良好,無號誌,無號誌,雙向禁止超車線,無標記,未繪設車道線,未繪設快慢車道分隔線,有,車與車,對向擦撞,駕駛者,違反遵行方向標誌(線),死亡1;受傷0,1.0,機車,普通重型,男,18.0,戴非半罩式安全帽,未使用,車的狀態,向前直行中,機車與自行車,前車頭,,,駕駛者,違反遵行方向標誌(線),否,120.5033,22.93282
2026,3.0,20260320.0,162500.0,A1,高雄市政府警察局,高雄市旗山區村溝坪路2號前號前0.0公尺,晴,有照明未開啟或故障,市區道路,50.0,單路部分,彎曲路及附近,路段,一般車道(未劃分快慢車道),柏油,乾燥,無缺陷,無障礙物,無遮蔽物,良好,無號誌,無號誌,雙向禁止超車線,無標記,未繪設車道線,未繪設快慢車道分隔線,有,車與車,對向擦撞,駕駛者,違反遵行方向標誌(線),死亡1;受傷0,2.0,大客車,民營客運,男,58.0,繫安全帶(使用幼童安全椅),未使用,車的狀態,向前直行中,汽車,左前車頭(身),,,無(車輛駕駛者因素),尚未發現肇事因素,否,120.5033,22.93282
2026,3.0,20260320.0,185007.0,A1,臺南市政府警察局,臺南市安定區安加里國1安定交流道北上匝前0.0公尺,晴,有照明且開啟,市區道路,50.0,交岔路,四岔路,交叉路口,交叉路口內,柏油,乾燥,無缺陷,無障礙物,無遮蔽物,良好,行車管制號誌,正常,無,無分向設施,未繪設車道線,未繪設快慢車道分隔線,無,車與車,側撞,駕駛者,有號誌路口，轉彎車未讓直行車先行,死亡1;受傷1,1.0,小客車(含客、貨兩用),自用,男,38.0,繫安全帶(使用幼童安全椅),未使用,車的狀態,左轉彎,汽車,右側車身,,,駕駛者,有號誌路口，轉彎車未讓直行車先行,否,120.244109,23.11798
2026,3.0,20260320.0,185007.0,A1,臺南市政府警察局,臺南市安定區安加里國1安定交流道北上匝前0.0公尺,晴,有照明且開啟,市區道路,50.0,交岔路,四岔路,交叉路口,交叉路口內,柏油,乾燥,無缺陷,無障礙物,無遮蔽物,良好,行車管制號誌,正常,無,無分向設施,未繪設車道線,未繪設快慢車道分隔線,無,車與車,側撞,駕駛者,有號誌路口，轉彎車未讓直行車先行,死亡1;受傷1,2.0,機車,普通重型,男,37.0,戴半罩式安全帽,未使用,車的狀態,向前直行中,機車與自行車,前車頭,,,駕駛者,恍神、緊張、心不在焉分心駕駛,否,120.244109,23.11798
2026,3.0,20260320.0,185007.0,A1,臺南市政府警察局,臺南市安定區安加里國1安定交流道北上匝前0.0公尺,晴,有照明且開啟,市區道路,50.0,交岔路,四岔路,交叉路口,交叉路口內,柏油,乾燥,無缺陷,無障礙物,無遮蔽物,良好,行車管制號誌,正常,無,無分向設施,未繪設車道線,未繪設快慢車道分隔線,無,車與車,側撞,駕駛者,有號誌路口，轉彎車未讓直行車先行,死亡1;受傷1,3.0,人,乘客,女,6.0,戴半罩式安全帽,非駕駛人,不明,不明,其他,非汽、機及自行車,,,無(非車輛駕駛人因素),尚未發現肇事因素,否,120.244109,23.11798