發生年度,發生月份,發生日期,發生時間,事故類別名稱,處理單位名稱警局層,發生地點,天候名稱,光線名稱,道路類別-第1當事者-名稱,速限-第1當事者,道路型態大類別名稱,道路型態子類別名稱,事故位置大類別名稱,事故位置子類別名稱,路面狀況-路面鋪裝名稱,路面狀況-路面狀態名稱,路面狀況-路面缺陷名稱,道路障礙-障礙物名稱,道路障礙-視距品質名稱,道路障礙-視距名稱,號誌-號誌種類名稱,號誌-號誌動作名稱,車道劃分設施-分向設施大類別名稱,車道劃分設施-分向設施子類別名稱,車道劃分設施-分道設施-快車道或一般車道間名稱,車道劃分設施-分道設施-快慢車道間名稱,車道劃分設施-分道設施-路面邊線名稱,事故類型及型態大類別名稱,事故類型及型態子類別名稱,肇因研判大類別名稱-主要,肇因研判子類別名稱-主要,死亡受傷人數,當事者順位,當事者區分-類別-大類別名稱-車種,當事者區分-類別-子類別名稱-車種,當事者屬-性-別名稱,當事者事故發生時年齡,保護裝備名稱,行動電話或電腦或其他相類功能裝置名稱,當事者行動狀態大類別名稱,當事者行動狀態子類別名稱,車輛撞擊部位大類別名稱-最初,車輛撞擊部位子類別名稱-最初,車輛撞擊部位大類別名稱-其他,車輛撞擊部位子類別名稱-其他,肇因研判大類別名稱-個別,肇因研判子類別名稱-個別,肇事逃逸類別名稱-是否肇逃,經度,緯度
2026,3.0,20260320.0,185007.0,A1,臺南市政府警察局,臺南市安定區安加里國1安定交流道北上匝前0.0公尺,晴,有照明且開啟,市區道路,50.0,交岔路,四岔路,交叉路口,交叉路口內,柏油,乾燥,無缺陷,無障礙物,無遮蔽物,良好,行車管制號誌,正常,無,無分向設施,未繪設車道線,未繪設快慢車道分隔線,無,車與車,側撞,駕駛者,有號誌路口，轉彎車未讓直行車先行,死亡1;受傷1,4.0,小客車(含客、貨兩用),自用,男,28.0,繫安全帶(使用幼童安全椅),未使用,車的狀態,向前直行中,汽車,右前車頭(身),,,駕駛者,恍神、緊張、心不在焉分心駕駛,否,120.244109,23.11798
2026,3.0,20260320.0,213000.0,A1,屏東縣政府警察局,屏東縣枋山鄉台1線 445公里200.0公尺處口,晴,有照明且開啟,省道,40.0,交岔路,三岔路,交叉路口,交叉路口內,柏油,乾燥,無缺陷,無障礙物,無遮蔽物,良好,行車管制號誌,正常,中央分向島,寬式(50公分以上),車道線(無標記),快慢車道分隔線,有,車與車,側撞,駕駛者,闖紅燈直行,死亡1;受傷0,1.0,機車,普通重型,男,23.0,不明,不明,車的狀態,向前直行中,機車與自行車,前車頭,,,駕駛者,闖紅燈直行,否,120.652366,22.269354
2026,3.0,20260320.0,213000.0,A1,屏東縣政府警察局,屏東縣枋山鄉台1線 445公里200.0公尺處口,晴,有照明且開啟,省道,40.0,交岔路,三岔路,交叉路口,交叉路口內,柏油,乾燥,無缺陷,無障礙物,無遮蔽物,良好,行車管制號誌,正常,中央分向島,寬式(50公分以上),車道線(無標記),快慢車道分隔線,有,車與車,側撞,駕駛者,闖紅燈直行,死亡1;受傷0,2.0,小客車(含客、貨兩用),自用,男,26.0,繫安全帶(使用幼童安全椅),未使用,車的狀態,左轉彎,汽車,左側車身,,,無(車輛駕駛者因素),尚未發現肇事因素,否,120.652366,22.269354
2026,3.0,20260321.0,62400.0,A1,臺南市政府警察局,臺南市七股區頂山里頂山157號,晴,有照明未開啟或故障,市區道路,30.0,單路部分,直路,路段,一般車道(未劃分快慢車道),柏油,乾燥,無缺陷,無障礙物,無遮蔽物,良好,無號誌,無號誌,行車分向線,無標記,未繪設車道線,未繪設快慢車道分隔線,無,車與車,側撞,駕駛者,起步時未注意安全,死亡1;受傷0,1.0,慢車,腳踏自行車,女,92.0,其他(無需使用保護裝備之人),未使用,車的狀態,起步,機車與自行車,左側車身,,,駕駛者,起步時未注意安全,否,120.111431,23.183
2026,3.0,20260321.0,62400.0,A1,臺南市政府警察局,臺南市七股區頂山里頂山157號,晴,有照明未開啟或故障,市區道路,30.0,單路部分,直路,路段,一般車道(未劃分快慢車道),柏油,乾燥,無缺陷,無障礙物,無遮蔽物,良好,無號誌,無號誌,行車分向線,無標記,未繪設車道線,未繪設快慢車道分隔線,無,車與車,側撞,駕駛者,起步時未注意安全,死亡1;受傷0,2.0,小客車(含客、貨兩用),自用,男,54.0,繫安全帶(使用幼童安全椅),未使用,車的狀態,向前直行中,汽車,左前車頭(身),,,駕駛者,恍神、緊張、心不在焉分心駕駛,否,120.111431,23.183
2026,3.0,20260321.0,170655.0,A1,嘉義縣警察局,嘉義縣民雄鄉中央村新庄1之21號前,晴,有照明未開啟或故障,鄉道,50.0,單路部分,直路,路段,一般車道(未劃分快慢車道),柏油,乾燥,無缺陷,無障礙物,無遮蔽物,良好,無號誌,無號誌,行車分向線,無標記,未繪設車道線,未繪設快慢車道分隔線,有,車與車,側撞,駕駛者,未保持行車安全距離,死亡1;受傷0,1.0,小貨車,自用,男,46.0,繫安全帶(使用幼童安全椅),未使用,車的狀態,向前直行中,汽車,右前車頭(身),,,駕駛者,未保持行車安全距離,否,120.407109,23.540158
2026,3.0,20260321.0,170655.0,A1,嘉義縣警察局,嘉義縣民雄鄉中央村新庄1之21號前,晴,有照明未開啟或故障,鄉道,50.0,單路部分,直路,路段,一般車道(未劃分快慢車道),柏油,乾燥,無缺陷,無障礙物,無遮蔽物,良好,無號誌,無號誌,行車分向線,無標記,未繪設車道線,未繪設快慢車道分隔線,有,車與車,側撞,駕駛者,未保持行車安全距離,死亡1;受傷0,2.0,慢車,腳踏自行車,男,82.0,未戴安全帽或未繫安全帶(未使用幼童安全椅),未使用,車的狀態,左轉彎,機車與自行車,左側車身,,,駕駛者,左轉彎未依規定,否,120.407109,23.540158
2026,3.0,20260322.0,13755.0,A1,國道公路警察局,桃園市楊梅區國道1號 67公里南向內側,雨,有照明且開啟,國道,50.0,單路部分,直路,交流道,直線匝道,柏油,濕潤,無缺陷,無障礙物,無遮蔽物,良好,無號誌,無號誌,無,無分向設施,車道線(附標記),未繪設快慢車道分隔線,有,車輛本身,撞交通島,駕駛者,超速駕駛,死亡2;受傷0,1.0,小貨車,營業用,男,30.0,未戴安全帽或未繫安全帶(未使用幼童安全椅),不明,車的狀態,向前直行中,汽車,前車頭,,,駕駛者,超速駕駛,否,121.153059,24.900977
2026,3.0,20260322.0,13755.0,A1,國道公路警察局,桃園市楊梅區國道1號 67公里南向內側,雨,有照明且開啟,國道,50.0,單路部分,直路,交流道,直線匝道,柏油,濕潤,無缺陷,無障礙物,無遮蔽物,良好,無號誌,無號誌,無,無分向設施,車道線(附標記),未繪設快慢車道分隔線,有,車輛本身,撞交通島,駕駛者,超速駕駛,死亡2;受傷0,2.0,,,無或物(動物、堆置物),-1.0,,,,,,,,,無(非車輛駕駛人因素),尚未發現肇事因素,否,121.153059,24.900977
2026,3.0,20260322.0,13755.0,A1,國道公路警察局,桃園市楊梅區國道1號 67公里南向內側,雨,有照明且開啟,國道,50.0,單路部分,直路,交流道,直線匝道,柏油,濕潤,無缺陷,無障礙物,無遮蔽物,良好,無號誌,無號誌,無,無分向設施,車道線(附標記),未繪設快慢車道分隔線,有,車輛本身,撞交通島,駕駛者,超速駕駛,死亡2;受傷0,3.0,,,無或物(動物、堆置物),-1.0,,,,,,,,,無(非車輛駕駛人因素),尚未發現肇事因素,否,121.153059,24.900977
2026,3.0,20260322.0,13755.0,A1,國道公路警察局,桃園市楊梅區國道1號 67公里南向內側,雨,有照明且開啟,國道,50.0,單路部分,直路,交流道,直線匝道,柏油,濕潤,無缺陷,無障礙物,無遮蔽物,良好,無號誌,無號誌,無,無分向設施,車道線(附標記),未繪設快慢車道分隔線,有,車輛本身,撞交通島,駕駛者,超速駕駛,死亡2;受傷0,4.0,,,無或物(動物、堆置物),-1.0,,,,,,,,,無(非車輛駕駛人因素),尚未發現肇事因素,否,121.153059,24.900977
2026,3.0,20260322.0,13755.0,A1,國道公路警察局,桃園市楊梅區國道1號 67公里南向內側,雨,有照明且開啟,國道,50.0,單路部分,直路,交流道,直線匝道,柏油,濕潤,無缺陷,無障礙物,無遮蔽物,良好,無號誌,無號誌,無,無分向設施,車道線(附標記),未繪設快慢車道分隔線,有,車輛本身,撞交通島,駕駛者,超速駕駛,死亡2;受傷0,5.0,人,乘客,男,37.0,未戴安全帽或未繫安全帶(未使用幼童安全椅),非駕駛人,人的狀態,其他,其他,非汽、機及自行車,,,無(非車輛駕駛人因素),尚未發現肇事因素,否,121.153059,24.900977
2026,3.0,20260322.0,53400.0,A1,桃園市政府警察局,桃園市龜山區萬壽路二段1085號前0.0公尺,雨,有照明且開啟,市區道路,50.0,單路部分,直路,路段,一般車道(未劃分快慢車道),柏油,濕潤,無缺陷,無障礙物,無遮蔽物,良好,無號誌,無號誌,雙向禁止超車線,無標記,車道線(無標記),未繪設快慢車道分隔線,有,人與車,穿越道路中,非駕駛者,未依標誌或標線穿越道路,死亡1;受傷2,1.0,人,行人,男,86.0,其他(無需使用保護裝備之人),非駕駛人,人的狀態,步行,其他,非汽、機及自行車,,,非駕駛者,未依標誌或標線穿越道路,否,121.334424,24.994017
2026,3.0,20260322.0,53400.0,A1,桃園市政府警察局,桃園市龜山區萬壽路二段1085號前0.0公尺,雨,有照明且開啟,市區道路,50.0,單路部分,直路,路段,一般車道(未劃分快慢車道),柏油,濕潤,無缺陷,無障礙物,無遮蔽物,良好,無號誌,無號誌,雙向禁止超車線,無標記,車道線(無標記),未繪設快慢車道分隔線,有,人與車,穿越道路中,非駕駛者,未依標誌或標線穿越道路,死亡1;受傷2,2.0,機車,普通重型,男,64.0,戴半罩式安全帽,未使用,車的狀態,向前直行中,機車與自行車,前車頭,,,駕駛者,恍神、緊張、心不在焉分心駕駛,否,121.334424,24.994017
2026,3.0,20260322.0,53400.0,A1,桃園市政府警察局,桃園市龜山區萬壽路二段1085號前0.0公尺,雨,有照明且開啟,市區道路,50.0,單路部分,直路,路段,一般車道(未劃分快慢車道),柏油,濕潤,無缺陷,無障礙物,無遮蔽物,良好,無號誌,無號誌,雙向禁止超車線,無標記,車道線(無標記),未繪設快慢車道分隔線,有,人與車,穿越道路中,非駕駛者,未依標誌或標線穿越道路,死亡1;受傷2,3.0,機車,普通重型,男,20.0,戴半罩式安全帽,未使用,車的狀態,向前直行中,機車與自行車,前車頭,,,駕駛者,恍神、緊張、心不在焉分心駕駛,否,121.334424,24.994017
2026,3.0,20260322.0,73100.0,A1,臺南市政府警察局,臺南市楠西區台3線 355公里500.0公尺處北向路肩,晴,有照明未開啟或故障,省道,40.0,單路部分,彎曲路及附近,路段,一般車道(未劃分快慢車道),柏油,乾燥,無缺陷,無障礙物,無遮蔽物,良好,無號誌,無號誌,行車分向線,無標記,未繪設車道線,未繪設快慢車道分隔線,有,車輛本身,衝出路外,駕駛者,超速駕駛,死亡1;受傷0,1.0,機車,大型重型1(550C.C.以上),男,48.0,戴非半罩式安全帽,未使用,車的狀態,向前直行中,機車與自行車,前車頭,,,駕駛者,超速駕駛,否,120.54269,23.216574
2026,3.0,20260322.0,73100.0,A1,臺南市政府警察局,臺南市楠西區台3線 355公里500.0公尺處北向路肩,晴,有照明未開啟或故障,省道,40.0,單路部分,彎曲路及附近,路段,一般車道(未劃分快慢車道),柏油,乾燥,無缺陷,無障礙物,無遮蔽物,良好,無號誌,無號誌,行車分向線,無標記,未繪設車道線,未繪設快慢車道分隔線,有,車輛本身,衝出路外,駕駛者,超速駕駛,死亡1;受傷0,2.0,,,無或物(動物、堆置物),-1.0,,,,,,,,,無(非車輛駕駛人因素),尚未發現肇事因素,否,120.54269,23.216574
2026,3.0,20260322.0,83927.0,A1,臺南市政府警察局,臺南市白河區庄內里中山路口 / 臺南市白河區庄內里裕農路口,晴,有照明未開啟或故障,市區道路,50.0,交岔路,四岔路,交叉路口,交叉路口內,柏油,乾燥,無缺陷,無障礙物,無遮蔽物,良好,行車管制號誌,正常,無,無分向設施,未繪設車道線,未繪設快慢車道分隔線,無,車與車,側撞,駕駛者,有號誌路口，轉彎車未讓直行車先行,死亡1;受傷0,1.0,大貨車,營業用,男,29.0,繫安全帶(使用幼童安全椅),未使用,車的狀態,右轉彎,汽車,前車頭,汽車,前車頭,駕駛者,有號誌路口，轉彎車未讓直行車先行,否,120.419312,23.355215
2026,3.0,20260322.0,83927.0,A1,臺南市政府警察局,臺南市白河區庄內里中山路口 / 臺南市白河區庄內里裕農路口,晴,有照明未開啟或故障,市區道路,50.0,交岔路,四岔路,交叉路口,交叉路口內,柏油,乾燥,無缺陷,無障礙物,無遮蔽物,良好,行車管制號誌,正常,無,無分向設施,未繪設車道線,未繪設快慢車道分隔線,無,車與車,側撞,駕駛者,有號誌路口，轉彎車未讓直行車先行,死亡1;受傷0,2.0,機車,普通重型,男,67.0,戴半罩式安全帽,未使用,車的狀態,向前直行中,機車與自行車,左側車身,機車與自行車,左側車身,無(車輛駕駛者因素),尚未發現肇事因素,否,120.419312,23.355215
2026,3.0,20260322.0,91400.0,A1,臺東縣警察局,臺東縣成功鎮石傘路57號前0.0公尺,晴,有照明未開啟或故障,省道,50.0,單路部分,直路,路段,路肩、路緣,柏油,乾燥,無缺陷,無障礙物,無遮蔽物,良好,無號誌,無號誌,雙向禁止超車線,附標記,未繪設車道線,快慢車道分隔線,有,車與車,其他,其他,其他不當駕車行為,死亡1;受傷0,1.0,小客車(含客、貨兩用),自用,男,78.0,繫安全帶(使用幼童安全椅),未使用,車的狀態,向前直行中,汽車,右前車頭(身),,,其他,其他不當駕車行為,否,121.400496,23.176783
2026,3.0,20260322.0,91400.0,A1,臺東縣警察局,臺東縣成功鎮石傘路57號前0.0公尺,晴,有照明未開啟或故障,省道,50.0,單路部分,直路,路段,路肩、路緣,柏油,乾燥,無缺陷,無障礙物,無遮蔽物,良好,無號誌,無號誌,雙向禁止超車線,附標記,未繪設車道線,快慢車道分隔線,有,車與車,其他,其他,其他不當駕車行為,死亡1;受傷0,2.0,小客車(含客、貨兩用),自用,女,37.0,未戴安全帽或未繫安全帶(未使用幼童安全椅),不明,車的狀態,靜止(引擎熄火),汽車,左前車頭(身),,,其他,違規(臨時)停車,否,121.400496,23.176783
2026,3.0,20260322.0,91400.0,A1,臺東縣警察局,臺東縣成功鎮石傘路57號前0.0公尺,晴,有照明未開啟或故障,省道,50.0,單路部分,直路,路段,路肩、路緣,柏油,乾燥,無缺陷,無障礙物,無遮蔽物,良好,無號誌,無號誌,雙向禁止超車線,附標記,未繪設車道線,快慢車道分隔線,有,車與車,其他,其他,其他不當駕車行為,死亡1;受傷0,3.0,,,無或物(動物、堆置物),-1.0,,,,,,,,,無(非車輛駕駛人因素),尚未發現肇事因素,否,121.400496,23.176783
2026,3.0,20260322.0,91400.0,A1,臺東縣警察局,臺東縣成功鎮石傘路57號前0.0公尺,晴,有照明未開啟或故障,省道,50.0,單路部分,直路,路段,路肩、路緣,柏油,乾燥,無缺陷,無障礙物,無遮蔽物,良好,無號誌,無號誌,雙向禁止超車線,附標記,未繪設車道線,快慢車道分隔線,有,車與車,其他,其他,其他不當駕車行為,死亡1;受傷0,4.0,,,無或物(動物、堆置物),-1.0,,,,,,,,,無(非車輛駕駛人因素),尚未發現肇事因素,否,121.400496,23.176783
2026,3.0,20260322.0,144600.0,A1,臺南市政府警察局,臺南市新化區南168 7公里東,晴,有照明未開啟或故障,鄉道,50.0,單路部分,直路,路段,路肩、路緣,柏油,乾燥,無缺陷,無障礙物,無遮蔽物,良好,無號誌,無號誌,行車分向線,無標記,未繪設車道線,未繪設快慢車道分隔線,有,車輛本身,撞電桿,駕駛者,打瞌睡或疲勞駕駛(包括連續駕車8小時),死亡1;受傷1,1.0,小客車(含客、貨兩用),自用,女,55.0,繫安全帶(使用幼童安全椅),未使用,車的狀態,向前直行中,汽車,右前車頭(身),,,駕駛者,打瞌睡或疲勞駕駛(包括連續駕車8小時),否,120.380064,23.00637
2026,3.0,20260322.0,144600.0,A1,臺南市政府警察局,臺南市新化區南168 7公里東,晴,有照明未開啟或故障,鄉道,50.0,單路部分,直路,路段,路肩、路緣,柏油,乾燥,無缺陷,無障礙物,無遮蔽物,良好,無號誌,無號誌,行車分向線,無標記,未繪設車道線,未繪設快慢車道分隔線,有,車輛本身,撞電桿,駕駛者,打瞌睡或疲勞駕駛(包括連續駕車8小時),死亡1;受傷1,2.0,,,無或物(動物、堆置物),-1.0,,,,,,,,,無(非車輛駕駛人因素),尚未發現肇事因素,否,120.380064,23.00637
2026,3.0,20260322.0,144600.0,A1,臺南市政府警察局,臺南市新化區南168 7公里東,晴,有照明未開啟或故障,鄉道,50.0,單路部分,直路,路段,路肩、路緣,柏油,乾燥,無缺陷,無障礙物,無遮蔽物,良好,無號誌,無號誌,行車分向線,無標記,未繪設車道線,未繪設快慢車道分隔線,有,車輛本身,撞電桿,駕駛者,打瞌睡或疲勞駕駛(包括連續駕車8小時),死亡1;受傷1,3.0,人,乘客,男,56.0,未戴安全帽或未繫安全帶(未使用幼童安全椅),非駕駛人,人的狀態,其他,其他,非汽、機及自行車,,,無(非車輛駕駛人因素),尚未發現肇事因素,否,120.380064,23.00637
2026,3.0,20260322.0,162300.0,A1,臺中市政府警察局,臺中市北屯區仁和里昌平路二段 / 臺中市北屯區仁和里崇德路三段,晴,有照明未開啟或故障,市區道路,50.0,交岔路,多岔路,交叉路口,交叉路口內,柏油,乾燥,無缺陷,無障礙物,無遮蔽物,良好,行車管制號誌(附設行人專用號誌),正常,無,無分向設施,未繪設車道線,未繪設快慢車道分隔線,無,車與車,側撞,其他,其他不當駕車行為,死亡1;受傷0,1.0,小貨車,自用,男,53.0,繫安全帶(使用幼童安全椅),未使用,車的狀態,右轉彎,汽車,右後車尾(身),,,其他,其他不當駕車行為,否,120.686377,24.188517
2026,3.0,20260322.0,162300.0,A1,臺中市政府警察局,臺中市北屯區仁和里昌平路二段 / 臺中市北屯區仁和里崇德路三段,晴,有照明未開啟或故障,市區道路,50.0,交岔路,多岔路,交叉路口,交叉路口內,柏油,乾燥,無缺陷,無障礙物,無遮蔽物,良好,行車管制號誌(附設行人專用號誌),正常,無,無分向設施,未繪設車道線,未繪設快慢車道分隔線,無,車與車,側撞,其他,其他不當駕車行為,死亡1;受傷0,2.0,機車,普通重型,男,78.0,戴半罩式安全帽,不明,車的狀態,向前直行中,機車與自行車,左側車身,,,無(車輛駕駛者因素),尚未發現肇事因素,否,120.686377,24.188517
2026,3.0,20260322.0,192032.0,A1,雲林縣警察局,雲林縣西螺鎮中興里大橋路250775路燈處,晴,有照明且開啟,村里道路,50.0,單路部分,直路,路段,路肩、路緣,柏油,乾燥,無缺陷,無障礙物,無遮蔽物,良好,無號誌,無號誌,雙向禁止超車線,無標記,未繪設車道線,未繪設快慢車道分隔線,有,車與車,追撞,其他,因光線、視線遮蔽致生事故,死亡1;受傷1,1.0,機車,普通重型,男,54.0,不明,不明,車的狀態,向前直行中,機車與自行車,前車頭,,,其他,因光線、視線遮蔽致生事故,否,120.455965,23.805097
2026,3.0,20260322.0,192032.0,A1,雲林縣警察局,雲林縣西螺鎮中興里大橋路250775路燈處,晴,有照明且開啟,村里道路,50.0,單路部分,直路,路段,路肩、路緣,柏油,乾燥,無缺陷,無障礙物,無遮蔽物,良好,無號誌,無號誌,雙向禁止超車線,無標記,未繪設車道線,未繪設快慢車道分隔線,有,車與車,追撞,其他,因光線、視線遮蔽致生事故,死亡1;受傷1,2.0,曳引車,營業用,男,46.0,不明,不明,車的狀態,靜止(引擎熄火),汽車,左後車尾(身),,,無(車輛駕駛者因素),尚未發現肇事因素,否,120.455965,23.805097
2026,3.0,20260322.0,192032.0,A1,雲林縣警察局,雲林縣西螺鎮中興里大橋路250775路燈處,晴,有照明且開啟,村里道路,50.0,單路部分,直路,路段,路肩、路緣,柏油,乾燥,無缺陷,無障礙物,無遮蔽物,良好,無號誌,無號誌,雙向禁止超車線,無標記,未繪設車道線,未繪設快慢車道分隔線,有,車與車,追撞,其他,因光線、視線遮蔽致生事故,死亡1;受傷1,3.0,人,乘客,女,66.0,不明,非駕駛人,不明,不明,其他,非汽、機及自行車,,,無(非車輛駕駛人因素),尚未發現肇事因素,否,120.455965,23.805097
2026,3.0,20260322.0,193200.0,A1,臺中市政府警察局,臺中市北屯區東山里東山路二段前0.0公尺,晴,有照明且開啟,市區道路,50.0,單路部分,直路,路段,一般車道(未劃分快慢車道),柏油,乾燥,無缺陷,無障礙物,無遮蔽物,良好,無號誌,無號誌,行車分向線,無標記,車道線(無標記),未繪設快慢車道分隔線,有,車與車,同向擦撞,駕駛者,違規超車,死亡1;受傷0,1.0,小貨車,自用,男,31.0,繫安全帶(使用幼童安全椅),未使用,車的狀態,超車(含超越),汽車,右側車身,,,駕駛者,違規超車,否,120.74392,24.183941
2026,3.0,20260322.0,193200.0,A1,臺中市政府警察局,臺中市北屯區東山里東山路二段前0.0公尺,晴,有照明且開啟,市區道路,50.0,單路部分,直路,路段,一般車道(未劃分快慢車道),柏油,乾燥,無缺陷,無障礙物,無遮蔽物,良好,無號誌,無號誌,行車分向線,無標記,車道線(無標記),未繪設快慢車道分隔線,有,車與車,同向擦撞,駕駛者,違規超車,死亡1;受傷0,2.0,機車,普通重型,女,64.0,戴非半罩式安全帽,未使用,車的狀態,向前直行中,機車與自行車,左側車身,,,無(車輛駕駛者因素),尚未發現肇事因素,否,120.74392,24.183941
2026,3.0,20260322.0,193200.0,A1,臺中市政府警察局,臺中市北屯區東山里東山路二段前0.0公尺,晴,有照明且開啟,市區道路,50.0,單路部分,直路,路段,一般車道(未劃分快慢車道),柏油,乾燥,無缺陷,無障礙物,無遮蔽物,良好,無號誌,無號誌,行車分向線,無標記,車道線(無標記),未繪設快慢車道分隔線,有,車與車,同向擦撞,駕駛者,違規超車,死亡1;受傷0,3.0,大貨車,營業用,男,25.0,不明,不明,車的狀態,靜止(引擎熄火),汽車,右後車尾(身),,,無(車輛駕駛者因素),尚未發現肇事因素,否,120.74392,24.183941
2026,3.0,20260323.0,30400.0,A1,新北市政府警察局,新北市新莊區環漢路2段-252191桿號前0.0公尺,晴,有照明且開啟,市區道路,50.0,單路部分,直路,路段,一般車道(未劃分快慢車道),柏油,乾燥,無缺陷,無障礙物,無遮蔽物,良好,無號誌,無號誌,雙向禁止超車線,附標記,禁止變換車道線(無標記),未繪設快慢車道分隔線,有,人與車,同向通行中,駕駛者,恍神、緊張、心不在焉分心駕駛,死亡1;受傷1,1.0,機車,普通重型,男,40.0,戴半罩式安全帽,未使用,車的狀態,向前直行中,機車與自行車,前車頭,,,駕駛者,恍神、緊張、心不在焉分心駕駛,否,121.447796,25.029668
2026,3.0,20260323.0,30400.0,A1,新北市政府警察局,新北市新莊區環漢路2段-252191桿號前0.0公尺,晴,有照明且開啟,市區道路,50.0,單路部分,直路,路段,一般車道(未劃分快慢車道),柏油,乾燥,無缺陷,無障礙物,無遮蔽物,良好,無號誌,無號誌,雙向禁止超車線,附標記,禁止變換車道線(無標記),未繪設快慢車道分隔線,有,人與車,同向通行中,駕駛者,恍神、緊張、心不在焉分心駕駛,死亡1;受傷1,2.0,人,行人,男,86.0,其他(無需使用保護裝備之人),非駕駛人,人的狀態,步行,其他,非汽、機及自行車,,,非駕駛者,其他引起事故之疏失或行為,否,121.447796,25.029668
2026,3.0,20260323.0,31906.0,A1,屏東縣政府警察局,屏東縣恆春鎮恆公路1029號前,晴,有照明且開啟,村里道路,50.0,交岔路,三岔路,路段,路肩、路緣,柏油,乾燥,無缺陷,無障礙物,無遮蔽物,良好,閃光號誌,正常,雙向禁止超車線,無標記,未繪設車道線,未繪設快慢車道分隔線,有,車輛本身,衝出路外,駕駛者,酒醉(後)駕駛,死亡1;受傷0,1.0,小客車(含客、貨兩用),自用,男,56.0,不明,不明,車的狀態,向前直行中,汽車,前車頭,,,駕駛者,酒醉(後)駕駛,否,120.741354,22.010758
2026,3.0,20260323.0,31906.0,A1,屏東縣政府警察局,屏東縣恆春鎮恆公路1029號前,晴,有照明且開啟,村里道路,50.0,交岔路,三岔路,路段,路肩、路緣,柏油,乾燥,無缺陷,無障礙物,無遮蔽物,良好,閃光號誌,正常,雙向禁止超車線,無標記,未繪設車道線,未繪設快慢車道分隔線,有,車輛本身,衝出路外,駕駛者,酒醉(後)駕駛,死亡1;受傷0,2.0,,,無或物(動物、堆置物),-1.0,,,,,,,,,無(非車輛駕駛人因素),尚未發現肇事因素,否,120.741354,22.010758
2026,3.0,20260323.0,31906.0,A1,屏東縣政府警察局,屏東縣恆春鎮恆公路1029號前,晴,有照明且開啟,村里道路,50.0,交岔路,三岔路,路段,路肩、路緣,柏油,乾燥,無缺陷,無障礙物,無遮蔽物,良好,閃光號誌,正常,雙向禁止超車線,無標記,未繪設車道線,未繪設快慢車道分隔線,有,車輛本身,衝出路外,駕駛者,酒醉(後)駕駛,死亡1;受傷0,3.0,其他車,動力機械,男,75.0,不明,不明,車的狀態,靜止(引擎熄火),其他,非汽、機及自行車,,,無(車輛駕駛者因素),尚未發現肇事因素,否,120.741354,22.010758
2026,3.0,20260323.0,31906.0,A1,屏東縣政府警察局,屏東縣恆春鎮恆公路1029號前,晴,有照明且開啟,村里道路,50.0,交岔路,三岔路,路段,路肩、路緣,柏油,乾燥,無缺陷,無障礙物,無遮蔽物,良好,閃光號誌,正常,雙向禁止超車線,無標記,未繪設車道線,未繪設快慢車道分隔線,有,車輛本身,衝出路外,駕駛者,酒醉(後)駕駛,死亡1;受傷0,4.0,其他車,動力機械,男,75.0,不明,不明,車的狀態,靜止(引擎熄火),其他,非汽、機及自行車,,,無(車輛駕駛者因素),尚未發現肇事因素,否,120.741354,22.010758
2026,3.0,20260323.0,151200.0,A1,高雄市政府警察局,高雄市大寮區村河堤路2段358號前0.0公尺,晴,無照明,市區道路,50.0,單路部分,直路,路段,快車道,柏油,乾燥,無缺陷,無障礙物,無遮蔽物,良好,無號誌,無號誌,行車分向線,無標記,未繪設車道線,快慢車道分隔線,有,車與車,對撞,駕駛者,逆向行駛,死亡1;受傷0,1.0,機車,普通重型,男,49.0,戴非半罩式安全帽,不明,車的狀態,向前直行中,機車與自行車,左側車身,,,駕駛者,逆向行駛,否,120.434103,22.602373
2026,3.0,20260323.0,151200.0,A1,高雄市政府警察局,高雄市大寮區村河堤路2段358號前0.0公尺,晴,無照明,市區道路,50.0,單路部分,直路,路段,快車道,柏油,乾燥,無缺陷,無障礙物,無遮蔽物,良好,無號誌,無號誌,行車分向線,無標記,未繪設車道線,快慢車道分隔線,有,車與車,對撞,駕駛者,逆向行駛,死亡1;受傷0,2.0,半聯結車,自用,男,36.0,繫安全帶(使用幼童安全椅),未使用,車的狀態,向前直行中,汽車,左側車身,,,無(車輛駕駛者因素),尚未發現肇事因素,否,120.434103,22.602373
2026,3.0,20260323.0,185500.0,A1,屏東縣政府警察局,屏東縣萬丹鄉大學路960巷T字路口,陰,有照明且開啟,縣道,50.0,交岔路,三岔路,交叉路口,交叉路口內,柏油,乾燥,無缺陷,無障礙物,無遮蔽物,良好,閃光號誌,正常,無,無分向設施,車道線(無標記),快慢車道分隔線,有,人與車,穿越道路中,駕駛者,車輛未依規定暫停讓行人先行,死亡1;受傷0,1.0,小客車(含客、貨兩用),自用,男,55.0,繫安全帶(使用幼童安全椅),未使用,車的狀態,向前直行中,汽車,右前車頭(身),,,駕駛者,車輛未依規定暫停讓行人先行,否,120.494733,22.59013