發生年度,發生月份,發生日期,發生時間,事故類別名稱,處理單位名稱警局層,發生地點,天候名稱,光線名稱,道路類別-第1當事者-名稱,速限-第1當事者,道路型態大類別名稱,道路型態子類別名稱,事故位置大類別名稱,事故位置子類別名稱,路面狀況-路面鋪裝名稱,路面狀況-路面狀態名稱,路面狀況-路面缺陷名稱,道路障礙-障礙物名稱,道路障礙-視距品質名稱,道路障礙-視距名稱,號誌-號誌種類名稱,號誌-號誌動作名稱,車道劃分設施-分向設施大類別名稱,車道劃分設施-分向設施子類別名稱,車道劃分設施-分道設施-快車道或一般車道間名稱,車道劃分設施-分道設施-快慢車道間名稱,車道劃分設施-分道設施-路面邊線名稱,事故類型及型態大類別名稱,事故類型及型態子類別名稱,肇因研判大類別名稱-主要,肇因研判子類別名稱-主要,死亡受傷人數,當事者順位,當事者區分-類別-大類別名稱-車種,當事者區分-類別-子類別名稱-車種,當事者屬-性-別名稱,當事者事故發生時年齡,保護裝備名稱,行動電話或電腦或其他相類功能裝置名稱,當事者行動狀態大類別名稱,當事者行動狀態子類別名稱,車輛撞擊部位大類別名稱-最初,車輛撞擊部位子類別名稱-最初,車輛撞擊部位大類別名稱-其他,車輛撞擊部位子類別名稱-其他,肇因研判大類別名稱-個別,肇因研判子類別名稱-個別,肇事逃逸類別名稱-是否肇逃,經度,緯度
2026,3.0,20260330.0,103200.0,A1,高雄市政府警察局,高雄市左營區村左營大路 / 高雄市左營區海功東路,晴,有照明未開啟或故障,市區道路,50.0,交岔路,四岔路,交叉路口,交叉路口內,柏油,乾燥,無缺陷,無障礙物,無遮蔽物,良好,行車管制號誌,正常,雙向禁止超車線,無標記,車道線(無標記),快慢車道分隔線,無,車與車,側撞,駕駛者,有號誌路口，轉彎車未讓直行車先行,死亡1;受傷0,1.0,大貨車,營業用,男,32.0,繫安全帶(使用幼童安全椅),未使用,車的狀態,右轉彎,汽車,右前車頭(身),,,駕駛者,有號誌路口，轉彎車未讓直行車先行,否,120.29916,22.693564
2026,3.0,20260330.0,103200.0,A1,高雄市政府警察局,高雄市左營區村左營大路 / 高雄市左營區海功東路,晴,有照明未開啟或故障,市區道路,50.0,交岔路,四岔路,交叉路口,交叉路口內,柏油,乾燥,無缺陷,無障礙物,無遮蔽物,良好,行車管制號誌,正常,雙向禁止超車線,無標記,車道線(無標記),快慢車道分隔線,無,車與車,側撞,駕駛者,有號誌路口，轉彎車未讓直行車先行,死亡1;受傷0,2.0,機車,普通重型,女,62.0,不明,不明,車的狀態,向前直行中,機車與自行車,左側車身,,,無(車輛駕駛者因素),尚未發現肇事因素,否,120.29916,22.693564
2026,3.0,20260330.0,140000.0,A1,高雄市政府警察局,高雄市路竹區中山路 / 高雄市路竹區平等街,晴,無照明,市區道路,60.0,交岔路,三岔路,交叉路口,交叉路口內,柏油,乾燥,無缺陷,無障礙物,無遮蔽物,良好,無號誌,無號誌,中央分向島,寬式(50公分以上),車道線(無標記),快慢車道分隔線,有,車與車,側撞,駕駛者,左轉彎未依規定,死亡1;受傷1,1.0,機車,普通重型,男,19.0,戴非半罩式安全帽,未使用,車的狀態,左轉彎,機車與自行車,前車頭,,,駕駛者,左轉彎未依規定,否,120.258375,22.857325
2026,3.0,20260330.0,140000.0,A1,高雄市政府警察局,高雄市路竹區中山路 / 高雄市路竹區平等街,晴,無照明,市區道路,60.0,交岔路,三岔路,交叉路口,交叉路口內,柏油,乾燥,無缺陷,無障礙物,無遮蔽物,良好,無號誌,無號誌,中央分向島,寬式(50公分以上),車道線(無標記),快慢車道分隔線,有,車與車,側撞,駕駛者,左轉彎未依規定,死亡1;受傷1,2.0,大貨車,營業用,男,53.0,繫安全帶(使用幼童安全椅),未使用,車的狀態,向前直行中,汽車,前車頭,,,駕駛者,恍神、緊張、心不在焉分心駕駛,否,120.258375,22.857325
2026,3.0,20260330.0,210100.0,A1,臺南市政府警察局,臺南市官田區南廍里南廍79之6號前(南318線1.55公里東向),晴,有照明且開啟,市區道路,50.0,單路部分,直路,路段,一般車道(未劃分快慢車道),柏油,乾燥,無缺陷,路上有停車,無遮蔽物,良好,無號誌,無號誌,中央分向島,寬式(50公分以上),車道線(無標記),未繪設快慢車道分隔線,有,車與車,其他,其他,違規(臨時)停車,死亡1;受傷0,1.0,半聯結車,自用,男,32.0,未戴安全帽或未繫安全帶(未使用幼童安全椅),未使用,車的狀態,等待(引擎未熄火),汽車,後車尾,,,其他,違規(臨時)停車,否,120.297233,23.208589
2026,3.0,20260330.0,210100.0,A1,臺南市政府警察局,臺南市官田區南廍里南廍79之6號前(南318線1.55公里東向),晴,有照明且開啟,市區道路,50.0,單路部分,直路,路段,一般車道(未劃分快慢車道),柏油,乾燥,無缺陷,路上有停車,無遮蔽物,良好,無號誌,無號誌,中央分向島,寬式(50公分以上),車道線(無標記),未繪設快慢車道分隔線,有,車與車,其他,其他,違規(臨時)停車,死亡1;受傷0,2.0,機車,普通重型,男,41.0,戴半罩式安全帽,未使用,車的狀態,向前直行中,機車與自行車,前車頭,,,駕駛者,恍神、緊張、心不在焉分心駕駛,否,120.297233,23.208589
2026,3.0,20260330.0,210100.0,A1,臺南市政府警察局,臺南市官田區南廍里南廍79之6號前(南318線1.55公里東向),晴,有照明且開啟,市區道路,50.0,單路部分,直路,路段,一般車道(未劃分快慢車道),柏油,乾燥,無缺陷,路上有停車,無遮蔽物,良好,無號誌,無號誌,中央分向島,寬式(50公分以上),車道線(無標記),未繪設快慢車道分隔線,有,車與車,其他,其他,違規(臨時)停車,死亡1;受傷0,3.0,人,其他人,男,23.0,其他(無需使用保護裝備之人),非駕駛人,人的狀態,其他,其他,非汽、機及自行車,,,非駕駛者,在道路上工作之人員未設適當標識,否,120.297233,23.208589
2026,3.0,20260331.0,134316.0,A1,桃園市政府警察局,桃園市中壢區環中東路485號前0.0公尺附近,陰,有照明且開啟,市區道路,50.0,單路部分,直路,路段,一般車道(未劃分快慢車道),柏油,乾燥,無缺陷,無障礙物,無遮蔽物,良好,無號誌,無號誌,無,無分向設施,未繪設車道線,未繪設快慢車道分隔線,無,車輛本身,路上翻車、摔倒,其他,相關跡證不足且無具體影像紀錄，當事人各執一詞，經分析後無法釐清肇事原因,死亡1;受傷0,1.0,機車,普通重型,男,45.0,戴半罩式安全帽,未使用,車的狀態,其他,機車與自行車,左側車身,,,其他,相關跡證不足且無具體影像紀錄，當事人各執一詞，經分析後無法釐清肇事原因,否,121.251563,24.959454
2026,3.0,20260331.0,134316.0,A1,桃園市政府警察局,桃園市中壢區環中東路485號前0.0公尺附近,陰,有照明且開啟,市區道路,50.0,單路部分,直路,路段,一般車道(未劃分快慢車道),柏油,乾燥,無缺陷,無障礙物,無遮蔽物,良好,無號誌,無號誌,無,無分向設施,未繪設車道線,未繪設快慢車道分隔線,無,車輛本身,路上翻車、摔倒,其他,相關跡證不足且無具體影像紀錄，當事人各執一詞，經分析後無法釐清肇事原因,死亡1;受傷0,2.0,,,無或物(動物、堆置物),-1.0,,,,,,,,,無(非車輛駕駛人因素),尚未發現肇事因素,否,121.251563,24.959454
2026,3.0,20260331.0,134316.0,A1,桃園市政府警察局,桃園市中壢區環中東路485號前0.0公尺附近,陰,有照明且開啟,市區道路,50.0,單路部分,直路,路段,一般車道(未劃分快慢車道),柏油,乾燥,無缺陷,無障礙物,無遮蔽物,良好,無號誌,無號誌,無,無分向設施,未繪設車道線,未繪設快慢車道分隔線,無,車輛本身,路上翻車、摔倒,其他,相關跡證不足且無具體影像紀錄，當事人各執一詞，經分析後無法釐清肇事原因,死亡1;受傷0,3.0,大貨車,自用,男,40.0,繫安全帶(使用幼童安全椅),未使用,車的狀態,向前直行中,汽車,右側車身,,,其他,相關跡證不足且無具體影像紀錄，當事人各執一詞，經分析後無法釐清肇事原因,否,121.251563,24.959454
2026,4.0,20260401.0,63348.0,A1,雲林縣警察局,雲林縣口湖鄉崙東村東安路6號後方,晴,有照明未開啟或故障,村里道路,30.0,單路部分,直路,路段,一般車道(未劃分快慢車道),柏油,乾燥,無缺陷,無障礙物,無遮蔽物,良好,無號誌,無號誌,無,無分向設施,未繪設車道線,未繪設快慢車道分隔線,無,車輛本身,衝出路外,其他,其他不當駕車行為,死亡1;受傷0,1.0,機車,普通重型,男,74.0,不明,不明,車的狀態,向前直行中,機車與自行車,左側車身,,,其他,其他不當駕車行為,否,120.167506,23.616331
2026,4.0,20260401.0,63348.0,A1,雲林縣警察局,雲林縣口湖鄉崙東村東安路6號後方,晴,有照明未開啟或故障,村里道路,30.0,單路部分,直路,路段,一般車道(未劃分快慢車道),柏油,乾燥,無缺陷,無障礙物,無遮蔽物,良好,無號誌,無號誌,無,無分向設施,未繪設車道線,未繪設快慢車道分隔線,無,車輛本身,衝出路外,其他,其他不當駕車行為,死亡1;受傷0,2.0,,,無或物(動物、堆置物),-1.0,,,,,,,,,無(非車輛駕駛人因素),尚未發現肇事因素,否,120.167506,23.616331
2026,4.0,20260401.0,152600.0,A1,新竹市警察局,新竹市香山區中華路四段701號,晴,無照明,市區道路,60.0,單路部分,直路,路段,一般車道(未劃分快慢車道),柏油,乾燥,無缺陷,無障礙物,無遮蔽物,良好,無號誌,無號誌,中央分向島,寬式(50公分以上),車道線(無標記),未繪設快慢車道分隔線,有,車與車,其他,其他,其他不當駕車行為,死亡1;受傷0,1.0,機車,普通重型,男,28.0,戴非半罩式安全帽,未使用,車的狀態,向前直行中,機車與自行車,前車頭,,,其他,其他不當駕車行為,否,120.929685,24.788601
2026,4.0,20260401.0,152600.0,A1,新竹市警察局,新竹市香山區中華路四段701號,晴,無照明,市區道路,60.0,單路部分,直路,路段,一般車道(未劃分快慢車道),柏油,乾燥,無缺陷,無障礙物,無遮蔽物,良好,無號誌,無號誌,中央分向島,寬式(50公分以上),車道線(無標記),未繪設快慢車道分隔線,有,車與車,其他,其他,其他不當駕車行為,死亡1;受傷0,2.0,小貨車,自用,男,43.0,不明,未使用,車的狀態,靜止(引擎熄火),汽車,左後車尾(身),,,駕駛者,違反其他標誌(線)禁制,否,120.929685,24.788601
2026,4.0,20260401.0,171700.0,A1,臺北市政府警察局,臺北市北投區大度路前0.0公尺,晴,無照明,市區道路,60.0,單路部分,直路,路段,一般車道(未劃分快慢車道),柏油,乾燥,無缺陷,無障礙物,無遮蔽物,良好,無號誌,無號誌,中央分向島,寬式(50公分以上),車道線(無標記),未繪設快慢車道分隔線,有,車與車,追撞,駕駛者,恍神、緊張、心不在焉分心駕駛,死亡1;受傷0,1.0,機車,普通重型,男,62.0,戴半罩式安全帽,未使用,車的狀態,向前直行中,機車與自行車,前車頭,,,駕駛者,恍神、緊張、心不在焉分心駕駛,否,121.494392,25.121162
2026,4.0,20260401.0,171700.0,A1,臺北市政府警察局,臺北市北投區大度路前0.0公尺,晴,無照明,市區道路,60.0,單路部分,直路,路段,一般車道(未劃分快慢車道),柏油,乾燥,無缺陷,無障礙物,無遮蔽物,良好,無號誌,無號誌,中央分向島,寬式(50公分以上),車道線(無標記),未繪設快慢車道分隔線,有,車與車,追撞,駕駛者,恍神、緊張、心不在焉分心駕駛,死亡1;受傷0,2.0,小貨車,營業用,男,30.0,繫安全帶(使用幼童安全椅),未使用,車的狀態,等待(引擎未熄火),汽車,後車尾,,,其他,違規(臨時)停車,否,121.494392,25.121162
2026,4.0,20260402.0,95150.0,A1,屏東縣政府警察局,屏東縣屏東市大豐路88號前,晴,有照明未開啟或故障,市區道路,50.0,交岔路,四岔路,交叉路口,交叉路口內,柏油,乾燥,無缺陷,無障礙物,無遮蔽物,良好,閃光號誌,正常,無,無分向設施,未繪設車道線,未繪設快慢車道分隔線,有,車與車,路口交岔撞,駕駛者,無號誌路口，支線道未讓幹線道先行,死亡1;受傷0,1.0,機車,普通重型,女,78.0,戴半罩式安全帽,未使用,車的狀態,向前直行中,機車與自行車,左側車身,,,駕駛者,無號誌路口，支線道未讓幹線道先行,否,120.473734,22.667718
2026,4.0,20260402.0,95150.0,A1,屏東縣政府警察局,屏東縣屏東市大豐路88號前,晴,有照明未開啟或故障,市區道路,50.0,交岔路,四岔路,交叉路口,交叉路口內,柏油,乾燥,無缺陷,無障礙物,無遮蔽物,良好,閃光號誌,正常,無,無分向設施,未繪設車道線,未繪設快慢車道分隔線,有,車與車,路口交岔撞,駕駛者,無號誌路口，支線道未讓幹線道先行,死亡1;受傷0,2.0,小客車(含客、貨兩用),自用,女,27.0,繫安全帶(使用幼童安全椅),未使用,車的狀態,向前直行中,汽車,前車頭,,,駕駛者,未依規定減速,否,120.473734,22.667718
2026,4.0,20260402.0,110800.0,A1,彰化縣警察局,彰化縣芳苑鄉漢寶村漢溪路產業道路口。,晴,無照明,村里道路,30.0,交岔路,四岔路,交叉路口,交叉路口內,柏油,乾燥,無缺陷,無障礙物,無遮蔽物,良好,無號誌,無號誌,無,無分向設施,未繪設車道線,未繪設快慢車道分隔線,無,車與車,路口交岔撞,駕駛者,其他未依規定讓車,死亡1;受傷0,1.0,機車,普通重型,男,49.0,戴半罩式安全帽,未使用,車的狀態,向前直行中,機車與自行車,右側車身,,,駕駛者,其他未依規定讓車,否,120.395162,23.995912
2026,4.0,20260402.0,110800.0,A1,彰化縣警察局,彰化縣芳苑鄉漢寶村漢溪路產業道路口。,晴,無照明,村里道路,30.0,交岔路,四岔路,交叉路口,交叉路口內,柏油,乾燥,無缺陷,無障礙物,無遮蔽物,良好,無號誌,無號誌,無,無分向設施,未繪設車道線,未繪設快慢車道分隔線,無,車與車,路口交岔撞,駕駛者,其他未依規定讓車,死亡1;受傷0,2.0,小貨車,營業用,男,38.0,不明,不明,車的狀態,向前直行中,汽車,前車頭,,,駕駛者,未依規定減速,否,120.395162,23.995912
2026,4.0,20260402.0,151400.0,A1,屏東縣政府警察局,屏東縣佳冬鄉大平路2-3號前0.0公尺,晴,無照明,鄉道,30.0,單路部分,彎曲路及附近,路段,一般車道(未劃分快慢車道),柏油,乾燥,無缺陷,無障礙物,無遮蔽物,良好,無號誌,無號誌,無,無分向設施,未繪設車道線,未繪設快慢車道分隔線,有,車與車,倒車撞,駕駛者,倒車未依規定,死亡1;受傷0,1.0,小貨車,自用,男,63.0,不明,未使用,車的狀態,倒車,汽車,右後車尾(身),汽車,右後車尾(身),駕駛者,倒車未依規定,否,120.56037,22.409044
2026,4.0,20260402.0,151400.0,A1,屏東縣政府警察局,屏東縣佳冬鄉大平路2-3號前0.0公尺,晴,無照明,鄉道,30.0,單路部分,彎曲路及附近,路段,一般車道(未劃分快慢車道),柏油,乾燥,無缺陷,無障礙物,無遮蔽物,良好,無號誌,無號誌,無,無分向設施,未繪設車道線,未繪設快慢車道分隔線,有,車與車,倒車撞,駕駛者,倒車未依規定,死亡1;受傷0,2.0,機車,普通重型,男,72.0,戴半罩式安全帽,未使用,車的狀態,向前直行中,機車與自行車,左側車身,機車與自行車,左側車身,駕駛者,未依規定減速,否,120.56037,22.409044
2026,4.0,20260402.0,213600.0,A1,新竹縣政府警察局,新竹縣竹北市經國橋往竹北方向(台68匝道出口),陰,有照明且開啟,市區道路,40.0,交岔路,三岔路,交叉路口,交叉路口內,柏油,乾燥,無缺陷,無障礙物,無遮蔽物,良好,閃光號誌,正常,中央分向島,寬式(50公分以上),車道線(無標記),未繪設快慢車道分隔線,有,車與車,其他,駕駛者,其他未依規定讓車,死亡1;受傷0,1.0,小客車(含客、貨兩用),自用,男,19.0,繫安全帶(使用幼童安全椅),未使用,車的狀態,其他,汽車,左前車頭(身),,,駕駛者,其他未依規定讓車,否,121.020397,24.809164
2026,4.0,20260402.0,213600.0,A1,新竹縣政府警察局,新竹縣竹北市經國橋往竹北方向(台68匝道出口),陰,有照明且開啟,市區道路,40.0,交岔路,三岔路,交叉路口,交叉路口內,柏油,乾燥,無缺陷,無障礙物,無遮蔽物,良好,閃光號誌,正常,中央分向島,寬式(50公分以上),車道線(無標記),未繪設快慢車道分隔線,有,車與車,其他,駕駛者,其他未依規定讓車,死亡1;受傷0,2.0,機車,普通重型,女,55.0,戴非半罩式安全帽,未使用,車的狀態,向前直行中,機車與自行車,右側車身,,,駕駛者,恍神、緊張、心不在焉分心駕駛,否,121.020397,24.809164
2026,4.0,20260403.0,23700.0,A1,桃園市政府警察局,桃園市蘆竹區榮安路口 / 桃園市蘆竹區長榮路,雨,有照明未開啟或故障,市區道路,50.0,交岔路,三岔路,交叉路口,交叉路口內,柏油,濕潤,無缺陷,無障礙物,無遮蔽物,良好,行車管制號誌,正常,無,無分向設施,未繪設車道線,未繪設快慢車道分隔線,無,車輛本身,撞護欄(樁),駕駛者,恍神、緊張、心不在焉分心駕駛,死亡1;受傷0,1.0,機車,普通重型,男,25.0,戴半罩式安全帽,未使用,車的狀態,向前直行中,機車與自行車,前車頭,,,駕駛者,恍神、緊張、心不在焉分心駕駛,否,121.287344,25.056649
2026,4.0,20260403.0,23700.0,A1,桃園市政府警察局,桃園市蘆竹區榮安路口 / 桃園市蘆竹區長榮路,雨,有照明未開啟或故障,市區道路,50.0,交岔路,三岔路,交叉路口,交叉路口內,柏油,濕潤,無缺陷,無障礙物,無遮蔽物,良好,行車管制號誌,正常,無,無分向設施,未繪設車道線,未繪設快慢車道分隔線,無,車輛本身,撞護欄(樁),駕駛者,恍神、緊張、心不在焉分心駕駛,死亡1;受傷0,2.0,,,無或物(動物、堆置物),-1.0,,,,,,,,,無(非車輛駕駛人因素),尚未發現肇事因素,否,121.287344,25.056649
2026,4.0,20260403.0,61846.0,A1,桃園市政府警察局,桃園市八德區廣福路656號前0.0公尺,雨,有照明且開啟,市區道路,50.0,交岔路,四岔路,交叉路口,交叉路口內,柏油,濕潤,無缺陷,無障礙物,無遮蔽物,良好,行車管制號誌,正常,無,無分向設施,未繪設車道線,未繪設快慢車道分隔線,無,車與車,側撞,駕駛者,有號誌路口，轉彎車未讓直行車先行,死亡1;受傷1,1.0,機車,普通重型,女,43.0,戴非半罩式安全帽,未使用,車的狀態,左轉彎,機車與自行車,前車頭,,,駕駛者,有號誌路口，轉彎車未讓直行車先行,否,121.283054,24.960509
2026,4.0,20260403.0,61846.0,A1,桃園市政府警察局,桃園市八德區廣福路656號前0.0公尺,雨,有照明且開啟,市區道路,50.0,交岔路,四岔路,交叉路口,交叉路口內,柏油,濕潤,無缺陷,無障礙物,無遮蔽物,良好,行車管制號誌,正常,無,無分向設施,未繪設車道線,未繪設快慢車道分隔線,無,車與車,側撞,駕駛者,有號誌路口，轉彎車未讓直行車先行,死亡1;受傷1,2.0,機車,普通重型,男,29.0,戴非半罩式安全帽,未使用,車的狀態,向前直行中,機車與自行車,前車頭,,,駕駛者,恍神、緊張、心不在焉分心駕駛,否,121.283054,24.960509
2026,4.0,20260403.0,103800.0,A1,高雄市政府警察局,高雄市甲仙區省道台29線33K附近號前0.0公尺,晴,有照明未開啟或故障,市區道路,50.0,單路部分,彎曲路及附近,路段,一般車道(未劃分快慢車道),柏油,乾燥,無缺陷,無障礙物,無遮蔽物,良好,無號誌,無號誌,雙向禁止超車線,附標記,未繪設車道線,未繪設快慢車道分隔線,有,車輛本身,撞護欄(樁),駕駛者,恍神、緊張、心不在焉分心駕駛,死亡1;受傷0,1.0,機車,大型重型1(550C.C.以上),男,29.0,戴非半罩式安全帽,未使用,車的狀態,向前直行中,機車與自行車,右側車身,,,駕駛者,恍神、緊張、心不在焉分心駕駛,否,120.5975,23.09652
2026,4.0,20260403.0,103800.0,A1,高雄市政府警察局,高雄市甲仙區省道台29線33K附近號前0.0公尺,晴,有照明未開啟或故障,市區道路,50.0,單路部分,彎曲路及附近,路段,一般車道(未劃分快慢車道),柏油,乾燥,無缺陷,無障礙物,無遮蔽物,良好,無號誌,無號誌,雙向禁止超車線,附標記,未繪設車道線,未繪設快慢車道分隔線,有,車輛本身,撞護欄(樁),駕駛者,恍神、緊張、心不在焉分心駕駛,死亡1;受傷0,2.0,,,無或物(動物、堆置物),0.0,,,,,,,,,無(非車輛駕駛人因素),尚未發現肇事因素,否,120.5975,23.09652
2026,4.0,20260403.0,110400.0,A1,彰化縣警察局,彰化縣鹿港鎮新宮里泉州街102號前0.0公尺,晴,有照明未開啟或故障,市區道路,50.0,單路部分,直路,路段,一般車道(未劃分快慢車道),柏油,乾燥,無缺陷,無障礙物,無遮蔽物,良好,無號誌,無號誌,雙向禁止超車線,無標記,未繪設車道線,未繪設快慢車道分隔線,有,車與車,追撞,駕駛者,吸食違禁物駕駛,死亡1;受傷0,1.0,小客車(含客、貨兩用),自用,男,60.0,不明,不明,車的狀態,向前直行中,汽車,右前車頭(身),,,駕駛者,吸食違禁物駕駛,是,120.428754,24.058434
2026,4.0,20260403.0,110400.0,A1,彰化縣警察局,彰化縣鹿港鎮新宮里泉州街102號前0.0公尺,晴,有照明未開啟或故障,市區道路,50.0,單路部分,直路,路段,一般車道(未劃分快慢車道),柏油,乾燥,無缺陷,無障礙物,無遮蔽物,良好,無號誌,無號誌,雙向禁止超車線,無標記,未繪設車道線,未繪設快慢車道分隔線,有,車與車,追撞,駕駛者,吸食違禁物駕駛,死亡1;受傷0,2.0,機車,普通重型,女,72.0,戴半罩式安全帽,未使用,車的狀態,向前直行中,機車與自行車,後車尾,,,無(車輛駕駛者因素),尚未發現肇事因素,否,120.428754,24.058434
2026,4.0,20260403.0,110400.0,A1,彰化縣警察局,彰化縣鹿港鎮新宮里泉州街102號前0.0公尺,晴,有照明未開啟或故障,市區道路,50.0,單路部分,直路,路段,一般車道(未劃分快慢車道),柏油,乾燥,無缺陷,無障礙物,無遮蔽物,良好,無號誌,無號誌,雙向禁止超車線,無標記,未繪設車道線,未繪設快慢車道分隔線,有,車與車,追撞,駕駛者,吸食違禁物駕駛,死亡1;受傷0,3.0,小客車(含客、貨兩用),自用,女,63.0,不明,不明,車的狀態,靜止(引擎熄火),汽車,左前車頭(身),,,無(車輛駕駛者因素),尚未發現肇事因素,否,120.428754,24.058434
2026,4.0,20260403.0,131100.0,A1,嘉義市政府警察局,嘉義市西區香湖里世賢路1段 / 嘉義市西區香湖里文化路,晴,有照明未開啟或故障,市區道路,50.0,交岔路,三岔路,交叉路口,交叉口附近,柏油,乾燥,無缺陷,無障礙物,無遮蔽物,良好,行車管制號誌,正常,中央分向島,寬式(50公分以上),車道線(附標記),寬式快慢車道分隔島(50公分以上),無,車與車,追撞,駕駛者,使用手持行動電話,死亡1;受傷0,1.0,機車,普通重型,女,45.0,戴半罩式安全帽,使用手持或有礙駕駛安全,車的狀態,向前直行中,機車與自行車,前車頭,,,駕駛者,使用手持行動電話,否,120.445276,23.495275
2026,4.0,20260403.0,131100.0,A1,嘉義市政府警察局,嘉義市西區香湖里世賢路1段 / 嘉義市西區香湖里文化路,晴,有照明未開啟或故障,市區道路,50.0,交岔路,三岔路,交叉路口,交叉口附近,柏油,乾燥,無缺陷,無障礙物,無遮蔽物,良好,行車管制號誌,正常,中央分向島,寬式(50公分以上),車道線(附標記),寬式快慢車道分隔島(50公分以上),無,車與車,追撞,駕駛者,使用手持行動電話,死亡1;受傷0,2.0,小客車(含客、貨兩用),自用,女,27.0,繫安全帶(使用幼童安全椅),未使用,車的狀態,等待(引擎未熄火),汽車,左側車身,,,無(車輛駕駛者因素),尚未發現肇事因素,否,120.445276,23.495275
2026,4.0,20260403.0,131100.0,A1,嘉義市政府警察局,嘉義市西區香湖里世賢路1段 / 嘉義市西區香湖里文化路,晴,有照明未開啟或故障,市區道路,50.0,交岔路,三岔路,交叉路口,交叉口附近,柏油,乾燥,無缺陷,無障礙物,無遮蔽物,良好,行車管制號誌,正常,中央分向島,寬式(50公分以上),車道線(附標記),寬式快慢車道分隔島(50公分以上),無,車與車,追撞,駕駛者,使用手持行動電話,死亡1;受傷0,3.0,小客車(含客、貨兩用),自用,女,59.0,繫安全帶(使用幼童安全椅),未使用,車的狀態,等待(引擎未熄火),汽車,左側車身,,,無(車輛駕駛者因素),尚未發現肇事因素,是,120.445276,23.495275
2026,4.0,20260403.0,131100.0,A1,嘉義市政府警察局,嘉義市西區香湖里世賢路1段 / 嘉義市西區香湖里文化路,晴,有照明未開啟或故障,市區道路,50.0,交岔路,三岔路,交叉路口,交叉口附近,柏油,乾燥,無缺陷,無障礙物,無遮蔽物,良好,行車管制號誌,正常,中央分向島,寬式(50公分以上),車道線(附標記),寬式快慢車道分隔島(50公分以上),無,車與車,追撞,駕駛者,使用手持行動電話,死亡1;受傷0,4.0,大貨車,自用,男,42.0,繫安全帶(使用幼童安全椅),未使用,車的狀態,等待(引擎未熄火),汽車,後車尾,,,無(車輛駕駛者因素),尚未發現肇事因素,否,120.445276,23.495275
2026,4.0,20260403.0,143200.0,A1,嘉義縣警察局,嘉義縣鹿草鄉鹿東村鹿環東路、安和街路口處,晴,有照明未開啟或故障,鄉道,50.0,交岔路,多岔路,交叉路口,交叉路口內,柏油,乾燥,無缺陷,無障礙物,無遮蔽物,良好,行車管制號誌,正常,無,無分向設施,未繪設車道線,未繪設快慢車道分隔線,無,車與車,側撞,駕駛者,左轉彎未依規定,死亡1;受傷1,1.0,機車,普通重型,男,67.0,戴半罩式安全帽,未使用,車的狀態,左轉彎,機車與自行車,左側車身,,,駕駛者,左轉彎未依規定,否,120.314922,23.413726
2026,4.0,20260403.0,143200.0,A1,嘉義縣警察局,嘉義縣鹿草鄉鹿東村鹿環東路、安和街路口處,晴,有照明未開啟或故障,鄉道,50.0,交岔路,多岔路,交叉路口,交叉路口內,柏油,乾燥,無缺陷,無障礙物,無遮蔽物,良好,行車管制號誌,正常,無,無分向設施,未繪設車道線,未繪設快慢車道分隔線,無,車與車,側撞,駕駛者,左轉彎未依規定,死亡1;受傷1,2.0,小客車(含客、貨兩用),自用,男,77.0,繫安全帶(使用幼童安全椅),未使用,車的狀態,向前直行中,汽車,前車頭,,,駕駛者,閃避不當(慎),否,120.314922,23.413726
2026,4.0,20260403.0,154100.0,A1,臺中市政府警察局,臺中市清水區下湳里中山路 / 臺中市清水區下湳里三田路,晴,有照明且開啟,市區道路,70.0,交岔路,三岔路,交叉路口,交叉路口內,柏油,乾燥,無缺陷,無障礙物,無遮蔽物,良好,行車管制號誌,正常,中央分向島,寬式(50公分以上),車道線(無標記),快慢車道分隔線,有,車與車,其他,駕駛者,左轉彎未依規定,死亡1;受傷0,1.0,機車,普通重型,男,75.0,戴半罩式安全帽,未使用,車的狀態,左轉彎,機車與自行車,後車尾,,,駕駛者,左轉彎未依規定,否,120.585594,24.287694
2026,4.0,20260403.0,154100.0,A1,臺中市政府警察局,臺中市清水區下湳里中山路 / 臺中市清水區下湳里三田路,晴,有照明且開啟,市區道路,70.0,交岔路,三岔路,交叉路口,交叉路口內,柏油,乾燥,無缺陷,無障礙物,無遮蔽物,良好,行車管制號誌,正常,中央分向島,寬式(50公分以上),車道線(無標記),快慢車道分隔線,有,車與車,其他,駕駛者,左轉彎未依規定,死亡1;受傷0,2.0,小客車(含客、貨兩用),自用,男,47.0,繫安全帶(使用幼童安全椅),未使用,車的狀態,向前直行中,汽車,右前車頭(身),,,其他,其他不當駕車行為,否,120.585594,24.287694
2026,4.0,20260403.0,170042.0,A1,臺南市政府警察局,臺南市安南區安明路二段,晴,有照明未開啟或故障,市區道路,70.0,單路部分,直路,路段,快車道,柏油,乾燥,無缺陷,無障礙物,無遮蔽物,良好,無號誌,無號誌,中央分向島,寬式(50公分以上),車道線(無標記),快慢車道分隔線,有,車輛本身,路上翻車、摔倒,駕駛者,患病或服用藥物(疲勞)駕駛,死亡1;受傷0,1.0,機車,普通重型,女,46.0,戴半罩式安全帽,未使用,車的狀態,其他,機車與自行車,左側車身,,,駕駛者,患病或服用藥物(疲勞)駕駛,否,120.159894,23.038258