發生年度,發生月份,發生日期,發生時間,事故類別名稱,處理單位名稱警局層,發生地點,天候名稱,光線名稱,道路類別-第1當事者-名稱,速限-第1當事者,道路型態大類別名稱,道路型態子類別名稱,事故位置大類別名稱,事故位置子類別名稱,路面狀況-路面鋪裝名稱,路面狀況-路面狀態名稱,路面狀況-路面缺陷名稱,道路障礙-障礙物名稱,道路障礙-視距品質名稱,道路障礙-視距名稱,號誌-號誌種類名稱,號誌-號誌動作名稱,車道劃分設施-分向設施大類別名稱,車道劃分設施-分向設施子類別名稱,車道劃分設施-分道設施-快車道或一般車道間名稱,車道劃分設施-分道設施-快慢車道間名稱,車道劃分設施-分道設施-路面邊線名稱,事故類型及型態大類別名稱,事故類型及型態子類別名稱,肇因研判大類別名稱-主要,肇因研判子類別名稱-主要,死亡受傷人數,當事者順位,當事者區分-類別-大類別名稱-車種,當事者區分-類別-子類別名稱-車種,當事者屬-性-別名稱,當事者事故發生時年齡,保護裝備名稱,行動電話或電腦或其他相類功能裝置名稱,當事者行動狀態大類別名稱,當事者行動狀態子類別名稱,車輛撞擊部位大類別名稱-最初,車輛撞擊部位子類別名稱-最初,車輛撞擊部位大類別名稱-其他,車輛撞擊部位子類別名稱-其他,肇因研判大類別名稱-個別,肇因研判子類別名稱-個別,肇事逃逸類別名稱-是否肇逃,經度,緯度
2026,4.0,20260403.0,170042.0,A1,臺南市政府警察局,臺南市安南區安明路二段,晴,有照明未開啟或故障,市區道路,70.0,單路部分,直路,路段,快車道,柏油,乾燥,無缺陷,無障礙物,無遮蔽物,良好,無號誌,無號誌,中央分向島,寬式(50公分以上),車道線(無標記),快慢車道分隔線,有,車輛本身,路上翻車、摔倒,駕駛者,患病或服用藥物(疲勞)駕駛,死亡1;受傷0,2.0,,,無或物(動物、堆置物),-1.0,,,,,,,,,無(非車輛駕駛人因素),尚未發現肇事因素,否,120.159894,23.038258
2026,4.0,20260403.0,170042.0,A1,臺南市政府警察局,臺南市安南區安明路二段,晴,有照明未開啟或故障,市區道路,70.0,單路部分,直路,路段,快車道,柏油,乾燥,無缺陷,無障礙物,無遮蔽物,良好,無號誌,無號誌,中央分向島,寬式(50公分以上),車道線(無標記),快慢車道分隔線,有,車輛本身,路上翻車、摔倒,駕駛者,患病或服用藥物(疲勞)駕駛,死亡1;受傷0,3.0,小客車(含客、貨兩用),自用,男,52.0,繫安全帶(使用幼童安全椅),未使用,車的狀態,向前直行中,汽車,前車頭,,,無(車輛駕駛者因素),尚未發現肇事因素,否,120.159894,23.038258
2026,4.0,20260404.0,65800.0,A1,國道公路警察局,苗栗縣苑裡鎮國道3號 151公里200.0公尺處北向內側,雨,無照明,國道,110.0,單路部分,直路,路段,快車道,柏油,濕潤,無缺陷,無障礙物,無遮蔽物,良好,無號誌,無號誌,中央分向島,寬式(50公分以上),車道線(附標記),未繪設快慢車道分隔線,有,車輛本身,撞護欄(樁),駕駛者,超速駕駛,死亡2;受傷1,1.0,小客車(含客、貨兩用),自用,女,38.0,繫安全帶(使用幼童安全椅),未使用,車的狀態,向前直行中,汽車,左前車頭(身),汽車,右側車身,駕駛者,超速駕駛,否,120.679955,24.421776
2026,4.0,20260404.0,65800.0,A1,國道公路警察局,苗栗縣苑裡鎮國道3號 151公里200.0公尺處北向內側,雨,無照明,國道,110.0,單路部分,直路,路段,快車道,柏油,濕潤,無缺陷,無障礙物,無遮蔽物,良好,無號誌,無號誌,中央分向島,寬式(50公分以上),車道線(附標記),未繪設快慢車道分隔線,有,車輛本身,撞護欄(樁),駕駛者,超速駕駛,死亡2;受傷1,2.0,,,無或物(動物、堆置物),-1.0,,,,,,,,,無(非車輛駕駛人因素),尚未發現肇事因素,否,120.679955,24.421776
2026,4.0,20260404.0,65800.0,A1,國道公路警察局,苗栗縣苑裡鎮國道3號 151公里200.0公尺處北向內側,雨,無照明,國道,110.0,單路部分,直路,路段,快車道,柏油,濕潤,無缺陷,無障礙物,無遮蔽物,良好,無號誌,無號誌,中央分向島,寬式(50公分以上),車道線(附標記),未繪設快慢車道分隔線,有,車輛本身,撞護欄(樁),駕駛者,超速駕駛,死亡2;受傷1,3.0,,,無或物(動物、堆置物),-1.0,,,,,,,,,無(非車輛駕駛人因素),尚未發現肇事因素,否,120.679955,24.421776
2026,4.0,20260404.0,65800.0,A1,國道公路警察局,苗栗縣苑裡鎮國道3號 151公里200.0公尺處北向內側,雨,無照明,國道,110.0,單路部分,直路,路段,快車道,柏油,濕潤,無缺陷,無障礙物,無遮蔽物,良好,無號誌,無號誌,中央分向島,寬式(50公分以上),車道線(附標記),未繪設快慢車道分隔線,有,車輛本身,撞護欄(樁),駕駛者,超速駕駛,死亡2;受傷1,4.0,人,乘客,女,57.0,繫安全帶(使用幼童安全椅),非駕駛人,人的狀態,其他,其他,非汽、機及自行車,,,無(非車輛駕駛人因素),尚未發現肇事因素,否,120.679955,24.421776
2026,4.0,20260404.0,65800.0,A1,國道公路警察局,苗栗縣苑裡鎮國道3號 151公里200.0公尺處北向內側,雨,無照明,國道,110.0,單路部分,直路,路段,快車道,柏油,濕潤,無缺陷,無障礙物,無遮蔽物,良好,無號誌,無號誌,中央分向島,寬式(50公分以上),車道線(附標記),未繪設快慢車道分隔線,有,車輛本身,撞護欄(樁),駕駛者,超速駕駛,死亡2;受傷1,5.0,人,乘客,女,39.0,未戴安全帽或未繫安全帶(未使用幼童安全椅),非駕駛人,人的狀態,其他,其他,非汽、機及自行車,,,無(非車輛駕駛人因素),尚未發現肇事因素,否,120.679955,24.421776
2026,4.0,20260404.0,105023.0,A1,桃園市政府警察局,桃園市大溪區埔頂路二段372號前0.0公尺,陰,有照明未開啟或故障,市區道路,50.0,單路部分,直路,路段,一般車道(未劃分快慢車道),柏油,濕潤,無缺陷,無障礙物,無遮蔽物,良好,無號誌,無號誌,雙向禁止超車線,無標記,車道線(無標記),未繪設快慢車道分隔線,有,車與車,追撞,駕駛者,恍神、緊張、心不在焉分心駕駛,死亡1;受傷0,1.0,機車,普通重型,女,55.0,戴半罩式安全帽,未使用,車的狀態,向前直行中,機車與自行車,前車頭,,,駕駛者,恍神、緊張、心不在焉分心駕駛,否,121.281105,24.915445
2026,4.0,20260404.0,105023.0,A1,桃園市政府警察局,桃園市大溪區埔頂路二段372號前0.0公尺,陰,有照明未開啟或故障,市區道路,50.0,單路部分,直路,路段,一般車道(未劃分快慢車道),柏油,濕潤,無缺陷,無障礙物,無遮蔽物,良好,無號誌,無號誌,雙向禁止超車線,無標記,車道線(無標記),未繪設快慢車道分隔線,有,車與車,追撞,駕駛者,恍神、緊張、心不在焉分心駕駛,死亡1;受傷0,2.0,小客車(含客、貨兩用),自用,男,61.0,不明,未使用,車的狀態,靜止(引擎熄火),汽車,左後車尾(身),,,其他,違規(臨時)停車,否,121.281105,24.915445
2026,4.0,20260405.0,163500.0,A1,臺中市政府警察局,臺中市大雅區橫山里中山一路27號前0.0公尺,晴,有照明未開啟或故障,市區道路,30.0,單路部分,直路,路段,一般車道(未劃分快慢車道),柏油,乾燥,無缺陷,無障礙物,無遮蔽物,良好,無號誌,無號誌,無,無分向設施,未繪設車道線,未繪設快慢車道分隔線,有,人與車,同向通行中,駕駛者,吸食違禁物駕駛,死亡1;受傷1,1.0,小貨車,自用,男,49.0,繫安全帶(使用幼童安全椅),未使用,車的狀態,向前直行中,汽車,右前車頭(身),,,駕駛者,吸食違禁物駕駛,是,120.641363,24.204414
2026,4.0,20260405.0,163500.0,A1,臺中市政府警察局,臺中市大雅區橫山里中山一路27號前0.0公尺,晴,有照明未開啟或故障,市區道路,30.0,單路部分,直路,路段,一般車道(未劃分快慢車道),柏油,乾燥,無缺陷,無障礙物,無遮蔽物,良好,無號誌,無號誌,無,無分向設施,未繪設車道線,未繪設快慢車道分隔線,有,人與車,同向通行中,駕駛者,吸食違禁物駕駛,死亡1;受傷1,2.0,人,行人,男,48.0,其他(無需使用保護裝備之人),非駕駛人,人的狀態,步行,其他,非汽、機及自行車,,,無(非車輛駕駛人因素),尚未發現肇事因素,否,120.641363,24.204414
2026,4.0,20260405.0,163500.0,A1,臺中市政府警察局,臺中市大雅區橫山里中山一路27號前0.0公尺,晴,有照明未開啟或故障,市區道路,30.0,單路部分,直路,路段,一般車道(未劃分快慢車道),柏油,乾燥,無缺陷,無障礙物,無遮蔽物,良好,無號誌,無號誌,無,無分向設施,未繪設車道線,未繪設快慢車道分隔線,有,人與車,同向通行中,駕駛者,吸食違禁物駕駛,死亡1;受傷1,3.0,人,行人,男,34.0,其他(無需使用保護裝備之人),非駕駛人,人的狀態,步行,其他,非汽、機及自行車,,,無(非車輛駕駛人因素),尚未發現肇事因素,否,120.641363,24.204414
2026,4.0,20260405.0,193100.0,A1,高雄市政府警察局,高雄市鼓山區村中華一路 / 高雄市鼓山區美術東五路,陰,有照明且開啟,市區道路,60.0,交岔路,四岔路,交叉路口,交叉路口內,柏油,濕潤,無缺陷,無障礙物,無遮蔽物,良好,行車管制號誌,正常,中央分向島,寬式(50公分以上),車道線(無標記),寬式快慢車道分隔島(50公分以上),無,車與車,側撞,駕駛者,右轉彎未依規定,死亡1;受傷1,1.0,小客車(含客、貨兩用),自用,男,73.0,繫安全帶(使用幼童安全椅),未使用,車的狀態,右轉彎,汽車,右後車尾(身),,,駕駛者,右轉彎未依規定,否,120.292151,22.65901
2026,4.0,20260405.0,193100.0,A1,高雄市政府警察局,高雄市鼓山區村中華一路 / 高雄市鼓山區美術東五路,陰,有照明且開啟,市區道路,60.0,交岔路,四岔路,交叉路口,交叉路口內,柏油,濕潤,無缺陷,無障礙物,無遮蔽物,良好,行車管制號誌,正常,中央分向島,寬式(50公分以上),車道線(無標記),寬式快慢車道分隔島(50公分以上),無,車與車,側撞,駕駛者,右轉彎未依規定,死亡1;受傷1,2.0,機車,普通重型,男,18.0,不明,不明,車的狀態,向前直行中,其他,不明,,,駕駛者,超速駕駛,否,120.292151,22.65901
2026,4.0,20260405.0,193100.0,A1,高雄市政府警察局,高雄市鼓山區村中華一路 / 高雄市鼓山區美術東五路,陰,有照明且開啟,市區道路,60.0,交岔路,四岔路,交叉路口,交叉路口內,柏油,濕潤,無缺陷,無障礙物,無遮蔽物,良好,行車管制號誌,正常,中央分向島,寬式(50公分以上),車道線(無標記),寬式快慢車道分隔島(50公分以上),無,車與車,側撞,駕駛者,右轉彎未依規定,死亡1;受傷1,3.0,人,乘客,女,73.0,繫安全帶(使用幼童安全椅),非駕駛人,人的狀態,其他,其他,非汽、機及自行車,,,無(非車輛駕駛人因素),尚未發現肇事因素,否,120.292151,22.65901
2026,4.0,20260405.0,225300.0,A1,桃園市政府警察局,桃園市平鎮區金陵路七段9號附近,霧或煙,有照明未開啟或故障,市區道路,50.0,交岔路,四岔路,交叉路口,交叉路口內,柏油,濕潤,無缺陷,無障礙物,無遮蔽物,良好,行車管制號誌,不正常,無,無分向設施,未繪設車道線,未繪設快慢車道分隔線,無,車與車,路口交岔撞,駕駛者,闖紅燈直行,死亡1;受傷1,1.0,機車,普通重型,男,46.0,戴半罩式安全帽,未使用,車的狀態,向前直行中,機車與自行車,前車頭,,,駕駛者,闖紅燈直行,否,121.232573,24.903451
2026,4.0,20260405.0,225300.0,A1,桃園市政府警察局,桃園市平鎮區金陵路七段9號附近,霧或煙,有照明未開啟或故障,市區道路,50.0,交岔路,四岔路,交叉路口,交叉路口內,柏油,濕潤,無缺陷,無障礙物,無遮蔽物,良好,行車管制號誌,不正常,無,無分向設施,未繪設車道線,未繪設快慢車道分隔線,無,車與車,路口交岔撞,駕駛者,闖紅燈直行,死亡1;受傷1,2.0,小客車(含客、貨兩用),自用,男,33.0,繫安全帶(使用幼童安全椅),未使用,車的狀態,向前直行中,汽車,左側車身,,,無(車輛駕駛者因素),尚未發現肇事因素,否,121.232573,24.903451
2026,4.0,20260406.0,22300.0,A1,南投縣政府警察局,南投縣埔里鎮麒麟里中正路口 / 南投縣埔里鎮麒麟里中正路口,雨,有照明且開啟,村里道路,50.0,交岔路,三岔路,交叉路口,交叉路口內,柏油,濕潤,無缺陷,無障礙物,無遮蔽物,良好,無號誌,無號誌,無,無分向設施,未繪設車道線,未繪設快慢車道分隔線,有,車與車,其他,其他,其他不當駕車行為,死亡1;受傷0,1.0,機車,普通重型,女,19.0,戴非半罩式安全帽,未使用,車的狀態,向前直行中,機車與自行車,後車尾,,,其他,其他不當駕車行為,否,120.985892,23.935918
2026,4.0,20260406.0,22300.0,A1,南投縣政府警察局,南投縣埔里鎮麒麟里中正路口 / 南投縣埔里鎮麒麟里中正路口,雨,有照明且開啟,村里道路,50.0,交岔路,三岔路,交叉路口,交叉路口內,柏油,濕潤,無缺陷,無障礙物,無遮蔽物,良好,無號誌,無號誌,無,無分向設施,未繪設車道線,未繪設快慢車道分隔線,有,車與車,其他,其他,其他不當駕車行為,死亡1;受傷0,2.0,曳引車,營業用,男,34.0,不明,不明,車的狀態,向前直行中,汽車,左後車尾(身),,,無(車輛駕駛者因素),尚未發現肇事因素,否,120.985892,23.935918
2026,4.0,20260406.0,63300.0,A1,新北市政府警察局,新北市泰山區新北大道 / 新北市泰山區台麗街,雨,有照明未開啟或故障,市區道路,0.0,圓環廣場,其他,其他,人行道,柏油,濕潤,無缺陷,無障礙物,無遮蔽物,良好,無號誌,無號誌,無,無分向設施,未繪設車道線,未繪設快慢車道分隔線,無,人與車,其他,駕駛者,未依規定減速,死亡1;受傷2,1.0,大客車,營業用,男,26.0,繫安全帶(使用幼童安全椅),未使用,車的狀態,向前直行中,汽車,前車頭,,,駕駛者,未依規定減速,否,121.427169,25.036947
2026,4.0,20260406.0,63300.0,A1,新北市政府警察局,新北市泰山區新北大道 / 新北市泰山區台麗街,雨,有照明未開啟或故障,市區道路,0.0,圓環廣場,其他,其他,人行道,柏油,濕潤,無缺陷,無障礙物,無遮蔽物,良好,無號誌,無號誌,無,無分向設施,未繪設車道線,未繪設快慢車道分隔線,無,人與車,其他,駕駛者,未依規定減速,死亡1;受傷2,2.0,人,行人,男,35.0,其他(無需使用保護裝備之人),非駕駛人,人的狀態,步行,其他,非汽、機及自行車,,,無(非車輛駕駛人因素),尚未發現肇事因素,否,121.427169,25.036947
2026,4.0,20260406.0,63300.0,A1,新北市政府警察局,新北市泰山區新北大道 / 新北市泰山區台麗街,雨,有照明未開啟或故障,市區道路,0.0,圓環廣場,其他,其他,人行道,柏油,濕潤,無缺陷,無障礙物,無遮蔽物,良好,無號誌,無號誌,無,無分向設施,未繪設車道線,未繪設快慢車道分隔線,無,人與車,其他,駕駛者,未依規定減速,死亡1;受傷2,3.0,人,其他人,女,47.0,其他(無需使用保護裝備之人),非駕駛人,人的狀態,其他,其他,非汽、機及自行車,,,無(非車輛駕駛人因素),尚未發現肇事因素,否,121.427169,25.036947
2026,4.0,20260406.0,63300.0,A1,新北市政府警察局,新北市泰山區新北大道 / 新北市泰山區台麗街,雨,有照明未開啟或故障,市區道路,0.0,圓環廣場,其他,其他,人行道,柏油,濕潤,無缺陷,無障礙物,無遮蔽物,良好,無號誌,無號誌,無,無分向設施,未繪設車道線,未繪設快慢車道分隔線,無,人與車,其他,駕駛者,未依規定減速,死亡1;受傷2,4.0,人,其他人,男,41.0,其他(無需使用保護裝備之人),非駕駛人,不明,不明,其他,非汽、機及自行車,,,無(非車輛駕駛人因素),尚未發現肇事因素,否,121.427169,25.036947
2026,4.0,20260406.0,63300.0,A1,新北市政府警察局,新北市泰山區新北大道 / 新北市泰山區台麗街,雨,有照明未開啟或故障,市區道路,0.0,圓環廣場,其他,其他,人行道,柏油,濕潤,無缺陷,無障礙物,無遮蔽物,良好,無號誌,無號誌,無,無分向設施,未繪設車道線,未繪設快慢車道分隔線,無,人與車,其他,駕駛者,未依規定減速,死亡1;受傷2,5.0,人,其他人,男,42.0,其他(無需使用保護裝備之人),非駕駛人,不明,不明,其他,非汽、機及自行車,,,無(非車輛駕駛人因素),尚未發現肇事因素,否,121.427169,25.036947
2026,4.0,20260406.0,63300.0,A1,新北市政府警察局,新北市泰山區新北大道 / 新北市泰山區台麗街,雨,有照明未開啟或故障,市區道路,0.0,圓環廣場,其他,其他,人行道,柏油,濕潤,無缺陷,無障礙物,無遮蔽物,良好,無號誌,無號誌,無,無分向設施,未繪設車道線,未繪設快慢車道分隔線,無,人與車,其他,駕駛者,未依規定減速,死亡1;受傷2,6.0,小客車(含客、貨兩用),自用,男,63.0,不明,不明,車的狀態,靜止(引擎熄火),汽車,右前車頭(身),,,無(車輛駕駛者因素),尚未發現肇事因素,否,121.427169,25.036947
2026,4.0,20260406.0,63300.0,A1,新北市政府警察局,新北市泰山區新北大道 / 新北市泰山區台麗街,雨,有照明未開啟或故障,市區道路,0.0,圓環廣場,其他,其他,人行道,柏油,濕潤,無缺陷,無障礙物,無遮蔽物,良好,無號誌,無號誌,無,無分向設施,未繪設車道線,未繪設快慢車道分隔線,無,人與車,其他,駕駛者,未依規定減速,死亡1;受傷2,7.0,人,其他人,女,55.0,其他(無需使用保護裝備之人),非駕駛人,不明,不明,其他,非汽、機及自行車,,,無(非車輛駕駛人因素),尚未發現肇事因素,否,121.427169,25.036947
2026,4.0,20260406.0,64600.0,A1,高雄市政府警察局,高雄市仁武區村水管路 / 高雄市仁武區仁祥街,陰,有照明且開啟,市區道路,50.0,交岔路,四岔路,交叉路口,交叉路口內,柏油,乾燥,無缺陷,無障礙物,無遮蔽物,良好,行車管制號誌,正常,中央分向島,寬式(50公分以上),車道線(無標記),寬式快慢車道分隔島(50公分以上),無,車與車,同向擦撞,駕駛者,變換車道不當,死亡1;受傷0,1.0,小客車(含客、貨兩用),自用,男,58.0,繫安全帶(使用幼童安全椅),未使用,車的狀態,向右變換車道,汽車,右後車尾(身),,,駕駛者,變換車道不當,否,120.345282,22.705903
2026,4.0,20260406.0,64600.0,A1,高雄市政府警察局,高雄市仁武區村水管路 / 高雄市仁武區仁祥街,陰,有照明且開啟,市區道路,50.0,交岔路,四岔路,交叉路口,交叉路口內,柏油,乾燥,無缺陷,無障礙物,無遮蔽物,良好,行車管制號誌,正常,中央分向島,寬式(50公分以上),車道線(無標記),寬式快慢車道分隔島(50公分以上),無,車與車,同向擦撞,駕駛者,變換車道不當,死亡1;受傷0,2.0,機車,普通重型,男,20.0,戴半罩式安全帽,不明,車的狀態,向前直行中,機車與自行車,前車頭,,,駕駛者,超速駕駛,否,120.345282,22.705903
2026,4.0,20260406.0,183600.0,A1,新北市政府警察局,新北市樹林區八德街372號前0.0公尺,晴,有照明且開啟,市區道路,40.0,單路部分,彎曲路及附近,路段,路肩、路緣,柏油,乾燥,無缺陷,無障礙物,無遮蔽物,良好,無號誌,無號誌,雙向禁止超車線,無標記,未繪設車道線,未繪設快慢車道分隔線,無,車輛本身,撞號誌、標誌桿,駕駛者,未依規定減速,死亡1;受傷0,1.0,機車,普通重型,男,52.0,戴非半罩式安全帽,未使用,車的狀態,向前直行中,機車與自行車,右側車身,,,駕駛者,未依規定減速,否,121.407597,24.969612
2026,4.0,20260406.0,183600.0,A1,新北市政府警察局,新北市樹林區八德街372號前0.0公尺,晴,有照明且開啟,市區道路,40.0,單路部分,彎曲路及附近,路段,路肩、路緣,柏油,乾燥,無缺陷,無障礙物,無遮蔽物,良好,無號誌,無號誌,雙向禁止超車線,無標記,未繪設車道線,未繪設快慢車道分隔線,無,車輛本身,撞號誌、標誌桿,駕駛者,未依規定減速,死亡1;受傷0,2.0,,,無或物(動物、堆置物),0.0,,,,,,,,,無(非車輛駕駛人因素),尚未發現肇事因素,否,121.407597,24.969612
2026,4.0,20260407.0,52600.0,A1,屏東縣政府警察局,屏東縣高樹鄉公平路19號(田子國小前),晴,有照明且開啟,省道,50.0,單路部分,直路,路段,路肩、路緣,柏油,乾燥,無缺陷,無障礙物,無遮蔽物,良好,無號誌,無號誌,雙向禁止超車線,無標記,未繪設車道線,未繪設快慢車道分隔線,有,車與車,追撞,駕駛者,恍神、緊張、心不在焉分心駕駛,死亡1;受傷1,1.0,機車,普通重型,男,38.0,戴半罩式安全帽,未使用,車的狀態,向前直行中,機車與自行車,前車頭,機車與自行車,前車頭,駕駛者,恍神、緊張、心不在焉分心駕駛,否,120.576736,22.802487
2026,4.0,20260407.0,52600.0,A1,屏東縣政府警察局,屏東縣高樹鄉公平路19號(田子國小前),晴,有照明且開啟,省道,50.0,單路部分,直路,路段,路肩、路緣,柏油,乾燥,無缺陷,無障礙物,無遮蔽物,良好,無號誌,無號誌,雙向禁止超車線,無標記,未繪設車道線,未繪設快慢車道分隔線,有,車與車,追撞,駕駛者,恍神、緊張、心不在焉分心駕駛,死亡1;受傷1,2.0,慢車,腳踏自行車,男,73.0,其他(無需使用保護裝備之人),未使用,車的狀態,向前直行中,機車與自行車,後車尾,機車與自行車,後車尾,無(車輛駕駛者因素),尚未發現肇事因素,否,120.576736,22.802487
2026,4.0,20260407.0,82500.0,A1,南投縣政府警察局,南投縣竹山鎮產業運輸大道水底寮枝65號電桿前,陰,有照明未開啟或故障,鄉道,40.0,單路部分,直路,路段,一般車道(未劃分快慢車道),柏油,乾燥,無缺陷,無障礙物,無遮蔽物,良好,無號誌,無號誌,雙向禁止超車線,無標記,未繪設車道線,未繪設快慢車道分隔線,有,車與車,對向擦撞,駕駛者,違反其他標誌(線)禁制,死亡1;受傷3,1.0,半聯結車,自用,男,46.0,繫安全帶(使用幼童安全椅),未使用,車的狀態,向前直行中,汽車,左前車頭(身),汽車,右前車頭(身),駕駛者,違反其他標誌(線)禁制,否,120.700291,23.801849
2026,4.0,20260407.0,82500.0,A1,南投縣政府警察局,南投縣竹山鎮產業運輸大道水底寮枝65號電桿前,陰,有照明未開啟或故障,鄉道,40.0,單路部分,直路,路段,一般車道(未劃分快慢車道),柏油,乾燥,無缺陷,無障礙物,無遮蔽物,良好,無號誌,無號誌,雙向禁止超車線,無標記,未繪設車道線,未繪設快慢車道分隔線,有,車與車,對向擦撞,駕駛者,違反其他標誌(線)禁制,死亡1;受傷3,2.0,小貨車,自用,男,48.0,繫安全帶(使用幼童安全椅),未使用,車的狀態,向前直行中,汽車,左前車頭(身),,,無(車輛駕駛者因素),尚未發現肇事因素,否,120.700291,23.801849
2026,4.0,20260407.0,82500.0,A1,南投縣政府警察局,南投縣竹山鎮產業運輸大道水底寮枝65號電桿前,陰,有照明未開啟或故障,鄉道,40.0,單路部分,直路,路段,一般車道(未劃分快慢車道),柏油,乾燥,無缺陷,無障礙物,無遮蔽物,良好,無號誌,無號誌,雙向禁止超車線,無標記,未繪設車道線,未繪設快慢車道分隔線,有,車與車,對向擦撞,駕駛者,違反其他標誌(線)禁制,死亡1;受傷3,3.0,小客車(含客、貨兩用),自用,女,61.0,繫安全帶(使用幼童安全椅),未使用,車的狀態,向前直行中,汽車,右前車頭(身),汽車,右側車身,無(車輛駕駛者因素),尚未發現肇事因素,否,120.700291,23.801849
2026,4.0,20260407.0,82500.0,A1,南投縣政府警察局,南投縣竹山鎮產業運輸大道水底寮枝65號電桿前,陰,有照明未開啟或故障,鄉道,40.0,單路部分,直路,路段,一般車道(未劃分快慢車道),柏油,乾燥,無缺陷,無障礙物,無遮蔽物,良好,無號誌,無號誌,雙向禁止超車線,無標記,未繪設車道線,未繪設快慢車道分隔線,有,車與車,對向擦撞,駕駛者,違反其他標誌(線)禁制,死亡1;受傷3,4.0,半聯結車,營業用,男,51.0,繫安全帶(使用幼童安全椅),未使用,車的狀態,向前直行中,汽車,右前車頭(身),,,無(車輛駕駛者因素),尚未發現肇事因素,否,120.700291,23.801849
2026,4.0,20260407.0,142600.0,A1,彰化縣警察局,彰化縣埔鹽鄉永新路2段與新樂橋口,雨,無照明,村里道路,50.0,交岔路,四岔路,交叉路口,交叉路口內,柏油,濕潤,無缺陷,無障礙物,有遮蔽物,路上停放車輛,無號誌,無號誌,無,無分向設施,未繪設車道線,未繪設快慢車道分隔線,無,車與車,路口交岔撞,駕駛者,無號誌路口，左方車未讓右方車先行,死亡1;受傷0,1.0,機車,普通重型,男,66.0,戴半罩式安全帽,未使用,車的狀態,向前直行中,機車與自行車,前車頭,,,駕駛者,無號誌路口，左方車未讓右方車先行,否,120.440739,23.995956
2026,4.0,20260407.0,142600.0,A1,彰化縣警察局,彰化縣埔鹽鄉永新路2段與新樂橋口,雨,無照明,村里道路,50.0,交岔路,四岔路,交叉路口,交叉路口內,柏油,濕潤,無缺陷,無障礙物,有遮蔽物,路上停放車輛,無號誌,無號誌,無,無分向設施,未繪設車道線,未繪設快慢車道分隔線,無,車與車,路口交岔撞,駕駛者,無號誌路口，左方車未讓右方車先行,死亡1;受傷0,2.0,小客車(含客、貨兩用),自用,男,25.0,繫安全帶(使用幼童安全椅),未使用,車的狀態,向前直行中,汽車,左側車身,,,駕駛者,未依規定減速,否,120.440739,23.995956
2026,4.0,20260407.0,143900.0,A1,國道公路警察局,臺北市內湖區國道1號 15公里500.0公尺處北,雨,有照明未開啟或故障,國道,100.0,單路部分,直路,路段,快車道,柏油,濕潤,無缺陷,無障礙物,無遮蔽物,良好,無號誌,無號誌,中央分向島,寬式(50公分以上),車道線(附標記),未繪設快慢車道分隔線,有,車與車,同向擦撞,駕駛者,未保持行車安全距離,死亡1;受傷6,1.0,小貨車,營業用,男,62.0,未戴安全帽或未繫安全帶(未使用幼童安全椅),不明,車的狀態,急減速或急停止,汽車,左前車頭(身),汽車,右側車身,駕駛者,未保持行車安全距離,否,121.594627,25.064153
2026,4.0,20260407.0,143900.0,A1,國道公路警察局,臺北市內湖區國道1號 15公里500.0公尺處北,雨,有照明未開啟或故障,國道,100.0,單路部分,直路,路段,快車道,柏油,濕潤,無缺陷,無障礙物,無遮蔽物,良好,無號誌,無號誌,中央分向島,寬式(50公分以上),車道線(附標記),未繪設快慢車道分隔線,有,車與車,同向擦撞,駕駛者,未保持行車安全距離,死亡1;受傷6,2.0,大貨車,營業用,男,32.0,繫安全帶(使用幼童安全椅),未使用,車的狀態,向前直行中,汽車,右前車頭(身),汽車,右側車身,無(車輛駕駛者因素),尚未發現肇事因素,否,121.594627,25.064153
2026,4.0,20260407.0,143900.0,A1,國道公路警察局,臺北市內湖區國道1號 15公里500.0公尺處北,雨,有照明未開啟或故障,國道,100.0,單路部分,直路,路段,快車道,柏油,濕潤,無缺陷,無障礙物,無遮蔽物,良好,無號誌,無號誌,中央分向島,寬式(50公分以上),車道線(附標記),未繪設快慢車道分隔線,有,車與車,同向擦撞,駕駛者,未保持行車安全距離,死亡1;受傷6,3.0,小客車(含客、貨兩用),計程車,男,41.0,繫安全帶(使用幼童安全椅),未使用,車的狀態,等待(引擎未熄火),汽車,後車尾,,,無(車輛駕駛者因素),尚未發現肇事因素,否,121.594627,25.064153
2026,4.0,20260407.0,143900.0,A1,國道公路警察局,臺北市內湖區國道1號 15公里500.0公尺處北,雨,有照明未開啟或故障,國道,100.0,單路部分,直路,路段,快車道,柏油,濕潤,無缺陷,無障礙物,無遮蔽物,良好,無號誌,無號誌,中央分向島,寬式(50公分以上),車道線(附標記),未繪設快慢車道分隔線,有,車與車,同向擦撞,駕駛者,未保持行車安全距離,死亡1;受傷6,4.0,小客車(含客、貨兩用),租賃車,男,25.0,繫安全帶(使用幼童安全椅),未使用,車的狀態,向前直行中,汽車,左側車身,汽車,右前車頭(身),無(車輛駕駛者因素),尚未發現肇事因素,否,121.594627,25.064153