發生年度,發生月份,發生日期,發生時間,事故類別名稱,處理單位名稱警局層,發生地點,天候名稱,光線名稱,道路類別-第1當事者-名稱,速限-第1當事者,道路型態大類別名稱,道路型態子類別名稱,事故位置大類別名稱,事故位置子類別名稱,路面狀況-路面鋪裝名稱,路面狀況-路面狀態名稱,路面狀況-路面缺陷名稱,道路障礙-障礙物名稱,道路障礙-視距品質名稱,道路障礙-視距名稱,號誌-號誌種類名稱,號誌-號誌動作名稱,車道劃分設施-分向設施大類別名稱,車道劃分設施-分向設施子類別名稱,車道劃分設施-分道設施-快車道或一般車道間名稱,車道劃分設施-分道設施-快慢車道間名稱,車道劃分設施-分道設施-路面邊線名稱,事故類型及型態大類別名稱,事故類型及型態子類別名稱,肇因研判大類別名稱-主要,肇因研判子類別名稱-主要,死亡受傷人數,當事者順位,當事者區分-類別-大類別名稱-車種,當事者區分-類別-子類別名稱-車種,當事者屬-性-別名稱,當事者事故發生時年齡,保護裝備名稱,行動電話或電腦或其他相類功能裝置名稱,當事者行動狀態大類別名稱,當事者行動狀態子類別名稱,車輛撞擊部位大類別名稱-最初,車輛撞擊部位子類別名稱-最初,車輛撞擊部位大類別名稱-其他,車輛撞擊部位子類別名稱-其他,肇因研判大類別名稱-個別,肇因研判子類別名稱-個別,肇事逃逸類別名稱-是否肇逃,經度,緯度
2026,4.0,20260407.0,143900.0,A1,國道公路警察局,臺北市內湖區國道1號 15公里500.0公尺處北,雨,有照明未開啟或故障,國道,100.0,單路部分,直路,路段,快車道,柏油,濕潤,無缺陷,無障礙物,無遮蔽物,良好,無號誌,無號誌,中央分向島,寬式(50公分以上),車道線(附標記),未繪設快慢車道分隔線,有,車與車,同向擦撞,駕駛者,未保持行車安全距離,死亡1;受傷6,5.0,小客車(含客、貨兩用),租賃車,男,42.0,繫安全帶(使用幼童安全椅),未使用,車的狀態,等待(引擎未熄火),汽車,後車尾,汽車,右後車尾(身),無(車輛駕駛者因素),尚未發現肇事因素,否,121.594627,25.064153
2026,4.0,20260407.0,143900.0,A1,國道公路警察局,臺北市內湖區國道1號 15公里500.0公尺處北,雨,有照明未開啟或故障,國道,100.0,單路部分,直路,路段,快車道,柏油,濕潤,無缺陷,無障礙物,無遮蔽物,良好,無號誌,無號誌,中央分向島,寬式(50公分以上),車道線(附標記),未繪設快慢車道分隔線,有,車與車,同向擦撞,駕駛者,未保持行車安全距離,死亡1;受傷6,6.0,小客車(含客、貨兩用),自用,男,60.0,繫安全帶(使用幼童安全椅),未使用,車的狀態,向前直行中,汽車,後車尾,,,無(車輛駕駛者因素),尚未發現肇事因素,否,121.594627,25.064153
2026,4.0,20260407.0,143900.0,A1,國道公路警察局,臺北市內湖區國道1號 15公里500.0公尺處北,雨,有照明未開啟或故障,國道,100.0,單路部分,直路,路段,快車道,柏油,濕潤,無缺陷,無障礙物,無遮蔽物,良好,無號誌,無號誌,中央分向島,寬式(50公分以上),車道線(附標記),未繪設快慢車道分隔線,有,車與車,同向擦撞,駕駛者,未保持行車安全距離,死亡1;受傷6,7.0,,,無或物(動物、堆置物),-1.0,,,,,,,,,無(非車輛駕駛人因素),尚未發現肇事因素,否,121.594627,25.064153
2026,4.0,20260407.0,143900.0,A1,國道公路警察局,臺北市內湖區國道1號 15公里500.0公尺處北,雨,有照明未開啟或故障,國道,100.0,單路部分,直路,路段,快車道,柏油,濕潤,無缺陷,無障礙物,無遮蔽物,良好,無號誌,無號誌,中央分向島,寬式(50公分以上),車道線(附標記),未繪設快慢車道分隔線,有,車與車,同向擦撞,駕駛者,未保持行車安全距離,死亡1;受傷6,8.0,人,乘客,男,24.0,繫安全帶(使用幼童安全椅),非駕駛人,人的狀態,其他,其他,非汽、機及自行車,,,無(非車輛駕駛人因素),尚未發現肇事因素,否,121.594627,25.064153
2026,4.0,20260407.0,143900.0,A1,國道公路警察局,臺北市內湖區國道1號 15公里500.0公尺處北,雨,有照明未開啟或故障,國道,100.0,單路部分,直路,路段,快車道,柏油,濕潤,無缺陷,無障礙物,無遮蔽物,良好,無號誌,無號誌,中央分向島,寬式(50公分以上),車道線(附標記),未繪設快慢車道分隔線,有,車與車,同向擦撞,駕駛者,未保持行車安全距離,死亡1;受傷6,9.0,人,乘客,女,25.0,繫安全帶(使用幼童安全椅),非駕駛人,人的狀態,其他,其他,非汽、機及自行車,,,無(非車輛駕駛人因素),尚未發現肇事因素,否,121.594627,25.064153
2026,4.0,20260407.0,143900.0,A1,國道公路警察局,臺北市內湖區國道1號 15公里500.0公尺處北,雨,有照明未開啟或故障,國道,100.0,單路部分,直路,路段,快車道,柏油,濕潤,無缺陷,無障礙物,無遮蔽物,良好,無號誌,無號誌,中央分向島,寬式(50公分以上),車道線(附標記),未繪設快慢車道分隔線,有,車與車,同向擦撞,駕駛者,未保持行車安全距離,死亡1;受傷6,10.0,人,乘客,女,28.0,未戴安全帽或未繫安全帶(未使用幼童安全椅),非駕駛人,人的狀態,其他,其他,非汽、機及自行車,,,無(非車輛駕駛人因素),尚未發現肇事因素,否,121.594627,25.064153
2026,4.0,20260408.0,91600.0,A1,高雄市政府警察局,高雄市大寮區村內坑路34之20號前0.0公尺,晴,有照明未開啟或故障,市區道路,40.0,單路部分,直路,路段,慢車道,柏油,乾燥,無缺陷,無障礙物,無遮蔽物,良好,無號誌,無號誌,中央分向島,寬式(50公分以上),車道線(無標記),快慢車道分隔線,無,車與車,其他,其他,其他不當駕車行為,死亡1;受傷1,1.0,機車,普通重型,男,43.0,戴半罩式安全帽,未使用,車的狀態,向前直行中,機車與自行車,前車頭,,,其他,其他不當駕車行為,否,120.394326,22.588387
2026,4.0,20260408.0,91600.0,A1,高雄市政府警察局,高雄市大寮區村內坑路34之20號前0.0公尺,晴,有照明未開啟或故障,市區道路,40.0,單路部分,直路,路段,慢車道,柏油,乾燥,無缺陷,無障礙物,無遮蔽物,良好,無號誌,無號誌,中央分向島,寬式(50公分以上),車道線(無標記),快慢車道分隔線,無,車與車,其他,其他,其他不當駕車行為,死亡1;受傷1,2.0,小貨車,自用,男,51.0,繫安全帶(使用幼童安全椅),未使用,車的狀態,等待(引擎未熄火),汽車,左後車尾(身),,,其他,違規(臨時)停車,是,120.394326,22.588387
2026,4.0,20260408.0,91600.0,A1,高雄市政府警察局,高雄市大寮區村內坑路34之20號前0.0公尺,晴,有照明未開啟或故障,市區道路,40.0,單路部分,直路,路段,慢車道,柏油,乾燥,無缺陷,無障礙物,無遮蔽物,良好,無號誌,無號誌,中央分向島,寬式(50公分以上),車道線(無標記),快慢車道分隔線,無,車與車,其他,其他,其他不當駕車行為,死亡1;受傷1,3.0,機車,普通重型,女,26.0,戴半罩式安全帽,未使用,車的狀態,向前直行中,機車與自行車,前車頭,,,駕駛者,未保持行車安全距離,否,120.394326,22.588387
2026,4.0,20260408.0,102600.0,A1,臺東縣警察局,臺東縣東河鄉台11線 148公里500.0公尺處,晴,有照明未開啟或故障,省道,60.0,單路部分,直路,路段,快車道,柏油,乾燥,無缺陷,無障礙物,無遮蔽物,良好,無號誌,無號誌,雙向禁止超車線,附標記,未繪設車道線,快慢車道分隔線,有,車與車,側撞,駕駛者,迴轉未依規定,死亡1;受傷0,1.0,小貨車,自用,男,43.0,繫安全帶(使用幼童安全椅),未使用,車的狀態,迴轉或橫越道路中,汽車,左後車尾(身),,,駕駛者,迴轉未依規定,否,121.200046,22.859596
2026,4.0,20260408.0,102600.0,A1,臺東縣警察局,臺東縣東河鄉台11線 148公里500.0公尺處,晴,有照明未開啟或故障,省道,60.0,單路部分,直路,路段,快車道,柏油,乾燥,無缺陷,無障礙物,無遮蔽物,良好,無號誌,無號誌,雙向禁止超車線,附標記,未繪設車道線,快慢車道分隔線,有,車與車,側撞,駕駛者,迴轉未依規定,死亡1;受傷0,2.0,機車,普通重型,男,49.0,戴半罩式安全帽,未使用,車的狀態,向前直行中,機車與自行車,前車頭,,,其他,其他不當駕車行為,否,121.200046,22.859596
2026,4.0,20260408.0,182900.0,A1,桃園市政府警察局,桃園市楊梅區金山街口 / 桃園市楊梅區中山北路一段口,陰,有照明且開啟,市區道路,50.0,交岔路,四岔路,其他,行人穿越道,柏油,乾燥,無缺陷,無障礙物,無遮蔽物,良好,無號誌,無號誌,無,無分向設施,未繪設車道線,未繪設快慢車道分隔線,無,人與車,穿越道路中,駕駛者,車輛未依規定暫停讓行人先行,死亡1;受傷0,1.0,小客車(含客、貨兩用),自用,女,37.0,繫安全帶(使用幼童安全椅),未使用,車的狀態,向前直行中,汽車,右前車頭(身),,,駕駛者,車輛未依規定暫停讓行人先行,否,121.160245,24.909056
2026,4.0,20260408.0,182900.0,A1,桃園市政府警察局,桃園市楊梅區金山街口 / 桃園市楊梅區中山北路一段口,陰,有照明且開啟,市區道路,50.0,交岔路,四岔路,其他,行人穿越道,柏油,乾燥,無缺陷,無障礙物,無遮蔽物,良好,無號誌,無號誌,無,無分向設施,未繪設車道線,未繪設快慢車道分隔線,無,人與車,穿越道路中,駕駛者,車輛未依規定暫停讓行人先行,死亡1;受傷0,2.0,人,行人,女,76.0,其他(無需使用保護裝備之人),非駕駛人,人的狀態,步行,其他,非汽、機及自行車,,,無(非車輛駕駛人因素),尚未發現肇事因素,否,121.160245,24.909056
2026,4.0,20260408.0,182900.0,A1,桃園市政府警察局,桃園市楊梅區金山街口 / 桃園市楊梅區中山北路一段口,陰,有照明且開啟,市區道路,50.0,交岔路,四岔路,其他,行人穿越道,柏油,乾燥,無缺陷,無障礙物,無遮蔽物,良好,無號誌,無號誌,無,無分向設施,未繪設車道線,未繪設快慢車道分隔線,無,人與車,穿越道路中,駕駛者,車輛未依規定暫停讓行人先行,死亡1;受傷0,3.0,小客車(含客、貨兩用),自用,男,43.0,不明,不明,車的狀態,靜止(引擎熄火),汽車,左側車身,,,無(車輛駕駛者因素),尚未發現肇事因素,否,121.160245,24.909056
2026,4.0,20260408.0,213545.0,A1,國道公路警察局,高雄市岡山區國道1號 348公里600.0公尺處南向外側,晴,有照明且開啟,國道,90.0,單路部分,直路,路段,快車道,柏油,乾燥,無缺陷,無障礙物,無遮蔽物,良好,無號誌,無號誌,中央分向島,寬式(50公分以上),車道線(附標記),未繪設快慢車道分隔線,有,車與車,追撞,駕駛者,恍神、緊張、心不在焉分心駕駛,死亡1;受傷0,1.0,半聯結車,營業用,男,45.0,繫安全帶(使用幼童安全椅),未使用,車的狀態,向前直行中,汽車,前車頭,,,駕駛者,恍神、緊張、心不在焉分心駕駛,否,120.312902,22.817124
2026,4.0,20260408.0,213545.0,A1,國道公路警察局,高雄市岡山區國道1號 348公里600.0公尺處南向外側,晴,有照明且開啟,國道,90.0,單路部分,直路,路段,快車道,柏油,乾燥,無缺陷,無障礙物,無遮蔽物,良好,無號誌,無號誌,中央分向島,寬式(50公分以上),車道線(附標記),未繪設快慢車道分隔線,有,車與車,追撞,駕駛者,恍神、緊張、心不在焉分心駕駛,死亡1;受傷0,2.0,大貨車,營業用,男,25.0,繫安全帶(使用幼童安全椅),未使用,車的狀態,向前直行中,汽車,後車尾,汽車,右側車身,無(車輛駕駛者因素),尚未發現肇事因素,否,120.312902,22.817124
2026,4.0,20260408.0,213545.0,A1,國道公路警察局,高雄市岡山區國道1號 348公里600.0公尺處南向外側,晴,有照明且開啟,國道,90.0,單路部分,直路,路段,快車道,柏油,乾燥,無缺陷,無障礙物,無遮蔽物,良好,無號誌,無號誌,中央分向島,寬式(50公分以上),車道線(附標記),未繪設快慢車道分隔線,有,車與車,追撞,駕駛者,恍神、緊張、心不在焉分心駕駛,死亡1;受傷0,3.0,大貨車,營業用,男,57.0,繫安全帶(使用幼童安全椅),未使用,車的狀態,向前直行中,汽車,左側車身,,,無(車輛駕駛者因素),尚未發現肇事因素,否,120.312902,22.817124
2026,4.0,20260409.0,102200.0,A1,高雄市政府警察局,高雄市大樹區興田路109號前0.0公尺,晴,無照明,市區道路,70.0,單路部分,直路,路段,快車道,柏油,乾燥,無缺陷,無障礙物,無遮蔽物,良好,無號誌,無號誌,中央分向島,寬式(50公分以上),車道線(附標記),快慢車道分隔線,有,車與車,其他,駕駛者,起步時未注意安全,死亡1;受傷1,1.0,機車,普通重型,男,77.0,戴半罩式安全帽,未使用,車的狀態,起步,其他,不明,,,駕駛者,起步時未注意安全,否,120.448145,22.746699
2026,4.0,20260409.0,102200.0,A1,高雄市政府警察局,高雄市大樹區興田路109號前0.0公尺,晴,無照明,市區道路,70.0,單路部分,直路,路段,快車道,柏油,乾燥,無缺陷,無障礙物,無遮蔽物,良好,無號誌,無號誌,中央分向島,寬式(50公分以上),車道線(附標記),快慢車道分隔線,有,車與車,其他,駕駛者,起步時未注意安全,死亡1;受傷1,2.0,機車,普通重型,男,36.0,戴半罩式安全帽,不明,車的狀態,向前直行中,其他,不明,,,無(車輛駕駛者因素),尚未發現肇事因素,否,120.448145,22.746699
2026,4.0,20260409.0,174700.0,A1,苗栗縣警察局,苗栗縣竹南鎮建國路與建國路288巷路口,晴,無照明,村里道路,50.0,交岔路,多岔路,交叉路口,交叉路口內,柏油,乾燥,無缺陷,無障礙物,無遮蔽物,良好,閃光號誌,正常,雙向禁止超車線,無標記,未繪設車道線,未繪設快慢車道分隔線,有,車與車,路口交岔撞,駕駛者,違反閃光號誌,死亡1;受傷0,1.0,機車,普通重型,男,60.0,不明,不明,車的狀態,向前直行中,機車與自行車,前車頭,,,駕駛者,違反閃光號誌,否,120.870063,24.690509
2026,4.0,20260409.0,174700.0,A1,苗栗縣警察局,苗栗縣竹南鎮建國路與建國路288巷路口,晴,無照明,村里道路,50.0,交岔路,多岔路,交叉路口,交叉路口內,柏油,乾燥,無缺陷,無障礙物,無遮蔽物,良好,閃光號誌,正常,雙向禁止超車線,無標記,未繪設車道線,未繪設快慢車道分隔線,有,車與車,路口交岔撞,駕駛者,違反閃光號誌,死亡1;受傷0,2.0,小客車(含客、貨兩用),自用,女,43.0,不明,不明,車的狀態,向前直行中,汽車,前車頭,,,駕駛者,未依規定減速,否,120.870063,24.690509
2026,4.0,20260409.0,191200.0,A1,新北市政府警察局,新北市新莊區重新堤外道路前0.0公尺,晴,有照明且開啟,市區道路,50.0,單路部分,直路,路段,機車專用道,柏油,乾燥,無缺陷,無障礙物,無遮蔽物,良好,無號誌,無號誌,雙向禁止超車線,無標記,禁止變換車道線(無標記),未繪設快慢車道分隔線,有,車與車,其他,駕駛者,恍神、緊張、心不在焉分心駕駛,死亡1;受傷2,1.0,機車,普通重型,男,37.0,戴非半罩式安全帽,未使用,車的狀態,向前直行中,機車與自行車,前車頭,,,駕駛者,恍神、緊張、心不在焉分心駕駛,否,121.464061,25.039382
2026,4.0,20260409.0,191200.0,A1,新北市政府警察局,新北市新莊區重新堤外道路前0.0公尺,晴,有照明且開啟,市區道路,50.0,單路部分,直路,路段,機車專用道,柏油,乾燥,無缺陷,無障礙物,無遮蔽物,良好,無號誌,無號誌,雙向禁止超車線,無標記,禁止變換車道線(無標記),未繪設快慢車道分隔線,有,車與車,其他,駕駛者,恍神、緊張、心不在焉分心駕駛,死亡1;受傷2,2.0,機車,普通重型,女,64.0,戴非半罩式安全帽,未使用,車的狀態,其他,其他,不明,,,其他,發生事故後，未採取安全措施,否,121.464061,25.039382
2026,4.0,20260409.0,191200.0,A1,新北市政府警察局,新北市新莊區重新堤外道路前0.0公尺,晴,有照明且開啟,市區道路,50.0,單路部分,直路,路段,機車專用道,柏油,乾燥,無缺陷,無障礙物,無遮蔽物,良好,無號誌,無號誌,雙向禁止超車線,無標記,禁止變換車道線(無標記),未繪設快慢車道分隔線,有,車與車,其他,駕駛者,恍神、緊張、心不在焉分心駕駛,死亡1;受傷2,3.0,人,乘客,女,67.0,戴非半罩式安全帽,非駕駛人,人的狀態,其他,其他,非汽、機及自行車,,,無(非車輛駕駛人因素),尚未發現肇事因素,否,121.464061,25.039382
2026,4.0,20260410.0,41057.0,A1,臺南市政府警察局,臺南市安定區國道8號側車道西向0.5公里處附近,晴,有照明且開啟,其他,50.0,單路部分,直路,路段,快車道,柏油,乾燥,無缺陷,無障礙物,無遮蔽物,良好,無號誌,無號誌,中央分向島,寬式(50公分以上),車道線(無標記),快慢車道分隔線,有,車與車,追撞,駕駛者,恍神、緊張、心不在焉分心駕駛,死亡1;受傷1,1.0,小客車(含客、貨兩用),自用,男,39.0,不明,不明,車的狀態,向前直行中,汽車,前車頭,,,駕駛者,恍神、緊張、心不在焉分心駕駛,是,120.195465,23.080964
2026,4.0,20260410.0,41057.0,A1,臺南市政府警察局,臺南市安定區國道8號側車道西向0.5公里處附近,晴,有照明且開啟,其他,50.0,單路部分,直路,路段,快車道,柏油,乾燥,無缺陷,無障礙物,無遮蔽物,良好,無號誌,無號誌,中央分向島,寬式(50公分以上),車道線(無標記),快慢車道分隔線,有,車與車,追撞,駕駛者,恍神、緊張、心不在焉分心駕駛,死亡1;受傷1,2.0,小客車(含客、貨兩用),自用,男,42.0,不明,不明,車的狀態,向前直行中,汽車,後車尾,,,無(車輛駕駛者因素),尚未發現肇事因素,否,120.195465,23.080964
2026,4.0,20260410.0,64600.0,A1,臺南市政府警察局,臺南市南區鹽埕路與新和東路口,晴,無照明,市區道路,50.0,交岔路,多岔路,交叉路口,交叉路口內,柏油,乾燥,無缺陷,無障礙物,無遮蔽物,良好,行車管制號誌,正常,無,無分向設施,未繪設車道線,未繪設快慢車道分隔線,無,車與車,側撞,駕駛者,左轉彎未依規定,死亡1;受傷1,1.0,機車,普通重型,女,64.0,戴半罩式安全帽,未使用,車的狀態,左轉彎,機車與自行車,前車頭,,,駕駛者,左轉彎未依規定,否,120.188554,22.967378
2026,4.0,20260410.0,64600.0,A1,臺南市政府警察局,臺南市南區鹽埕路與新和東路口,晴,無照明,市區道路,50.0,交岔路,多岔路,交叉路口,交叉路口內,柏油,乾燥,無缺陷,無障礙物,無遮蔽物,良好,行車管制號誌,正常,無,無分向設施,未繪設車道線,未繪設快慢車道分隔線,無,車與車,側撞,駕駛者,左轉彎未依規定,死亡1;受傷1,2.0,機車,普通重型,女,30.0,戴半罩式安全帽,未使用,車的狀態,向前直行中,機車與自行車,前車頭,,,無(車輛駕駛者因素),尚未發現肇事因素,否,120.188554,22.967378
2026,4.0,20260410.0,115400.0,A1,嘉義縣警察局,嘉義縣大林鎮三村里嘉98鄉道5公里,晴,有照明未開啟或故障,村里道路,30.0,交岔路,四岔路,交叉路口,交叉路口內,柏油,乾燥,無缺陷,無障礙物,無遮蔽物,良好,無號誌,無號誌,無,無分向設施,未繪設車道線,未繪設快慢車道分隔線,無,車與車,路口交岔撞,駕駛者,無號誌路口，支線道未讓幹線道先行,死亡1;受傷1,1.0,小客車(含客、貨兩用),自用,男,22.0,繫安全帶(使用幼童安全椅),未使用,車的狀態,向前直行中,汽車,右前車頭(身),,,駕駛者,無號誌路口，支線道未讓幹線道先行,否,120.47562,23.618707
2026,4.0,20260410.0,115400.0,A1,嘉義縣警察局,嘉義縣大林鎮三村里嘉98鄉道5公里,晴,有照明未開啟或故障,村里道路,30.0,交岔路,四岔路,交叉路口,交叉路口內,柏油,乾燥,無缺陷,無障礙物,無遮蔽物,良好,無號誌,無號誌,無,無分向設施,未繪設車道線,未繪設快慢車道分隔線,無,車與車,路口交岔撞,駕駛者,無號誌路口，支線道未讓幹線道先行,死亡1;受傷1,2.0,機車,普通重型,女,57.0,戴半罩式安全帽,未使用,車的狀態,向前直行中,機車與自行車,前車頭,,,駕駛者,未依規定減速,否,120.47562,23.618707
2026,4.0,20260410.0,115400.0,A1,嘉義縣警察局,嘉義縣大林鎮三村里嘉98鄉道5公里,晴,有照明未開啟或故障,村里道路,30.0,交岔路,四岔路,交叉路口,交叉路口內,柏油,乾燥,無缺陷,無障礙物,無遮蔽物,良好,無號誌,無號誌,無,無分向設施,未繪設車道線,未繪設快慢車道分隔線,無,車與車,路口交岔撞,駕駛者,無號誌路口，支線道未讓幹線道先行,死亡1;受傷1,3.0,,,無或物(動物、堆置物),-1.0,,,,,,,,,無(非車輛駕駛人因素),尚未發現肇事因素,否,120.47562,23.618707
2026,4.0,20260410.0,133900.0,A1,基隆市警察局,基隆市七堵區八德路 / 基隆市七堵區八德路,晴,有照明未開啟或故障,市區道路,50.0,交岔路,三岔路,交叉路口,交叉路口內,柏油,乾燥,無缺陷,無障礙物,無遮蔽物,良好,閃光號誌,正常,無,無分向設施,未繪設車道線,未繪設快慢車道分隔線,無,車與車,側撞,駕駛者,左轉彎未依規定,死亡1;受傷1,1.0,機車,普通重型,男,65.0,不明,不明,車的狀態,左轉彎,機車與自行車,前車頭,,,駕駛者,左轉彎未依規定,否,121.722262,25.103311
2026,4.0,20260410.0,133900.0,A1,基隆市警察局,基隆市七堵區八德路 / 基隆市七堵區八德路,晴,有照明未開啟或故障,市區道路,50.0,交岔路,三岔路,交叉路口,交叉路口內,柏油,乾燥,無缺陷,無障礙物,無遮蔽物,良好,閃光號誌,正常,無,無分向設施,未繪設車道線,未繪設快慢車道分隔線,無,車與車,側撞,駕駛者,左轉彎未依規定,死亡1;受傷1,2.0,小客車(含客、貨兩用),自用,男,31.0,不明,不明,車的狀態,向前直行中,汽車,左前車頭(身),,,駕駛者,恍神、緊張、心不在焉分心駕駛,否,121.722262,25.103311
2026,4.0,20260410.0,143500.0,A1,新竹市警察局,新竹市香山區竹香南路與浸水北街口,晴,有照明未開啟或故障,市區道路,50.0,交岔路,四岔路,交叉路口,交叉路口內,柏油,乾燥,無缺陷,無障礙物,無遮蔽物,良好,無號誌,無號誌,無,無分向設施,未繪設車道線,未繪設快慢車道分隔線,無,車與車,路口交岔撞,駕駛者,無號誌路口，支線道未讓幹線道先行,死亡1;受傷0,1.0,機車,普通重型,女,69.0,戴半罩式安全帽,未使用,車的狀態,向前直行中,機車與自行車,右側車身,,,駕駛者,無號誌路口，支線道未讓幹線道先行,否,120.925171,24.802929
2026,4.0,20260410.0,143500.0,A1,新竹市警察局,新竹市香山區竹香南路與浸水北街口,晴,有照明未開啟或故障,市區道路,50.0,交岔路,四岔路,交叉路口,交叉路口內,柏油,乾燥,無缺陷,無障礙物,無遮蔽物,良好,無號誌,無號誌,無,無分向設施,未繪設車道線,未繪設快慢車道分隔線,無,車與車,路口交岔撞,駕駛者,無號誌路口，支線道未讓幹線道先行,死亡1;受傷0,2.0,小客車(含客、貨兩用),自用,男,25.0,繫安全帶(使用幼童安全椅),未使用,車的狀態,向前直行中,汽車,前車頭,,,駕駛者,未依規定減速,否,120.925171,24.802929
2026,4.0,20260410.0,163500.0,A1,高雄市政府警察局,高雄市橋頭區橋新六路688號前0.0公尺,晴,有照明未開啟或故障,市區道路,40.0,單路部分,直路,路段,慢車道,柏油,乾燥,無缺陷,無障礙物,無遮蔽物,良好,無號誌,無號誌,雙向禁止超車線,無標記,車道線(無標記),窄式快慢車道分隔島(無柵欄),有,車輛本身,撞路樹,其他,其他不當駕車行為,死亡1;受傷0,1.0,機車,普通重型,女,74.0,戴非半罩式安全帽,不明,車的狀態,其他,機車與自行車,右側車身,,,其他,其他不當駕車行為,否,120.310397,22.757974
2026,4.0,20260410.0,163500.0,A1,高雄市政府警察局,高雄市橋頭區橋新六路688號前0.0公尺,晴,有照明未開啟或故障,市區道路,40.0,單路部分,直路,路段,慢車道,柏油,乾燥,無缺陷,無障礙物,無遮蔽物,良好,無號誌,無號誌,雙向禁止超車線,無標記,車道線(無標記),窄式快慢車道分隔島(無柵欄),有,車輛本身,撞路樹,其他,其他不當駕車行為,死亡1;受傷0,2.0,,,無或物(動物、堆置物),0.0,,,,,,,,,無(非車輛駕駛人因素),尚未發現肇事因素,否,120.310397,22.757974
2026,4.0,20260410.0,180900.0,A1,高雄市政府警察局,高雄市岡山區為隨西路 / 高雄市岡山區為隨西路,晴,無照明,市區道路,40.0,交岔路,四岔路,交叉路口,交叉路口內,柏油,乾燥,無缺陷,無障礙物,無遮蔽物,良好,無號誌,無號誌,無,無分向設施,未繪設車道線,未繪設快慢車道分隔線,無,車與車,側撞,駕駛者,逆向行駛,死亡1;受傷0,1.0,小貨車,自用,男,34.0,繫安全帶(使用幼童安全椅),未使用,車的狀態,左轉彎,汽車,右側車身,,,駕駛者,逆向行駛,否,120.2895,22.81521
2026,4.0,20260410.0,180900.0,A1,高雄市政府警察局,高雄市岡山區為隨西路 / 高雄市岡山區為隨西路,晴,無照明,市區道路,40.0,交岔路,四岔路,交叉路口,交叉路口內,柏油,乾燥,無缺陷,無障礙物,無遮蔽物,良好,無號誌,無號誌,無,無分向設施,未繪設車道線,未繪設快慢車道分隔線,無,車與車,側撞,駕駛者,逆向行駛,死亡1;受傷0,2.0,機車,普通重型,男,23.0,戴非半罩式安全帽,未使用,車的狀態,向前直行中,機車與自行車,右側車身,,,無(車輛駕駛者因素),尚未發現肇事因素,否,120.2895,22.81521
2026,4.0,20260411.0,101425.0,A1,苗栗縣警察局,苗栗縣造橋鄉大西二街121號前,晴,有照明未開啟或故障,村里道路,30.0,交岔路,三岔路,交叉路口,交叉口附近,柏油,乾燥,無缺陷,無障礙物,無遮蔽物,良好,無號誌,無號誌,無,無分向設施,未繪設車道線,未繪設快慢車道分隔線,有,車與車,對向擦撞,駕駛者,無號誌路口，支線道未讓幹線道先行,死亡1;受傷0,1.0,小客車(含客、貨兩用),自用,女,41.0,繫安全帶(使用幼童安全椅),未使用,車的狀態,右轉彎,汽車,前車頭,,,駕駛者,無號誌路口，支線道未讓幹線道先行,否,120.895429,24.623574
2026,4.0,20260411.0,101425.0,A1,苗栗縣警察局,苗栗縣造橋鄉大西二街121號前,晴,有照明未開啟或故障,村里道路,30.0,交岔路,三岔路,交叉路口,交叉口附近,柏油,乾燥,無缺陷,無障礙物,無遮蔽物,良好,無號誌,無號誌,無,無分向設施,未繪設車道線,未繪設快慢車道分隔線,有,車與車,對向擦撞,駕駛者,無號誌路口，支線道未讓幹線道先行,死亡1;受傷0,2.0,機車,普通重型,女,71.0,戴半罩式安全帽,未使用,車的狀態,向前直行中,機車與自行車,前車頭,,,駕駛者,未依規定減速,否,120.895429,24.623574
2026,4.0,20260411.0,180600.0,A1,新北市政府警察局,新北市板橋區環漢路4段前0.0公尺,晴,有照明且開啟,市區道路,50.0,單路部分,直路,路段,快車道,柏油,乾燥,無缺陷,無障礙物,無遮蔽物,良好,無號誌,無號誌,雙向禁止超車線,無標記,車道線(無標記),快慢車道分隔線,有,車輛本身,撞電桿,其他,車輛或機械操作不當(慎),死亡1;受傷0,1.0,機車,普通重型,男,21.0,戴半罩式安全帽,未使用,車的狀態,向前直行中,機車與自行車,前車頭,,,其他,車輛或機械操作不當(慎),否,121.429002,24.979779
2026,4.0,20260411.0,180600.0,A1,新北市政府警察局,新北市板橋區環漢路4段前0.0公尺,晴,有照明且開啟,市區道路,50.0,單路部分,直路,路段,快車道,柏油,乾燥,無缺陷,無障礙物,無遮蔽物,良好,無號誌,無號誌,雙向禁止超車線,無標記,車道線(無標記),快慢車道分隔線,有,車輛本身,撞電桿,其他,車輛或機械操作不當(慎),死亡1;受傷0,2.0,,,無或物(動物、堆置物),0.0,,,,,,,,,無(非車輛駕駛人因素),尚未發現肇事因素,否,121.429002,24.979779