發生年度,發生月份,發生日期,發生時間,事故類別名稱,處理單位名稱警局層,發生地點,天候名稱,光線名稱,道路類別-第1當事者-名稱,速限-第1當事者,道路型態大類別名稱,道路型態子類別名稱,事故位置大類別名稱,事故位置子類別名稱,路面狀況-路面鋪裝名稱,路面狀況-路面狀態名稱,路面狀況-路面缺陷名稱,道路障礙-障礙物名稱,道路障礙-視距品質名稱,道路障礙-視距名稱,號誌-號誌種類名稱,號誌-號誌動作名稱,車道劃分設施-分向設施大類別名稱,車道劃分設施-分向設施子類別名稱,車道劃分設施-分道設施-快車道或一般車道間名稱,車道劃分設施-分道設施-快慢車道間名稱,車道劃分設施-分道設施-路面邊線名稱,事故類型及型態大類別名稱,事故類型及型態子類別名稱,肇因研判大類別名稱-主要,肇因研判子類別名稱-主要,死亡受傷人數,當事者順位,當事者區分-類別-大類別名稱-車種,當事者區分-類別-子類別名稱-車種,當事者屬-性-別名稱,當事者事故發生時年齡,保護裝備名稱,行動電話或電腦或其他相類功能裝置名稱,當事者行動狀態大類別名稱,當事者行動狀態子類別名稱,車輛撞擊部位大類別名稱-最初,車輛撞擊部位子類別名稱-最初,車輛撞擊部位大類別名稱-其他,車輛撞擊部位子類別名稱-其他,肇因研判大類別名稱-個別,肇因研判子類別名稱-個別,肇事逃逸類別名稱-是否肇逃,經度,緯度
2026,4.0,20260412.0,70311.0,A1,雲林縣警察局,雲林縣水林鄉大山村大山路136-15號旁,晴,無照明,村里道路,30.0,單路部分,直路,路段,一般車道(未劃分快慢車道),柏油,乾燥,無缺陷,無障礙物,無遮蔽物,良好,無號誌,無號誌,無,無分向設施,未繪設車道線,未繪設快慢車道分隔線,無,車輛本身,衝出路外,無(車輛駕駛者因素),尚未發現肇事因素,死亡1;受傷0,1.0,機車,普通重型,男,87.0,不明,未使用,車的狀態,向前直行中,機車與自行車,前車頭,,,無(車輛駕駛者因素),尚未發現肇事因素,否,120.217284,23.555849
2026,4.0,20260412.0,70311.0,A1,雲林縣警察局,雲林縣水林鄉大山村大山路136-15號旁,晴,無照明,村里道路,30.0,單路部分,直路,路段,一般車道(未劃分快慢車道),柏油,乾燥,無缺陷,無障礙物,無遮蔽物,良好,無號誌,無號誌,無,無分向設施,未繪設車道線,未繪設快慢車道分隔線,無,車輛本身,衝出路外,無(車輛駕駛者因素),尚未發現肇事因素,死亡1;受傷0,2.0,,,無或物(動物、堆置物),-1.0,,,,,,,,,無(非車輛駕駛人因素),尚未發現肇事因素,否,120.217284,23.555849
2026,4.0,20260412.0,71400.0,A1,新竹市警察局,新竹市東區民族路178巷與中華路二段口,晴,有照明未開啟或故障,市區道路,50.0,交岔路,三岔路,交叉路口,交叉路口內,柏油,乾燥,無缺陷,無障礙物,無遮蔽物,良好,閃光號誌,正常,無,無分向設施,未繪設車道線,未繪設快慢車道分隔線,無,車與車,側撞,駕駛者,有號誌路口，轉彎車未讓直行車先行,死亡1;受傷0,1.0,機車,普通重型,男,76.0,戴半罩式安全帽,未使用,車的狀態,左轉彎,機車與自行車,右側車身,,,駕駛者,有號誌路口，轉彎車未讓直行車先行,否,120.980533,24.807687
2026,4.0,20260412.0,71400.0,A1,新竹市警察局,新竹市東區民族路178巷與中華路二段口,晴,有照明未開啟或故障,市區道路,50.0,交岔路,三岔路,交叉路口,交叉路口內,柏油,乾燥,無缺陷,無障礙物,無遮蔽物,良好,閃光號誌,正常,無,無分向設施,未繪設車道線,未繪設快慢車道分隔線,無,車與車,側撞,駕駛者,有號誌路口，轉彎車未讓直行車先行,死亡1;受傷0,2.0,小客車(含客、貨兩用),自用,男,44.0,繫安全帶(使用幼童安全椅),未使用,車的狀態,向前直行中,汽車,前車頭,,,駕駛者,違反閃光號誌,否,120.980533,24.807687
2026,4.0,20260412.0,71400.0,A1,新竹市警察局,新竹市東區民族路178巷與中華路二段口,晴,有照明未開啟或故障,市區道路,50.0,交岔路,三岔路,交叉路口,交叉路口內,柏油,乾燥,無缺陷,無障礙物,無遮蔽物,良好,閃光號誌,正常,無,無分向設施,未繪設車道線,未繪設快慢車道分隔線,無,車與車,側撞,駕駛者,有號誌路口，轉彎車未讓直行車先行,死亡1;受傷0,3.0,小客車(含客、貨兩用),自用,女,25.0,不明,未使用,車的狀態,靜止(引擎熄火),汽車,左側車身,,,其他,違規(臨時)停車,否,120.980533,24.807687
2026,4.0,20260412.0,180800.0,A1,屏東縣政府警察局,屏東縣高樹鄉沿山公路三段(0262路燈桿)旁,晴,有照明且開啟,縣道,50.0,交岔路,三岔路,路段,路肩、路緣,柏油,乾燥,無缺陷,無障礙物,無遮蔽物,良好,無號誌,無號誌,行車分向線,無標記,未繪設車道線,未繪設快慢車道分隔線,有,車輛本身,撞電桿,駕駛者,酒醉(後)駕駛,死亡1;受傷2,1.0,小客車(含客、貨兩用),自用,男,37.0,不明,不明,車的狀態,向前直行中,汽車,右前車頭(身),汽車,前車頭,駕駛者,酒醉(後)駕駛,否,120.622319,22.795128
2026,4.0,20260412.0,180800.0,A1,屏東縣政府警察局,屏東縣高樹鄉沿山公路三段(0262路燈桿)旁,晴,有照明且開啟,縣道,50.0,交岔路,三岔路,路段,路肩、路緣,柏油,乾燥,無缺陷,無障礙物,無遮蔽物,良好,無號誌,無號誌,行車分向線,無標記,未繪設車道線,未繪設快慢車道分隔線,有,車輛本身,撞電桿,駕駛者,酒醉(後)駕駛,死亡1;受傷2,2.0,,,無或物(動物、堆置物),-1.0,,,,,,,,,無(非車輛駕駛人因素),尚未發現肇事因素,否,120.622319,22.795128
2026,4.0,20260412.0,180800.0,A1,屏東縣政府警察局,屏東縣高樹鄉沿山公路三段(0262路燈桿)旁,晴,有照明且開啟,縣道,50.0,交岔路,三岔路,路段,路肩、路緣,柏油,乾燥,無缺陷,無障礙物,無遮蔽物,良好,無號誌,無號誌,行車分向線,無標記,未繪設車道線,未繪設快慢車道分隔線,有,車輛本身,撞電桿,駕駛者,酒醉(後)駕駛,死亡1;受傷2,3.0,人,乘客,女,40.0,不明,非駕駛人,不明,不明,其他,非汽、機及自行車,其他,非汽、機及自行車,無(非車輛駕駛人因素),尚未發現肇事因素,否,120.622319,22.795128
2026,4.0,20260412.0,180800.0,A1,屏東縣政府警察局,屏東縣高樹鄉沿山公路三段(0262路燈桿)旁,晴,有照明且開啟,縣道,50.0,交岔路,三岔路,路段,路肩、路緣,柏油,乾燥,無缺陷,無障礙物,無遮蔽物,良好,無號誌,無號誌,行車分向線,無標記,未繪設車道線,未繪設快慢車道分隔線,有,車輛本身,撞電桿,駕駛者,酒醉(後)駕駛,死亡1;受傷2,4.0,人,乘客,男,9.0,不明,非駕駛人,不明,不明,其他,非汽、機及自行車,其他,非汽、機及自行車,無(非車輛駕駛人因素),尚未發現肇事因素,否,120.622319,22.795128
2026,4.0,20260412.0,180800.0,A1,屏東縣政府警察局,屏東縣高樹鄉沿山公路三段(0262路燈桿)旁,晴,有照明且開啟,縣道,50.0,交岔路,三岔路,路段,路肩、路緣,柏油,乾燥,無缺陷,無障礙物,無遮蔽物,良好,無號誌,無號誌,行車分向線,無標記,未繪設車道線,未繪設快慢車道分隔線,有,車輛本身,撞電桿,駕駛者,酒醉(後)駕駛,死亡1;受傷2,5.0,,,無或物(動物、堆置物),-1.0,,,,,,,,,無(非車輛駕駛人因素),尚未發現肇事因素,否,120.622319,22.795128
2026,4.0,20260412.0,200100.0,A1,苗栗縣警察局,苗栗縣後龍鎮中華路與正賢路口,晴,有照明且開啟,市區道路,50.0,交岔路,四岔路,交叉路口,交叉路口內,柏油,乾燥,無缺陷,無障礙物,無遮蔽物,良好,行車管制號誌,正常,雙向禁止超車線,無標記,未繪設車道線,未繪設快慢車道分隔線,有,車與車,側撞,駕駛者,有號誌路口，轉彎車未讓直行車先行,死亡1;受傷0,1.0,機車,普通重型,女,79.0,戴半罩式安全帽,未使用,車的狀態,左轉彎,機車與自行車,前車頭,,,駕駛者,有號誌路口，轉彎車未讓直行車先行,否,120.790258,24.616372
2026,4.0,20260412.0,200100.0,A1,苗栗縣警察局,苗栗縣後龍鎮中華路與正賢路口,晴,有照明且開啟,市區道路,50.0,交岔路,四岔路,交叉路口,交叉路口內,柏油,乾燥,無缺陷,無障礙物,無遮蔽物,良好,行車管制號誌,正常,雙向禁止超車線,無標記,未繪設車道線,未繪設快慢車道分隔線,有,車與車,側撞,駕駛者,有號誌路口，轉彎車未讓直行車先行,死亡1;受傷0,2.0,小貨車,自用,男,56.0,繫安全帶(使用幼童安全椅),未使用,車的狀態,向前直行中,汽車,前車頭,,,無(車輛駕駛者因素),尚未發現肇事因素,否,120.790258,24.616372
2026,4.0,20260412.0,212000.0,A1,臺南市政府警察局,臺南市南化區台3線 378公里400.0公尺處南向內側,晴,有照明且開啟,省道,60.0,交岔路,四岔路,交叉路口,交叉口附近,柏油,乾燥,無缺陷,無障礙物,無遮蔽物,良好,閃光號誌,正常,無,無分向設施,未繪設車道線,未繪設快慢車道分隔線,無,人與車,其他,非駕駛者,其他引起事故之疏失或行為,死亡1;受傷0,1.0,人,行人,男,74.0,其他(無需使用保護裝備之人),非駕駛人,人的狀態,其他,其他,非汽、機及自行車,,,非駕駛者,其他引起事故之疏失或行為,否,120.486648,23.087848
2026,4.0,20260412.0,212000.0,A1,臺南市政府警察局,臺南市南化區台3線 378公里400.0公尺處南向內側,晴,有照明且開啟,省道,60.0,交岔路,四岔路,交叉路口,交叉口附近,柏油,乾燥,無缺陷,無障礙物,無遮蔽物,良好,閃光號誌,正常,無,無分向設施,未繪設車道線,未繪設快慢車道分隔線,無,人與車,其他,非駕駛者,其他引起事故之疏失或行為,死亡1;受傷0,2.0,小客車(含客、貨兩用),自用,男,39.0,繫安全帶(使用幼童安全椅),未使用,車的狀態,向前直行中,汽車,前車頭,,,駕駛者,恍神、緊張、心不在焉分心駕駛,否,120.486648,23.087848
2026,4.0,20260413.0,103914.0,A1,臺南市政府警察局,臺南市鹽水區舊營1-10號,晴,有照明未開啟或故障,省道,70.0,交岔路,三岔路,交叉路口,交叉路口內,柏油,乾燥,無缺陷,無障礙物,無遮蔽物,良好,行車管制號誌,正常,中央分向島,寬式(50公分以上),車道線(無標記),快慢車道分隔線,有,車與車,側撞,駕駛者,違反二段式左(右)轉標誌(線),死亡2;受傷0,1.0,機車,普通重型,男,69.0,戴半罩式安全帽,未使用,車的狀態,左轉彎,其他,不明,,,駕駛者,違反二段式左(右)轉標誌(線),否,120.260448,23.304986
2026,4.0,20260413.0,103914.0,A1,臺南市政府警察局,臺南市鹽水區舊營1-10號,晴,有照明未開啟或故障,省道,70.0,交岔路,三岔路,交叉路口,交叉路口內,柏油,乾燥,無缺陷,無障礙物,無遮蔽物,良好,行車管制號誌,正常,中央分向島,寬式(50公分以上),車道線(無標記),快慢車道分隔線,有,車與車,側撞,駕駛者,違反二段式左(右)轉標誌(線),死亡2;受傷0,2.0,小客車(含客、貨兩用),自用,女,69.0,繫安全帶(使用幼童安全椅),未使用,車的狀態,向前直行中,汽車,前車頭,,,駕駛者,恍神、緊張、心不在焉分心駕駛,否,120.260448,23.304986
2026,4.0,20260413.0,111300.0,A1,高雄市政府警察局,高雄市楠梓區高楠公路 / 高雄市楠梓區高楠公路,晴,有照明未開啟或故障,市區道路,40.0,交岔路,三岔路,交叉路口,交叉路口內,柏油,乾燥,無缺陷,無障礙物,無遮蔽物,良好,行車管制號誌,正常,中央分向島,寬式(50公分以上),車道線(附標記),寬式快慢車道分隔島(50公分以上),無,車輛本身,路上翻車、摔倒,其他,其他不當駕車行為,死亡1;受傷0,1.0,機車,普通重型,男,25.0,戴半罩式安全帽,未使用,車的狀態,向前直行中,機車與自行車,右側車身,,,其他,其他不當駕車行為,否,120.32444,22.714318
2026,4.0,20260413.0,111300.0,A1,高雄市政府警察局,高雄市楠梓區高楠公路 / 高雄市楠梓區高楠公路,晴,有照明未開啟或故障,市區道路,40.0,交岔路,三岔路,交叉路口,交叉路口內,柏油,乾燥,無缺陷,無障礙物,無遮蔽物,良好,行車管制號誌,正常,中央分向島,寬式(50公分以上),車道線(附標記),寬式快慢車道分隔島(50公分以上),無,車輛本身,路上翻車、摔倒,其他,其他不當駕車行為,死亡1;受傷0,2.0,,,無或物(動物、堆置物),0.0,,,,,,,,,無(非車輛駕駛人因素),尚未發現肇事因素,否,120.32444,22.714318
2026,4.0,20260413.0,124821.0,A1,彰化縣警察局,彰化縣伸港鄉台61線 162.4公里,晴,有照明未開啟或故障,快速(公)道,90.0,單路部分,直路,路段,一般車道(未劃分快慢車道),柏油,乾燥,無缺陷,無障礙物,無遮蔽物,良好,無號誌,無號誌,中央分向島,寬式(50公分以上),車道線(附標記),未繪設快慢車道分隔線,有,車與車,追撞,駕駛者,未保持行車安全距離,死亡1;受傷1,1.0,曳引車,營業用,男,58.0,不明,不明,車的狀態,向前直行中,汽車,前車頭,,,駕駛者,未保持行車安全距離,否,120.474955,24.171863
2026,4.0,20260413.0,124821.0,A1,彰化縣警察局,彰化縣伸港鄉台61線 162.4公里,晴,有照明未開啟或故障,快速(公)道,90.0,單路部分,直路,路段,一般車道(未劃分快慢車道),柏油,乾燥,無缺陷,無障礙物,無遮蔽物,良好,無號誌,無號誌,中央分向島,寬式(50公分以上),車道線(附標記),未繪設快慢車道分隔線,有,車與車,追撞,駕駛者,未保持行車安全距離,死亡1;受傷1,2.0,大貨車,營業用,男,53.0,不明,不明,車的狀態,向前直行中,汽車,後車尾,,,無(車輛駕駛者因素),尚未發現肇事因素,否,120.474955,24.171863
2026,4.0,20260413.0,192254.0,A1,宜蘭縣政府警察局,宜蘭縣五結鄉五結鄉蘭陽大橋009號燈桿附近外側快車道,晴,有照明且開啟,省道,60.0,單路部分,直路,路段,快車道,柏油,乾燥,無缺陷,無障礙物,無遮蔽物,良好,無號誌,無號誌,中央分向島,寬式(50公分以上),車道線(附標記),快慢車道分隔線,有,人與車,穿越道路中,非駕駛者,穿越道路未注意左右來車,死亡1;受傷0,1.0,人,行人,男,77.0,其他(無需使用保護裝備之人),非駕駛人,人的狀態,步行,其他,非汽、機及自行車,,,非駕駛者,穿越道路未注意左右來車,否,121.772236,24.713563
2026,4.0,20260413.0,192254.0,A1,宜蘭縣政府警察局,宜蘭縣五結鄉五結鄉蘭陽大橋009號燈桿附近外側快車道,晴,有照明且開啟,省道,60.0,單路部分,直路,路段,快車道,柏油,乾燥,無缺陷,無障礙物,無遮蔽物,良好,無號誌,無號誌,中央分向島,寬式(50公分以上),車道線(附標記),快慢車道分隔線,有,人與車,穿越道路中,非駕駛者,穿越道路未注意左右來車,死亡1;受傷0,2.0,小客車(含客、貨兩用),自用,男,42.0,繫安全帶(使用幼童安全椅),未使用,車的狀態,向前直行中,汽車,右前車頭(身),,,其他,其他不當駕車行為,否,121.772236,24.713563
2026,4.0,20260414.0,14835.0,A1,臺南市政府警察局,臺南市下營區西連里台84線東向16公里,晴,無照明,快速(公)道,90.0,單路部分,直路,路段,路肩、路緣,柏油,乾燥,無缺陷,無障礙物,無遮蔽物,良好,無號誌,無號誌,中央分向島,窄式附柵欄,車道線(附標記),未繪設快慢車道分隔線,有,車與車,其他,駕駛者,恍神、緊張、心不在焉分心駕駛,死亡1;受傷2,1.0,大貨車,營業用,男,31.0,繫安全帶(使用幼童安全椅),未使用,車的狀態,向前直行中,汽車,右前車頭(身),,,駕駛者,恍神、緊張、心不在焉分心駕駛,否,120.256122,23.207736
2026,4.0,20260414.0,14835.0,A1,臺南市政府警察局,臺南市下營區西連里台84線東向16公里,晴,無照明,快速(公)道,90.0,單路部分,直路,路段,路肩、路緣,柏油,乾燥,無缺陷,無障礙物,無遮蔽物,良好,無號誌,無號誌,中央分向島,窄式附柵欄,車道線(附標記),未繪設快慢車道分隔線,有,車與車,其他,駕駛者,恍神、緊張、心不在焉分心駕駛,死亡1;受傷2,2.0,小貨車,自用,男,36.0,不明,不明,車的狀態,靜止(引擎熄火),汽車,左後車尾(身),,,無(車輛駕駛者因素),尚未發現肇事因素,否,120.256122,23.207736
2026,4.0,20260414.0,14835.0,A1,臺南市政府警察局,臺南市下營區西連里台84線東向16公里,晴,無照明,快速(公)道,90.0,單路部分,直路,路段,路肩、路緣,柏油,乾燥,無缺陷,無障礙物,無遮蔽物,良好,無號誌,無號誌,中央分向島,窄式附柵欄,車道線(附標記),未繪設快慢車道分隔線,有,車與車,其他,駕駛者,恍神、緊張、心不在焉分心駕駛,死亡1;受傷2,3.0,小貨車,自用,男,43.0,不明,不明,車的狀態,靜止(引擎熄火),汽車,後車尾,,,無(車輛駕駛者因素),尚未發現肇事因素,否,120.256122,23.207736
2026,4.0,20260414.0,14835.0,A1,臺南市政府警察局,臺南市下營區西連里台84線東向16公里,晴,無照明,快速(公)道,90.0,單路部分,直路,路段,路肩、路緣,柏油,乾燥,無缺陷,無障礙物,無遮蔽物,良好,無號誌,無號誌,中央分向島,窄式附柵欄,車道線(附標記),未繪設快慢車道分隔線,有,車與車,其他,駕駛者,恍神、緊張、心不在焉分心駕駛,死亡1;受傷2,4.0,人,其他人,男,36.0,其他(無需使用保護裝備之人),非駕駛人,人的狀態,靜立(止),其他,非汽、機及自行車,,,無(非車輛駕駛人因素),尚未發現肇事因素,否,120.256122,23.207736
2026,4.0,20260414.0,14835.0,A1,臺南市政府警察局,臺南市下營區西連里台84線東向16公里,晴,無照明,快速(公)道,90.0,單路部分,直路,路段,路肩、路緣,柏油,乾燥,無缺陷,無障礙物,無遮蔽物,良好,無號誌,無號誌,中央分向島,窄式附柵欄,車道線(附標記),未繪設快慢車道分隔線,有,車與車,其他,駕駛者,恍神、緊張、心不在焉分心駕駛,死亡1;受傷2,5.0,人,其他人,男,43.0,其他(無需使用保護裝備之人),非駕駛人,人的狀態,靜立(止),其他,非汽、機及自行車,,,無(非車輛駕駛人因素),尚未發現肇事因素,否,120.256122,23.207736
2026,4.0,20260414.0,51500.0,A1,新竹縣政府警察局,新竹縣關西鎮石光里石岡子530號前,晴,有照明且開啟,縣道,50.0,交岔路,三岔路,路段,快車道,柏油,乾燥,無缺陷,無障礙物,無遮蔽物,良好,閃光號誌,正常,雙向禁止超車線,附標記,車道線(附標記),快慢車道分隔線,有,人與車,穿越道路中,駕駛者,車輛未依規定暫停讓行人先行,死亡1;受傷0,1.0,小客車(含客、貨兩用),自用,男,63.0,不明,不明,車的狀態,向前直行中,汽車,前車頭,,,駕駛者,車輛未依規定暫停讓行人先行,否,121.124424,24.814593
2026,4.0,20260414.0,51500.0,A1,新竹縣政府警察局,新竹縣關西鎮石光里石岡子530號前,晴,有照明且開啟,縣道,50.0,交岔路,三岔路,路段,快車道,柏油,乾燥,無缺陷,無障礙物,無遮蔽物,良好,閃光號誌,正常,雙向禁止超車線,附標記,車道線(附標記),快慢車道分隔線,有,人與車,穿越道路中,駕駛者,車輛未依規定暫停讓行人先行,死亡1;受傷0,2.0,人,行人,女,70.0,其他(無需使用保護裝備之人),非駕駛人,人的狀態,步行,其他,非汽、機及自行車,,,無(非車輛駕駛人因素),尚未發現肇事因素,否,121.124424,24.814593
2026,4.0,20260414.0,100700.0,A1,臺南市政府警察局,臺南市中西區成功路口 / 臺南市中西區中成路口,晴,有照明未開啟或故障,市區道路,50.0,交岔路,多岔路,交叉路口,交叉路口內,柏油,乾燥,無缺陷,無障礙物,無遮蔽物,良好,行車管制號誌,正常,無,無分向設施,未繪設車道線,未繪設快慢車道分隔線,無,車與車,側撞,駕駛者,有號誌路口，轉彎車未讓直行車先行,死亡1;受傷1,1.0,小客車(含客、貨兩用),計程車,男,25.0,繫安全帶(使用幼童安全椅),未使用,車的狀態,左轉彎,汽車,右前車頭(身),,,駕駛者,有號誌路口，轉彎車未讓直行車先行,否,120.205305,22.998328
2026,4.0,20260414.0,100700.0,A1,臺南市政府警察局,臺南市中西區成功路口 / 臺南市中西區中成路口,晴,有照明未開啟或故障,市區道路,50.0,交岔路,多岔路,交叉路口,交叉路口內,柏油,乾燥,無缺陷,無障礙物,無遮蔽物,良好,行車管制號誌,正常,無,無分向設施,未繪設車道線,未繪設快慢車道分隔線,無,車與車,側撞,駕駛者,有號誌路口，轉彎車未讓直行車先行,死亡1;受傷1,2.0,機車,普通重型,男,21.0,戴非半罩式安全帽,未使用,車的狀態,向前直行中,機車與自行車,前車頭,,,駕駛者,超速駕駛,否,120.205305,22.998328
2026,4.0,20260414.0,150700.0,A1,臺中市政府警察局,臺中市大里區西湖里草溪西路190號前0.0公尺,晴,有照明未開啟或故障,市區道路,50.0,單路部分,直路,路段,一般車道(未劃分快慢車道),柏油,乾燥,無缺陷,無障礙物,無遮蔽物,良好,無號誌,無號誌,雙向禁止超車線,無標記,未繪設車道線,未繪設快慢車道分隔線,有,車與車,其他,其他,其他不當駕車行為,死亡1;受傷0,1.0,機車,普通重型,女,20.0,戴非半罩式安全帽,未使用,車的狀態,向前直行中,機車與自行車,左側車身,,,其他,其他不當駕車行為,否,120.685232,24.071383
2026,4.0,20260414.0,150700.0,A1,臺中市政府警察局,臺中市大里區西湖里草溪西路190號前0.0公尺,晴,有照明未開啟或故障,市區道路,50.0,單路部分,直路,路段,一般車道(未劃分快慢車道),柏油,乾燥,無缺陷,無障礙物,無遮蔽物,良好,無號誌,無號誌,雙向禁止超車線,無標記,未繪設車道線,未繪設快慢車道分隔線,有,車與車,其他,其他,其他不當駕車行為,死亡1;受傷0,2.0,曳引車,營業用,男,34.0,繫安全帶(使用幼童安全椅),未使用,車的狀態,向前直行中,汽車,右側車身,,,無(車輛駕駛者因素),尚未發現肇事因素,否,120.685232,24.071383
2026,4.0,20260414.0,233300.0,A1,屏東縣政府警察局,屏東縣屏東市復興南路一段187號前0.0公尺北,晴,有照明且開啟,市區道路,50.0,單路部分,直路,路段,快車道,柏油,乾燥,無缺陷,無障礙物,無遮蔽物,良好,閃光號誌,正常,中央分向島,窄式無柵欄,車道線(無標記),快慢車道分隔線,有,車輛本身,撞交通島,駕駛者,恍神、緊張、心不在焉分心駕駛,死亡1;受傷0,1.0,小客車(含客、貨兩用),自用,男,21.0,不明,不明,車的狀態,超車(含超越),汽車,前車頭,,,駕駛者,恍神、緊張、心不在焉分心駕駛,否,120.486111,22.650687
2026,4.0,20260414.0,233300.0,A1,屏東縣政府警察局,屏東縣屏東市復興南路一段187號前0.0公尺北,晴,有照明且開啟,市區道路,50.0,單路部分,直路,路段,快車道,柏油,乾燥,無缺陷,無障礙物,無遮蔽物,良好,閃光號誌,正常,中央分向島,窄式無柵欄,車道線(無標記),快慢車道分隔線,有,車輛本身,撞交通島,駕駛者,恍神、緊張、心不在焉分心駕駛,死亡1;受傷0,2.0,,,無或物(動物、堆置物),-1.0,,,,,,,,,無(非車輛駕駛人因素),尚未發現肇事因素,否,120.486111,22.650687
2026,4.0,20260415.0,63500.0,A1,新竹縣政府警察局,新竹縣橫山鄉中豐路二段109號前0.0公尺,晴,有照明未開啟或故障,省道,60.0,交岔路,三岔路,交叉路口,交叉路口內,柏油,乾燥,無缺陷,無障礙物,無遮蔽物,良好,行車管制號誌(附設行人專用號誌),正常,中央分向島,寬式(50公分以上),車道線(無標記),未繪設快慢車道分隔線,有,車與車,路口交岔撞,駕駛者,闖紅燈直行,死亡1;受傷0,1.0,小客車(含客、貨兩用),自用,女,55.0,繫安全帶(使用幼童安全椅),未使用,車的狀態,向前直行中,汽車,右前車頭(身),,,駕駛者,闖紅燈直行,否,121.135547,24.722307
2026,4.0,20260415.0,63500.0,A1,新竹縣政府警察局,新竹縣橫山鄉中豐路二段109號前0.0公尺,晴,有照明未開啟或故障,省道,60.0,交岔路,三岔路,交叉路口,交叉路口內,柏油,乾燥,無缺陷,無障礙物,無遮蔽物,良好,行車管制號誌(附設行人專用號誌),正常,中央分向島,寬式(50公分以上),車道線(無標記),未繪設快慢車道分隔線,有,車與車,路口交岔撞,駕駛者,闖紅燈直行,死亡1;受傷0,2.0,機車,普通重型,女,75.0,戴半罩式安全帽,未使用,車的狀態,向前直行中,機車與自行車,右側車身,,,無(車輛駕駛者因素),尚未發現肇事因素,否,121.135547,24.722307
2026,4.0,20260415.0,84800.0,A1,桃園市政府警察局,桃園市桃園區國際路一段588號前0.0公尺,晴,有照明未開啟或故障,市區道路,50.0,單路部分,直路,路段,一般車道(未劃分快慢車道),柏油,乾燥,無缺陷,無障礙物,無遮蔽物,良好,無號誌,無號誌,行車分向線,無標記,車道線(無標記),未繪設快慢車道分隔線,有,車與車,同向擦撞,駕駛者,未保持行車安全間隔,死亡1;受傷0,1.0,大貨車,營業用,男,37.0,不明,不明,車的狀態,向前直行中,汽車,右側車身,,,駕駛者,未保持行車安全間隔,否,121.289087,24.97514
2026,4.0,20260415.0,84800.0,A1,桃園市政府警察局,桃園市桃園區國際路一段588號前0.0公尺,晴,有照明未開啟或故障,市區道路,50.0,單路部分,直路,路段,一般車道(未劃分快慢車道),柏油,乾燥,無缺陷,無障礙物,無遮蔽物,良好,無號誌,無號誌,行車分向線,無標記,車道線(無標記),未繪設快慢車道分隔線,有,車與車,同向擦撞,駕駛者,未保持行車安全間隔,死亡1;受傷0,2.0,機車,普通重型,女,72.0,不明,不明,車的狀態,向前直行中,機車與自行車,左側車身,,,無(車輛駕駛者因素),尚未發現肇事因素,否,121.289087,24.97514
2026,4.0,20260415.0,101717.0,A1,苗栗縣警察局,苗栗縣卓蘭鎮苗140線與東盛農路口(30.8K),晴,有照明未開啟或故障,縣道,60.0,交岔路,三岔路,交叉路口,交叉口附近,柏油,乾燥,無缺陷,無障礙物,無遮蔽物,良好,行車管制號誌(附設行人專用號誌),正常,雙向禁止超車線,無標記,未繪設車道線,未繪設快慢車道分隔線,有,車與車,追撞,駕駛者,未保持行車安全距離,死亡1;受傷0,1.0,機車,普通重型,女,70.0,戴非半罩式安全帽,未使用,車的狀態,向前直行中,機車與自行車,前車頭,機車與自行車,前車頭,駕駛者,未保持行車安全距離,否,120.862797,24.291481
2026,4.0,20260415.0,101717.0,A1,苗栗縣警察局,苗栗縣卓蘭鎮苗140線與東盛農路口(30.8K),晴,有照明未開啟或故障,縣道,60.0,交岔路,三岔路,交叉路口,交叉口附近,柏油,乾燥,無缺陷,無障礙物,無遮蔽物,良好,行車管制號誌(附設行人專用號誌),正常,雙向禁止超車線,無標記,未繪設車道線,未繪設快慢車道分隔線,有,車與車,追撞,駕駛者,未保持行車安全距離,死亡1;受傷0,2.0,小客車(含客、貨兩用),自用,女,57.0,繫安全帶(使用幼童安全椅),未使用,車的狀態,等待(引擎未熄火),汽車,後車尾,汽車,後車尾,無(車輛駕駛者因素),尚未發現肇事因素,否,120.862797,24.291481
2026,4.0,20260415.0,112600.0,A1,國道公路警察局,新北市三重區國道1號 27公里700.0公尺處北向路肩,晴,有照明未開啟或故障,國道,100.0,單路部分,直路,路段,路肩、路緣,柏油,乾燥,無缺陷,攤位、棚架,無遮蔽物,良好,無號誌,無號誌,中央分向島,寬式(50公分以上),車道線(附標記),未繪設快慢車道分隔線,有,車與車,同向擦撞,駕駛者,恍神、緊張、心不在焉分心駕駛,死亡1;受傷2,1.0,小客車(含客、貨兩用),自用,女,20.0,繫安全帶(使用幼童安全椅),未使用,車的狀態,向前直行中,汽車,右前車頭(身),汽車,車頂,駕駛者,恍神、緊張、心不在焉分心駕駛,否,121.489919,25.074959