發生年度,發生月份,發生日期,發生時間,事故類別名稱,處理單位名稱警局層,發生地點,天候名稱,光線名稱,道路類別-第1當事者-名稱,速限-第1當事者,道路型態大類別名稱,道路型態子類別名稱,事故位置大類別名稱,事故位置子類別名稱,路面狀況-路面鋪裝名稱,路面狀況-路面狀態名稱,路面狀況-路面缺陷名稱,道路障礙-障礙物名稱,道路障礙-視距品質名稱,道路障礙-視距名稱,號誌-號誌種類名稱,號誌-號誌動作名稱,車道劃分設施-分向設施大類別名稱,車道劃分設施-分向設施子類別名稱,車道劃分設施-分道設施-快車道或一般車道間名稱,車道劃分設施-分道設施-快慢車道間名稱,車道劃分設施-分道設施-路面邊線名稱,事故類型及型態大類別名稱,事故類型及型態子類別名稱,肇因研判大類別名稱-主要,肇因研判子類別名稱-主要,死亡受傷人數,當事者順位,當事者區分-類別-大類別名稱-車種,當事者區分-類別-子類別名稱-車種,當事者屬-性-別名稱,當事者事故發生時年齡,保護裝備名稱,行動電話或電腦或其他相類功能裝置名稱,當事者行動狀態大類別名稱,當事者行動狀態子類別名稱,車輛撞擊部位大類別名稱-最初,車輛撞擊部位子類別名稱-最初,車輛撞擊部位大類別名稱-其他,車輛撞擊部位子類別名稱-其他,肇因研判大類別名稱-個別,肇因研判子類別名稱-個別,肇事逃逸類別名稱-是否肇逃,經度,緯度
2026,4.0,20260415.0,112600.0,A1,國道公路警察局,新北市三重區國道1號 27公里700.0公尺處北向路肩,晴,有照明未開啟或故障,國道,100.0,單路部分,直路,路段,路肩、路緣,柏油,乾燥,無缺陷,攤位、棚架,無遮蔽物,良好,無號誌,無號誌,中央分向島,寬式(50公分以上),車道線(附標記),未繪設快慢車道分隔線,有,車與車,同向擦撞,駕駛者,恍神、緊張、心不在焉分心駕駛,死亡1;受傷2,2.0,小貨車,自用,男,56.0,不明,不明,車的狀態,靜止(引擎熄火),汽車,左後車尾(身),汽車,右側車身,無(車輛駕駛者因素),尚未發現肇事因素,否,121.489919,25.074959
2026,4.0,20260415.0,112600.0,A1,國道公路警察局,新北市三重區國道1號 27公里700.0公尺處北向路肩,晴,有照明未開啟或故障,國道,100.0,單路部分,直路,路段,路肩、路緣,柏油,乾燥,無缺陷,攤位、棚架,無遮蔽物,良好,無號誌,無號誌,中央分向島,寬式(50公分以上),車道線(附標記),未繪設快慢車道分隔線,有,車與車,同向擦撞,駕駛者,恍神、緊張、心不在焉分心駕駛,死亡1;受傷2,3.0,人,乘客,男,49.0,不明,非駕駛人,人的狀態,其他,其他,非汽、機及自行車,,,無(非車輛駕駛人因素),尚未發現肇事因素,否,121.489919,25.074959
2026,4.0,20260415.0,112600.0,A1,國道公路警察局,新北市三重區國道1號 27公里700.0公尺處北向路肩,晴,有照明未開啟或故障,國道,100.0,單路部分,直路,路段,路肩、路緣,柏油,乾燥,無缺陷,攤位、棚架,無遮蔽物,良好,無號誌,無號誌,中央分向島,寬式(50公分以上),車道線(附標記),未繪設快慢車道分隔線,有,車與車,同向擦撞,駕駛者,恍神、緊張、心不在焉分心駕駛,死亡1;受傷2,4.0,,,無或物(動物、堆置物),-1.0,,,,,,,,,無(非車輛駕駛人因素),尚未發現肇事因素,否,121.489919,25.074959
2026,4.0,20260415.0,130000.0,A1,彰化縣警察局,彰化縣大城鄉東港村福建路口 / 彰化縣大城鄉東港村北勢路口,晴,無照明,村里道路,30.0,交岔路,四岔路,交叉路口,交叉路口內,柏油,乾燥,無缺陷,無障礙物,無遮蔽物,良好,無號誌,無號誌,無,無分向設施,未繪設車道線,未繪設快慢車道分隔線,無,車與車,路口交岔撞,駕駛者,其他未依規定讓車,死亡1;受傷0,1.0,機車,普通重型,男,20.0,戴半罩式安全帽,未使用,車的狀態,向前直行中,機車與自行車,左側車身,,,駕駛者,其他未依規定讓車,否,120.300562,23.864786
2026,4.0,20260415.0,130000.0,A1,彰化縣警察局,彰化縣大城鄉東港村福建路口 / 彰化縣大城鄉東港村北勢路口,晴,無照明,村里道路,30.0,交岔路,四岔路,交叉路口,交叉路口內,柏油,乾燥,無缺陷,無障礙物,無遮蔽物,良好,無號誌,無號誌,無,無分向設施,未繪設車道線,未繪設快慢車道分隔線,無,車與車,路口交岔撞,駕駛者,其他未依規定讓車,死亡1;受傷0,2.0,大貨車,自用,男,26.0,不明,不明,車的狀態,向前直行中,汽車,前車頭,,,駕駛者,未依規定減速,否,120.300562,23.864786
2026,4.0,20260415.0,135100.0,A1,花蓮縣警察局,花蓮縣鳳林鎮榮開路51號前路口,晴,有照明未開啟或故障,村里道路,30.0,交岔路,四岔路,交叉路口,交叉路口內,柏油,乾燥,無缺陷,無障礙物,無遮蔽物,良好,無號誌,無號誌,無,無分向設施,未繪設車道線,未繪設快慢車道分隔線,無,車與車,路口交岔撞,駕駛者,無號誌路口，左方車未讓右方車先行,死亡2;受傷0,1.0,機車,普通重型,男,64.0,戴半罩式安全帽,未使用,車的狀態,向前直行中,機車與自行車,前車頭,,,駕駛者,無號誌路口，左方車未讓右方車先行,否,121.467206,23.791068
2026,4.0,20260415.0,135100.0,A1,花蓮縣警察局,花蓮縣鳳林鎮榮開路51號前路口,晴,有照明未開啟或故障,村里道路,30.0,交岔路,四岔路,交叉路口,交叉路口內,柏油,乾燥,無缺陷,無障礙物,無遮蔽物,良好,無號誌,無號誌,無,無分向設施,未繪設車道線,未繪設快慢車道分隔線,無,車與車,路口交岔撞,駕駛者,無號誌路口，左方車未讓右方車先行,死亡2;受傷0,2.0,曳引車,營業用,男,36.0,繫安全帶(使用幼童安全椅),未使用,車的狀態,向前直行中,汽車,左側車身,,,駕駛者,未依規定減速,否,121.467206,23.791068
2026,4.0,20260415.0,135100.0,A1,花蓮縣警察局,花蓮縣鳳林鎮榮開路51號前路口,晴,有照明未開啟或故障,村里道路,30.0,交岔路,四岔路,交叉路口,交叉路口內,柏油,乾燥,無缺陷,無障礙物,無遮蔽物,良好,無號誌,無號誌,無,無分向設施,未繪設車道線,未繪設快慢車道分隔線,無,車與車,路口交岔撞,駕駛者,無號誌路口，左方車未讓右方車先行,死亡2;受傷0,3.0,人,乘客,男,74.0,戴半罩式安全帽,非駕駛人,人的狀態,靜立(止),其他,非汽、機及自行車,,,無(非車輛駕駛人因素),尚未發現肇事因素,否,121.467206,23.791068
2026,4.0,20260415.0,194500.0,A1,臺南市政府警察局,臺南市麻豆區安業里安業127號前,晴,有照明且開啟,村里道路,30.0,單路部分,直路,路段,一般車道(未劃分快慢車道),柏油,乾燥,無缺陷,無障礙物,無遮蔽物,良好,無號誌,無號誌,無,無分向設施,未繪設車道線,未繪設快慢車道分隔線,無,人與車,同向通行中,駕駛者,恍神、緊張、心不在焉分心駕駛,死亡1;受傷2,1.0,小客車(含客、貨兩用),自用,女,47.0,不明,未使用,車的狀態,右轉彎,汽車,前車頭,,,駕駛者,恍神、緊張、心不在焉分心駕駛,否,120.24502,23.159013
2026,4.0,20260415.0,194500.0,A1,臺南市政府警察局,臺南市麻豆區安業里安業127號前,晴,有照明且開啟,村里道路,30.0,單路部分,直路,路段,一般車道(未劃分快慢車道),柏油,乾燥,無缺陷,無障礙物,無遮蔽物,良好,無號誌,無號誌,無,無分向設施,未繪設車道線,未繪設快慢車道分隔線,無,人與車,同向通行中,駕駛者,恍神、緊張、心不在焉分心駕駛,死亡1;受傷2,2.0,人,行人,男,77.0,其他(無需使用保護裝備之人),非駕駛人,人的狀態,步行,其他,非汽、機及自行車,,,無(非車輛駕駛人因素),尚未發現肇事因素,否,120.24502,23.159013
2026,4.0,20260415.0,194500.0,A1,臺南市政府警察局,臺南市麻豆區安業里安業127號前,晴,有照明且開啟,村里道路,30.0,單路部分,直路,路段,一般車道(未劃分快慢車道),柏油,乾燥,無缺陷,無障礙物,無遮蔽物,良好,無號誌,無號誌,無,無分向設施,未繪設車道線,未繪設快慢車道分隔線,無,人與車,同向通行中,駕駛者,恍神、緊張、心不在焉分心駕駛,死亡1;受傷2,3.0,人,乘客,男,45.0,不明,非駕駛人,不明,不明,其他,非汽、機及自行車,,,無(非車輛駕駛人因素),尚未發現肇事因素,否,120.24502,23.159013
2026,4.0,20260415.0,194500.0,A1,臺南市政府警察局,臺南市麻豆區安業里安業127號前,晴,有照明且開啟,村里道路,30.0,單路部分,直路,路段,一般車道(未劃分快慢車道),柏油,乾燥,無缺陷,無障礙物,無遮蔽物,良好,無號誌,無號誌,無,無分向設施,未繪設車道線,未繪設快慢車道分隔線,無,人與車,同向通行中,駕駛者,恍神、緊張、心不在焉分心駕駛,死亡1;受傷2,4.0,,,無或物(動物、堆置物),-1.0,,,,,,,,,無(非車輛駕駛人因素),尚未發現肇事因素,否,120.24502,23.159013
2026,4.0,20260416.0,145300.0,A1,新北市政府警察局,新北市板橋區大觀路1段 / 新北市板橋區僑中一街,陰,有照明未開啟或故障,市區道路,50.0,交岔路,三岔路,交叉路口,交叉路口內,柏油,乾燥,無缺陷,無障礙物,無遮蔽物,良好,行車管制號誌(附設行人專用號誌),正常,雙向禁止超車線,無標記,車道線(無標記),未繪設快慢車道分隔線,有,人與車,穿越道路中,駕駛者,車輛未依規定暫停讓行人先行,死亡1;受傷0,1.0,小客車(含客、貨兩用),租賃小貨車,男,52.0,繫安全帶(使用幼童安全椅),未使用,車的狀態,左轉彎,汽車,前車頭,,,駕駛者,車輛未依規定暫停讓行人先行,否,121.44977,25.010995
2026,4.0,20260416.0,145300.0,A1,新北市政府警察局,新北市板橋區大觀路1段 / 新北市板橋區僑中一街,陰,有照明未開啟或故障,市區道路,50.0,交岔路,三岔路,交叉路口,交叉路口內,柏油,乾燥,無缺陷,無障礙物,無遮蔽物,良好,行車管制號誌(附設行人專用號誌),正常,雙向禁止超車線,無標記,車道線(無標記),未繪設快慢車道分隔線,有,人與車,穿越道路中,駕駛者,車輛未依規定暫停讓行人先行,死亡1;受傷0,2.0,人,行人,女,79.0,其他(無需使用保護裝備之人),非駕駛人,人的狀態,步行,其他,非汽、機及自行車,,,無(非車輛駕駛人因素),尚未發現肇事因素,否,121.44977,25.010995
2026,4.0,20260416.0,190900.0,A1,臺北市政府警察局,臺北市中正區羅斯福路3段 / 臺北市中正區辛亥路1段,雨,有照明且開啟,市區道路,50.0,交岔路,四岔路,交叉路口,交叉路口內,柏油,濕潤,無缺陷,無障礙物,無遮蔽物,良好,行車管制號誌(附設行人專用號誌),正常,中央分向島,窄式無柵欄,車道線(無標記),未繪設快慢車道分隔線,無,人與車,穿越道路中,非駕駛者,未依號誌或手勢指揮(示)穿越道路,死亡1;受傷0,1.0,人,行人,女,82.0,其他(無需使用保護裝備之人),非駕駛人,人的狀態,步行,其他,非汽、機及自行車,,,非駕駛者,未依號誌或手勢指揮(示)穿越道路,否,121.528954,25.019902
2026,4.0,20260416.0,190900.0,A1,臺北市政府警察局,臺北市中正區羅斯福路3段 / 臺北市中正區辛亥路1段,雨,有照明且開啟,市區道路,50.0,交岔路,四岔路,交叉路口,交叉路口內,柏油,濕潤,無缺陷,無障礙物,無遮蔽物,良好,行車管制號誌(附設行人專用號誌),正常,中央分向島,窄式無柵欄,車道線(無標記),未繪設快慢車道分隔線,無,人與車,穿越道路中,非駕駛者,未依號誌或手勢指揮(示)穿越道路,死亡1;受傷0,2.0,小客車(含客、貨兩用),租賃車,男,62.0,繫安全帶(使用幼童安全椅),未使用,車的狀態,向前直行中,汽車,右前車頭(身),,,駕駛者,超速駕駛,否,121.528954,25.019902
2026,4.0,20260416.0,230900.0,A1,高雄市政府警察局,高雄市路竹區村順安路281號前0.0公尺,晴,有照明且開啟,市區道路,50.0,單路部分,直路,路段,路肩、路緣,柏油,乾燥,無缺陷,無障礙物,無遮蔽物,良好,無號誌,無號誌,行車分向線,附標記,未繪設車道線,快慢車道分隔線,有,車輛本身,撞建築物,其他,其他不當駕車行為,死亡1;受傷0,1.0,小客車(含客、貨兩用),自用,男,39.0,未戴安全帽或未繫安全帶(未使用幼童安全椅),不明,車的狀態,向前直行中,汽車,前車頭,,,其他,其他不當駕車行為,否,120.24072,22.839804
2026,4.0,20260416.0,230900.0,A1,高雄市政府警察局,高雄市路竹區村順安路281號前0.0公尺,晴,有照明且開啟,市區道路,50.0,單路部分,直路,路段,路肩、路緣,柏油,乾燥,無缺陷,無障礙物,無遮蔽物,良好,無號誌,無號誌,行車分向線,附標記,未繪設車道線,快慢車道分隔線,有,車輛本身,撞建築物,其他,其他不當駕車行為,死亡1;受傷0,2.0,,,無或物(動物、堆置物),0.0,,,,,,,,,無(非車輛駕駛人因素),尚未發現肇事因素,否,120.24072,22.839804
2026,4.0,20260417.0,61600.0,A1,臺中市政府警察局,臺中市大安區南埔里南埔路前0.0公尺,晴,無照明,市區道路,50.0,單路部分,直路,路段,一般車道(未劃分快慢車道),柏油,乾燥,無缺陷,無障礙物,無遮蔽物,良好,無號誌,無號誌,中央分向島,寬式(50公分以上),車道線(無標記),未繪設快慢車道分隔線,有,車輛本身,路上翻車、摔倒,其他,其他不當駕車行為,死亡1;受傷0,1.0,機車,普通重型,男,55.0,戴半罩式安全帽,未使用,車的狀態,向前直行中,機車與自行車,右側車身,,,其他,其他不當駕車行為,否,120.571011,24.340705
2026,4.0,20260417.0,61600.0,A1,臺中市政府警察局,臺中市大安區南埔里南埔路前0.0公尺,晴,無照明,市區道路,50.0,單路部分,直路,路段,一般車道(未劃分快慢車道),柏油,乾燥,無缺陷,無障礙物,無遮蔽物,良好,無號誌,無號誌,中央分向島,寬式(50公分以上),車道線(無標記),未繪設快慢車道分隔線,有,車輛本身,路上翻車、摔倒,其他,其他不當駕車行為,死亡1;受傷0,2.0,,,無或物(動物、堆置物),0.0,,,,,,,,,無(非車輛駕駛人因素),尚未發現肇事因素,否,120.571011,24.340705
2026,4.0,20260417.0,102600.0,A1,臺中市政府警察局,臺中市豐原區社皮里豐原大道八段前0.0公尺,晴,有照明未開啟或故障,市區道路,60.0,單路部分,直路,路段,一般車道(未劃分快慢車道),柏油,乾燥,無缺陷,無障礙物,無遮蔽物,良好,無號誌,無號誌,中央分向島,寬式(50公分以上),車道線(無標記),快慢車道分隔線,有,車與車,同向擦撞,駕駛者,未保持行車安全間隔,死亡1;受傷0,1.0,大貨車,營業用,男,47.0,不明,不明,車的狀態,向右變換車道,汽車,右側車身,,,駕駛者,未保持行車安全間隔,否,120.703067,24.251098
2026,4.0,20260417.0,102600.0,A1,臺中市政府警察局,臺中市豐原區社皮里豐原大道八段前0.0公尺,晴,有照明未開啟或故障,市區道路,60.0,單路部分,直路,路段,一般車道(未劃分快慢車道),柏油,乾燥,無缺陷,無障礙物,無遮蔽物,良好,無號誌,無號誌,中央分向島,寬式(50公分以上),車道線(無標記),快慢車道分隔線,有,車與車,同向擦撞,駕駛者,未保持行車安全間隔,死亡1;受傷0,2.0,機車,普通輕型,女,79.0,未戴安全帽或未繫安全帶(未使用幼童安全椅),不明,車的狀態,向前直行中,機車與自行車,左側車身,,,無(車輛駕駛者因素),尚未發現肇事因素,否,120.703067,24.251098
2026,4.0,20260417.0,115200.0,A1,南投縣政府警察局,南投縣竹山鎮縣道149乙線3.7公里處,陰,無照明,縣道,40.0,單路部分,彎曲路及附近,路段,一般車道(未劃分快慢車道),柏油,乾燥,無缺陷,無障礙物,無遮蔽物,良好,無號誌,無號誌,雙向禁止超車線,無標記,未繪設車道線,未繪設快慢車道分隔線,有,車輛本身,衝出路外,機件,煞車失靈或故障,死亡1;受傷0,1.0,半聯結車,營業用,男,33.0,不明,不明,車的狀態,向前直行中,汽車,前車頭,,,機件,煞車失靈或故障,否,120.658572,23.618819
2026,4.0,20260417.0,115200.0,A1,南投縣政府警察局,南投縣竹山鎮縣道149乙線3.7公里處,陰,無照明,縣道,40.0,單路部分,彎曲路及附近,路段,一般車道(未劃分快慢車道),柏油,乾燥,無缺陷,無障礙物,無遮蔽物,良好,無號誌,無號誌,雙向禁止超車線,無標記,未繪設車道線,未繪設快慢車道分隔線,有,車輛本身,衝出路外,機件,煞車失靈或故障,死亡1;受傷0,2.0,,,無或物(動物、堆置物),-1.0,,,,,,,,,無(非車輛駕駛人因素),尚未發現肇事因素,否,120.658572,23.618819
2026,4.0,20260417.0,161900.0,A1,新北市政府警察局,新北市土城區城林橋機慢車專用道前0.0公尺,晴,無照明,市區道路,30.0,單路部分,彎曲路及附近,路段,機車專用道,柏油,乾燥,無缺陷,無障礙物,無遮蔽物,良好,無號誌,無號誌,無,無分向設施,未繪設車道線,未繪設快慢車道分隔線,有,車與車,同向擦撞,駕駛者,未保持行車安全間隔,死亡1;受傷0,1.0,機車,普通重型,男,20.0,戴半罩式安全帽,未使用,車的狀態,向前直行中,機車與自行車,右側車身,,,駕駛者,未保持行車安全間隔,否,121.434731,24.976365
2026,4.0,20260417.0,161900.0,A1,新北市政府警察局,新北市土城區城林橋機慢車專用道前0.0公尺,晴,無照明,市區道路,30.0,單路部分,彎曲路及附近,路段,機車專用道,柏油,乾燥,無缺陷,無障礙物,無遮蔽物,良好,無號誌,無號誌,無,無分向設施,未繪設車道線,未繪設快慢車道分隔線,有,車與車,同向擦撞,駕駛者,未保持行車安全間隔,死亡1;受傷0,2.0,機車,普通重型,男,71.0,戴半罩式安全帽,未使用,車的狀態,向前直行中,機車與自行車,左側車身,,,無(車輛駕駛者因素),尚未發現肇事因素,否,121.434731,24.976365
2026,4.0,20260417.0,185800.0,A1,屏東縣政府警察局,屏東縣佳冬鄉佳和路53-4號前0.0公尺,晴,有照明且開啟,省道,60.0,單路部分,直路,路段,快車道,柏油,乾燥,無缺陷,無障礙物,無遮蔽物,良好,無號誌,無號誌,雙向禁止超車線,無標記,禁止變換車道線(無標記),未繪設快慢車道分隔線,有,人與車,其他,非駕駛者,在道路上嬉戲或奔走不定,死亡1;受傷0,1.0,人,行人,男,76.0,其他(無需使用保護裝備之人),非駕駛人,人的狀態,其他,其他,非汽、機及自行車,汽車,右後車尾(身),非駕駛者,在道路上嬉戲或奔走不定,否,120.551931,22.414028
2026,4.0,20260417.0,185800.0,A1,屏東縣政府警察局,屏東縣佳冬鄉佳和路53-4號前0.0公尺,晴,有照明且開啟,省道,60.0,單路部分,直路,路段,快車道,柏油,乾燥,無缺陷,無障礙物,無遮蔽物,良好,無號誌,無號誌,雙向禁止超車線,無標記,禁止變換車道線(無標記),未繪設快慢車道分隔線,有,人與車,其他,非駕駛者,在道路上嬉戲或奔走不定,死亡1;受傷0,2.0,小客車(含客、貨兩用),自用,男,41.0,繫安全帶(使用幼童安全椅),未使用,車的狀態,向前直行中,汽車,右前車頭(身),,,其他,因光線、視線遮蔽致生事故,是,120.551931,22.414028
2026,4.0,20260418.0,3800.0,A1,新北市政府警察局,新北市中和區中山路3段28號前0.0公尺,晴,有照明且開啟,市區道路,50.0,單路部分,直路,路段,一般車道(未劃分快慢車道),柏油,乾燥,無缺陷,無障礙物,無遮蔽物,良好,無號誌,無號誌,中央分向島,寬式(50公分以上),車道線(無標記),未繪設快慢車道分隔線,有,車輛本身,其他,駕駛者,未依規定減速,死亡1;受傷0,1.0,機車,普通重型,男,18.0,戴半罩式安全帽,未使用,車的狀態,向前直行中,機車與自行車,前車頭,,,駕駛者,未依規定減速,否,121.479191,25.006063
2026,4.0,20260418.0,3800.0,A1,新北市政府警察局,新北市中和區中山路3段28號前0.0公尺,晴,有照明且開啟,市區道路,50.0,單路部分,直路,路段,一般車道(未劃分快慢車道),柏油,乾燥,無缺陷,無障礙物,無遮蔽物,良好,無號誌,無號誌,中央分向島,寬式(50公分以上),車道線(無標記),未繪設快慢車道分隔線,有,車輛本身,其他,駕駛者,未依規定減速,死亡1;受傷0,2.0,,,無或物(動物、堆置物),115.0,,,,,,,,,無(非車輛駕駛人因素),尚未發現肇事因素,否,121.479191,25.006063
2026,4.0,20260419.0,73500.0,A1,臺中市政府警察局,臺中市大肚區營埔里船頭一街39巷15號前0.0公尺,晴,有照明未開啟或故障,市區道路,30.0,單路部分,直路,路段,一般車道(未劃分快慢車道),柏油,乾燥,無缺陷,無障礙物,無遮蔽物,良好,無號誌,無號誌,雙向禁止超車線,無標記,未繪設車道線,未繪設快慢車道分隔線,有,車輛本身,衝出路外,其他,其他不當駕車行為,死亡1;受傷0,1.0,機車,普通重型,男,67.0,戴半罩式安全帽,未使用,車的狀態,向前直行中,其他,不明,,,其他,其他不當駕車行為,否,120.557298,24.125262
2026,4.0,20260419.0,73500.0,A1,臺中市政府警察局,臺中市大肚區營埔里船頭一街39巷15號前0.0公尺,晴,有照明未開啟或故障,市區道路,30.0,單路部分,直路,路段,一般車道(未劃分快慢車道),柏油,乾燥,無缺陷,無障礙物,無遮蔽物,良好,無號誌,無號誌,雙向禁止超車線,無標記,未繪設車道線,未繪設快慢車道分隔線,有,車輛本身,衝出路外,其他,其他不當駕車行為,死亡1;受傷0,2.0,,,無或物(動物、堆置物),0.0,,,,,,,,,無(非車輛駕駛人因素),尚未發現肇事因素,否,120.557298,24.125262
2026,4.0,20260419.0,152600.0,A1,嘉義縣警察局,嘉義縣大埔鄉西興村,晴,無照明,省道,30.0,單路部分,彎曲路及附近,路段,一般車道(未劃分快慢車道),柏油,乾燥,無缺陷,無障礙物,無遮蔽物,良好,無號誌,無號誌,雙向禁止超車線,無標記,車道線(無標記),未繪設快慢車道分隔線,有,車與車,對撞,駕駛者,逆向行駛,死亡1;受傷0,1.0,機車,大型重型1(550C.C.以上),男,30.0,戴非半罩式安全帽,未使用,車的狀態,向前直行中,機車與自行車,前車頭,,,駕駛者,逆向行駛,否,120.548791,23.225588
2026,4.0,20260419.0,152600.0,A1,嘉義縣警察局,嘉義縣大埔鄉西興村,晴,無照明,省道,30.0,單路部分,彎曲路及附近,路段,一般車道(未劃分快慢車道),柏油,乾燥,無缺陷,無障礙物,無遮蔽物,良好,無號誌,無號誌,雙向禁止超車線,無標記,車道線(無標記),未繪設快慢車道分隔線,有,車與車,對撞,駕駛者,逆向行駛,死亡1;受傷0,2.0,小客車(含客、貨兩用),自用,男,41.0,繫安全帶(使用幼童安全椅),未使用,車的狀態,向前直行中,汽車,前車頭,,,無(車輛駕駛者因素),尚未發現肇事因素,否,120.548791,23.225588
2026,4.0,20260419.0,184200.0,A1,臺中市政府警察局,臺中市大里區新里里大里路420-1號前0.0公尺,晴,有照明且開啟,市區道路,50.0,單路部分,直路,路段,快車道,柏油,乾燥,無缺陷,無障礙物,無遮蔽物,良好,無號誌,無號誌,雙向禁止超車線,無標記,車道線(無標記),快慢車道分隔線,無,人與車,穿越道路中,非駕駛者,未依標誌或標線穿越道路,死亡1;受傷1,1.0,人,行人,女,82.0,其他(無需使用保護裝備之人),非駕駛人,人的狀態,奔跑,其他,非汽、機及自行車,,,非駕駛者,未依標誌或標線穿越道路,否,120.675405,24.097782
2026,4.0,20260419.0,184200.0,A1,臺中市政府警察局,臺中市大里區新里里大里路420-1號前0.0公尺,晴,有照明且開啟,市區道路,50.0,單路部分,直路,路段,快車道,柏油,乾燥,無缺陷,無障礙物,無遮蔽物,良好,無號誌,無號誌,雙向禁止超車線,無標記,車道線(無標記),快慢車道分隔線,無,人與車,穿越道路中,非駕駛者,未依標誌或標線穿越道路,死亡1;受傷1,2.0,機車,普通重型,男,20.0,戴半罩式安全帽,未使用,車的狀態,向前直行中,機車與自行車,前車頭,,,其他,其他不當駕車行為,否,120.675405,24.097782
2026,4.0,20260419.0,193006.0,A1,桃園市政府警察局,桃園市中壢區聖德路二段836號旁,晴,有照明未開啟或故障,市區道路,50.0,交岔路,三岔路,交叉路口,交叉口附近,柏油,乾燥,無缺陷,無障礙物,無遮蔽物,良好,無號誌,無號誌,行車分向線,無標記,車道線(無標記),未繪設快慢車道分隔線,有,車輛本身,撞電桿,駕駛者,恍神、緊張、心不在焉分心駕駛,死亡1;受傷0,1.0,機車,普通重型,男,22.0,戴非半罩式安全帽,未使用,車的狀態,其他,機車與自行車,前車頭,,,駕駛者,恍神、緊張、心不在焉分心駕駛,否,121.195014,25.025913
2026,4.0,20260419.0,193006.0,A1,桃園市政府警察局,桃園市中壢區聖德路二段836號旁,晴,有照明未開啟或故障,市區道路,50.0,交岔路,三岔路,交叉路口,交叉口附近,柏油,乾燥,無缺陷,無障礙物,無遮蔽物,良好,無號誌,無號誌,行車分向線,無標記,車道線(無標記),未繪設快慢車道分隔線,有,車輛本身,撞電桿,駕駛者,恍神、緊張、心不在焉分心駕駛,死亡1;受傷0,2.0,,,無或物(動物、堆置物),-1.0,,,,,,,,,無(非車輛駕駛人因素),尚未發現肇事因素,否,121.195014,25.025913
2026,4.0,20260420.0,84600.0,A1,屏東縣政府警察局,屏東縣九如鄉九如路三段9巷50號,晴,無照明,村里道路,30.0,交岔路,四岔路,交叉路口,交叉口附近,柏油,乾燥,無缺陷,無障礙物,無遮蔽物,良好,無號誌,無號誌,無,無分向設施,未繪設車道線,未繪設快慢車道分隔線,有,車與車,路口交岔撞,駕駛者,無號誌路口，左方車未讓右方車先行,死亡1;受傷0,1.0,小客車(含客、貨兩用),自用,男,49.0,繫安全帶(使用幼童安全椅),未使用,車的狀態,向前直行中,汽車,右前車頭(身),汽車,右前車頭(身),駕駛者,無號誌路口，左方車未讓右方車先行,否,120.484824,22.742229
2026,4.0,20260420.0,84600.0,A1,屏東縣政府警察局,屏東縣九如鄉九如路三段9巷50號,晴,無照明,村里道路,30.0,交岔路,四岔路,交叉路口,交叉口附近,柏油,乾燥,無缺陷,無障礙物,無遮蔽物,良好,無號誌,無號誌,無,無分向設施,未繪設車道線,未繪設快慢車道分隔線,有,車與車,路口交岔撞,駕駛者,無號誌路口，左方車未讓右方車先行,死亡1;受傷0,2.0,機車,普通重型,男,30.0,戴非半罩式安全帽,未使用,車的狀態,向前直行中,機車與自行車,前車頭,機車與自行車,左側車身,駕駛者,未依規定減速,否,120.484824,22.742229
2026,4.0,20260420.0,135400.0,A1,桃園市政府警察局,桃園市大園區中山北路139號前0.0公尺,晴,無照明,市區道路,50.0,單路部分,彎曲路及附近,路段,一般車道(未劃分快慢車道),柏油,乾燥,無缺陷,無障礙物,無遮蔽物,良好,無號誌,無號誌,行車分向線,無標記,未繪設車道線,未繪設快慢車道分隔線,有,車與車,同向擦撞,駕駛者,未保持行車安全間隔,死亡1;受傷0,1.0,小客車(含客、貨兩用),自用,女,22.0,繫安全帶(使用幼童安全椅),未使用,車的狀態,超車(含超越),汽車,右側車身,,,駕駛者,未保持行車安全間隔,否,121.196247,25.06746
2026,4.0,20260420.0,135400.0,A1,桃園市政府警察局,桃園市大園區中山北路139號前0.0公尺,晴,無照明,市區道路,50.0,單路部分,彎曲路及附近,路段,一般車道(未劃分快慢車道),柏油,乾燥,無缺陷,無障礙物,無遮蔽物,良好,無號誌,無號誌,行車分向線,無標記,未繪設車道線,未繪設快慢車道分隔線,有,車與車,同向擦撞,駕駛者,未保持行車安全間隔,死亡1;受傷0,2.0,機車,普通重型,女,78.0,戴非半罩式安全帽,未使用,車的狀態,向前直行中,機車與自行車,左側車身,,,無(車輛駕駛者因素),尚未發現肇事因素,否,121.196247,25.06746