發生年度,發生月份,發生日期,發生時間,事故類別名稱,處理單位名稱警局層,發生地點,天候名稱,光線名稱,道路類別-第1當事者-名稱,速限-第1當事者,道路型態大類別名稱,道路型態子類別名稱,事故位置大類別名稱,事故位置子類別名稱,路面狀況-路面鋪裝名稱,路面狀況-路面狀態名稱,路面狀況-路面缺陷名稱,道路障礙-障礙物名稱,道路障礙-視距品質名稱,道路障礙-視距名稱,號誌-號誌種類名稱,號誌-號誌動作名稱,車道劃分設施-分向設施大類別名稱,車道劃分設施-分向設施子類別名稱,車道劃分設施-分道設施-快車道或一般車道間名稱,車道劃分設施-分道設施-快慢車道間名稱,車道劃分設施-分道設施-路面邊線名稱,事故類型及型態大類別名稱,事故類型及型態子類別名稱,肇因研判大類別名稱-主要,肇因研判子類別名稱-主要,死亡受傷人數,當事者順位,當事者區分-類別-大類別名稱-車種,當事者區分-類別-子類別名稱-車種,當事者屬-性-別名稱,當事者事故發生時年齡,保護裝備名稱,行動電話或電腦或其他相類功能裝置名稱,當事者行動狀態大類別名稱,當事者行動狀態子類別名稱,車輛撞擊部位大類別名稱-最初,車輛撞擊部位子類別名稱-最初,車輛撞擊部位大類別名稱-其他,車輛撞擊部位子類別名稱-其他,肇因研判大類別名稱-個別,肇因研判子類別名稱-個別,肇事逃逸類別名稱-是否肇逃,經度,緯度
2026,4.0,20260420.0,173900.0,A1,臺南市政府警察局,臺南市下營區賀建里區道南68線口 / 臺南市下營區賀建里區道南69線口,晴,有照明未開啟或故障,市區道路,30.0,交岔路,四岔路,交叉路口,交叉路口內,柏油,乾燥,無缺陷,無障礙物,無遮蔽物,良好,無號誌,無號誌,無,無分向設施,未繪設車道線,未繪設快慢車道分隔線,無,車與車,路口交岔撞,駕駛者,無號誌路口，支線道未讓幹線道先行,死亡1;受傷0,1.0,機車,普通重型,男,80.0,戴非半罩式安全帽,未使用,車的狀態,向前直行中,機車與自行車,右側車身,,,駕駛者,無號誌路口，支線道未讓幹線道先行,否,120.281927,23.249625
2026,4.0,20260420.0,173900.0,A1,臺南市政府警察局,臺南市下營區賀建里區道南68線口 / 臺南市下營區賀建里區道南69線口,晴,有照明未開啟或故障,市區道路,30.0,交岔路,四岔路,交叉路口,交叉路口內,柏油,乾燥,無缺陷,無障礙物,無遮蔽物,良好,無號誌,無號誌,無,無分向設施,未繪設車道線,未繪設快慢車道分隔線,無,車與車,路口交岔撞,駕駛者,無號誌路口，支線道未讓幹線道先行,死亡1;受傷0,2.0,小客車(含客、貨兩用),自用,男,63.0,繫安全帶(使用幼童安全椅),未使用,車的狀態,向前直行中,汽車,左前車頭(身),,,駕駛者,未依規定減速,否,120.281927,23.249625
2026,4.0,20260421.0,40422.0,A1,苗栗縣警察局,苗栗縣通霄鎮內湖里內湖21之1號前(通霄內湖倉庫),晴,有照明且開啟,縣道,50.0,單路部分,彎曲路及附近,路段,路肩、路緣,柏油,乾燥,無缺陷,無障礙物,無遮蔽物,良好,無號誌,無號誌,行車分向線,無標記,車道線(無標記),快慢車道分隔線,有,車輛本身,路上翻車、摔倒,駕駛者,恍神、緊張、心不在焉分心駕駛,死亡1;受傷0,1.0,機車,普通重型,男,50.0,戴半罩式安全帽,未使用,車的狀態,向前直行中,機車與自行車,前車頭,,,駕駛者,恍神、緊張、心不在焉分心駕駛,否,120.711937,24.502413
2026,4.0,20260421.0,40422.0,A1,苗栗縣警察局,苗栗縣通霄鎮內湖里內湖21之1號前(通霄內湖倉庫),晴,有照明且開啟,縣道,50.0,單路部分,彎曲路及附近,路段,路肩、路緣,柏油,乾燥,無缺陷,無障礙物,無遮蔽物,良好,無號誌,無號誌,行車分向線,無標記,車道線(無標記),快慢車道分隔線,有,車輛本身,路上翻車、摔倒,駕駛者,恍神、緊張、心不在焉分心駕駛,死亡1;受傷0,2.0,,,無或物(動物、堆置物),-1.0,,,,,,,,,無(非車輛駕駛人因素),尚未發現肇事因素,否,120.711937,24.502413
2026,4.0,20260421.0,70153.0,A1,臺南市政府警察局,臺南市安南區長和路二段口 / 臺南市安南區和濟路口,晴,有照明未開啟或故障,市區道路,50.0,單路部分,直路,路段,一般車道(未劃分快慢車道),柏油,乾燥,無缺陷,無障礙物,無遮蔽物,良好,行車管制號誌,正常,雙向禁止超車線,無標記,車道線(無標記),未繪設快慢車道分隔線,有,車輛本身,撞號誌、標誌桿,駕駛者,恍神、緊張、心不在焉分心駕駛,死亡1;受傷0,1.0,機車,普通重型,男,73.0,戴半罩式安全帽,未使用,車的狀態,向前直行中,機車與自行車,前車頭,,,駕駛者,恍神、緊張、心不在焉分心駕駛,否,120.223076,23.068125
2026,4.0,20260421.0,70153.0,A1,臺南市政府警察局,臺南市安南區長和路二段口 / 臺南市安南區和濟路口,晴,有照明未開啟或故障,市區道路,50.0,單路部分,直路,路段,一般車道(未劃分快慢車道),柏油,乾燥,無缺陷,無障礙物,無遮蔽物,良好,行車管制號誌,正常,雙向禁止超車線,無標記,車道線(無標記),未繪設快慢車道分隔線,有,車輛本身,撞號誌、標誌桿,駕駛者,恍神、緊張、心不在焉分心駕駛,死亡1;受傷0,2.0,,,無或物(動物、堆置物),-1.0,,,,,,,,,無(非車輛駕駛人因素),尚未發現肇事因素,否,120.223076,23.068125
2026,4.0,20260421.0,90200.0,A1,嘉義縣警察局,嘉義縣朴子市德興里新吉庄500號,晴,有照明未開啟或故障,縣道,60.0,交岔路,四岔路,交叉路口,交叉口附近,柏油,乾燥,無缺陷,無障礙物,無遮蔽物,良好,行車管制號誌,正常,雙向禁止超車線,無標記,車道線(附標記),未繪設快慢車道分隔線,有,車輛本身,衝出路外,其他,車輛或機械操作不當(慎),死亡1;受傷0,1.0,機車,普通重型,男,18.0,戴非半罩式安全帽,不明,車的狀態,向前直行中,其他,不明,,,其他,車輛或機械操作不當(慎),否,120.262889,23.471229
2026,4.0,20260421.0,90200.0,A1,嘉義縣警察局,嘉義縣朴子市德興里新吉庄500號,晴,有照明未開啟或故障,縣道,60.0,交岔路,四岔路,交叉路口,交叉口附近,柏油,乾燥,無缺陷,無障礙物,無遮蔽物,良好,行車管制號誌,正常,雙向禁止超車線,無標記,車道線(附標記),未繪設快慢車道分隔線,有,車輛本身,衝出路外,其他,車輛或機械操作不當(慎),死亡1;受傷0,2.0,,,無或物(動物、堆置物),-1.0,,,,,,,,,無(非車輛駕駛人因素),尚未發現肇事因素,否,120.262889,23.471229
2026,4.0,20260421.0,162100.0,A1,臺中市政府警察局,臺中市龍井區山腳里中華路三段129號前0.0公尺,晴,有照明未開啟或故障,市區道路,70.0,單路部分,直路,路段,路肩、路緣,柏油,乾燥,無缺陷,無障礙物,無遮蔽物,良好,無號誌,無號誌,中央分向島,寬式(50公分以上),車道線(無標記),快慢車道分隔線,有,車與車,其他,其他,其他不當駕車行為,死亡1;受傷2,1.0,小客車(含客、貨兩用),自用,男,53.0,不明,不明,車的狀態,向前直行中,汽車,右前車頭(身),,,其他,其他不當駕車行為,是,120.541197,24.214448
2026,4.0,20260421.0,162100.0,A1,臺中市政府警察局,臺中市龍井區山腳里中華路三段129號前0.0公尺,晴,有照明未開啟或故障,市區道路,70.0,單路部分,直路,路段,路肩、路緣,柏油,乾燥,無缺陷,無障礙物,無遮蔽物,良好,無號誌,無號誌,中央分向島,寬式(50公分以上),車道線(無標記),快慢車道分隔線,有,車與車,其他,其他,其他不當駕車行為,死亡1;受傷2,2.0,大貨車,營業用,男,46.0,未戴安全帽或未繫安全帶(未使用幼童安全椅),未使用,車的狀態,靜止(引擎熄火),汽車,左後車尾(身),,,無(車輛駕駛者因素),尚未發現肇事因素,否,120.541197,24.214448
2026,4.0,20260421.0,162100.0,A1,臺中市政府警察局,臺中市龍井區山腳里中華路三段129號前0.0公尺,晴,有照明未開啟或故障,市區道路,70.0,單路部分,直路,路段,路肩、路緣,柏油,乾燥,無缺陷,無障礙物,無遮蔽物,良好,無號誌,無號誌,中央分向島,寬式(50公分以上),車道線(無標記),快慢車道分隔線,有,車與車,其他,其他,其他不當駕車行為,死亡1;受傷2,3.0,人,乘客,女,51.0,不明,非駕駛人,人的狀態,其他,其他,非汽、機及自行車,,,無(非車輛駕駛人因素),尚未發現肇事因素,否,120.541197,24.214448
2026,4.0,20260421.0,162100.0,A1,臺中市政府警察局,臺中市龍井區山腳里中華路三段129號前0.0公尺,晴,有照明未開啟或故障,市區道路,70.0,單路部分,直路,路段,路肩、路緣,柏油,乾燥,無缺陷,無障礙物,無遮蔽物,良好,無號誌,無號誌,中央分向島,寬式(50公分以上),車道線(無標記),快慢車道分隔線,有,車與車,其他,其他,其他不當駕車行為,死亡1;受傷2,4.0,人,乘客,男,47.0,不明,非駕駛人,人的狀態,其他,其他,非汽、機及自行車,,,無(非車輛駕駛人因素),尚未發現肇事因素,否,120.541197,24.214448
2026,4.0,20260422.0,171300.0,A1,宜蘭縣政府警察局,宜蘭縣三星鄉台七丙線4.6公里,晴,無照明,省道,50.0,單路部分,直路,路段,一般車道(未劃分快慢車道),柏油,乾燥,無缺陷,無障礙物,無遮蔽物,良好,無號誌,無號誌,雙向禁止超車線,無標記,禁止變換車道線(無標記),未繪設快慢車道分隔線,有,車輛本身,衝出路外,駕駛者,酒醉(後)駕駛,死亡1;受傷0,1.0,小客車(含客、貨兩用),自用,男,68.0,未戴安全帽或未繫安全帶(未使用幼童安全椅),未使用,車的狀態,其他,汽車,前車頭,,,駕駛者,酒醉(後)駕駛,否,121.600274,24.639247
2026,4.0,20260422.0,171300.0,A1,宜蘭縣政府警察局,宜蘭縣三星鄉台七丙線4.6公里,晴,無照明,省道,50.0,單路部分,直路,路段,一般車道(未劃分快慢車道),柏油,乾燥,無缺陷,無障礙物,無遮蔽物,良好,無號誌,無號誌,雙向禁止超車線,無標記,禁止變換車道線(無標記),未繪設快慢車道分隔線,有,車輛本身,衝出路外,駕駛者,酒醉(後)駕駛,死亡1;受傷0,2.0,,,無或物(動物、堆置物),-1.0,,,,,,,,,無(非車輛駕駛人因素),尚未發現肇事因素,否,121.600274,24.639247
2026,4.0,20260423.0,51100.0,A1,新北市政府警察局,新北市土城區擺接堡路前0.0公尺,晴,有照明且開啟,其他,50.0,單路部分,直路,路段,一般車道(未劃分快慢車道),柏油,乾燥,無缺陷,無障礙物,無遮蔽物,良好,無號誌,無號誌,雙向禁止超車線,無標記,未繪設車道線,未繪設快慢車道分隔線,有,車輛本身,撞護欄(樁),駕駛者,超速駕駛,死亡1;受傷0,1.0,機車,普通重型,男,48.0,戴半罩式安全帽,未使用,車的狀態,其他,機車與自行車,前車頭,,,駕駛者,超速駕駛,否,121.411961,24.961783
2026,4.0,20260423.0,51100.0,A1,新北市政府警察局,新北市土城區擺接堡路前0.0公尺,晴,有照明且開啟,其他,50.0,單路部分,直路,路段,一般車道(未劃分快慢車道),柏油,乾燥,無缺陷,無障礙物,無遮蔽物,良好,無號誌,無號誌,雙向禁止超車線,無標記,未繪設車道線,未繪設快慢車道分隔線,有,車輛本身,撞護欄(樁),駕駛者,超速駕駛,死亡1;受傷0,2.0,,,無或物(動物、堆置物),0.0,,,,,,,,,無(非車輛駕駛人因素),尚未發現肇事因素,否,121.411961,24.961783
2026,4.0,20260423.0,92300.0,A1,新北市政府警察局,新北市新店區安康路3段182號前0.0公尺,晴,有照明且開啟,市區道路,50.0,單路部分,直路,路段,一般車道(未劃分快慢車道),柏油,乾燥,無缺陷,無障礙物,無遮蔽物,良好,無號誌,無號誌,雙向禁止超車線,無標記,車道線(無標記),未繪設快慢車道分隔線,有,車與車,追撞,駕駛者,恍神、緊張、心不在焉分心駕駛,死亡1;受傷2,1.0,機車,普通重型,男,77.0,戴半罩式安全帽,未使用,車的狀態,向前直行中,機車與自行車,前車頭,,,駕駛者,恍神、緊張、心不在焉分心駕駛,否,121.489105,24.951768
2026,4.0,20260423.0,92300.0,A1,新北市政府警察局,新北市新店區安康路3段182號前0.0公尺,晴,有照明且開啟,市區道路,50.0,單路部分,直路,路段,一般車道(未劃分快慢車道),柏油,乾燥,無缺陷,無障礙物,無遮蔽物,良好,無號誌,無號誌,雙向禁止超車線,無標記,車道線(無標記),未繪設快慢車道分隔線,有,車與車,追撞,駕駛者,恍神、緊張、心不在焉分心駕駛,死亡1;受傷2,2.0,機車,普通重型,女,74.0,戴半罩式安全帽,未使用,車的狀態,向前直行中,機車與自行車,後車尾,,,無(車輛駕駛者因素),尚未發現肇事因素,否,121.489105,24.951768
2026,4.0,20260423.0,92300.0,A1,新北市政府警察局,新北市新店區安康路3段182號前0.0公尺,晴,有照明且開啟,市區道路,50.0,單路部分,直路,路段,一般車道(未劃分快慢車道),柏油,乾燥,無缺陷,無障礙物,無遮蔽物,良好,無號誌,無號誌,雙向禁止超車線,無標記,車道線(無標記),未繪設快慢車道分隔線,有,車與車,追撞,駕駛者,恍神、緊張、心不在焉分心駕駛,死亡1;受傷2,3.0,機車,普通重型,男,22.0,戴半罩式安全帽,未使用,車的狀態,向前直行中,機車與自行車,左側車身,,,無(車輛駕駛者因素),尚未發現肇事因素,否,121.489105,24.951768
2026,4.0,20260423.0,92300.0,A1,新北市政府警察局,新北市新店區安康路3段182號前0.0公尺,晴,有照明且開啟,市區道路,50.0,單路部分,直路,路段,一般車道(未劃分快慢車道),柏油,乾燥,無缺陷,無障礙物,無遮蔽物,良好,無號誌,無號誌,雙向禁止超車線,無標記,車道線(無標記),未繪設快慢車道分隔線,有,車與車,追撞,駕駛者,恍神、緊張、心不在焉分心駕駛,死亡1;受傷2,4.0,大客車,民營公車,男,65.0,繫安全帶(使用幼童安全椅),未使用,車的狀態,向前直行中,汽車,前車頭,,,無(車輛駕駛者因素),尚未發現肇事因素,否,121.489105,24.951768
2026,4.0,20260423.0,173000.0,A1,高雄市政府警察局,高雄市鼓山區村龍德路 / 高雄市鼓山區富農路,晴,無照明,市區道路,50.0,交岔路,四岔路,交叉路口,交叉路口內,柏油,乾燥,無缺陷,無障礙物,無遮蔽物,良好,行車管制號誌,正常,雙向禁止超車線,附標記,禁止變換車道線(附標記),快慢車道分隔線,有,車與車,側撞,駕駛者,有號誌路口，轉彎車未讓直行車先行,死亡1;受傷1,1.0,機車,普通重型,男,47.0,戴半罩式安全帽,未使用,車的狀態,左轉彎,機車與自行車,右側車身,,,駕駛者,有號誌路口，轉彎車未讓直行車先行,否,120.295825,22.656673
2026,4.0,20260423.0,173000.0,A1,高雄市政府警察局,高雄市鼓山區村龍德路 / 高雄市鼓山區富農路,晴,無照明,市區道路,50.0,交岔路,四岔路,交叉路口,交叉路口內,柏油,乾燥,無缺陷,無障礙物,無遮蔽物,良好,行車管制號誌,正常,雙向禁止超車線,附標記,禁止變換車道線(附標記),快慢車道分隔線,有,車與車,側撞,駕駛者,有號誌路口，轉彎車未讓直行車先行,死亡1;受傷1,2.0,機車,普通重型,男,73.0,戴半罩式安全帽,未使用,車的狀態,向前直行中,機車與自行車,前車頭,,,駕駛者,恍神、緊張、心不在焉分心駕駛,否,120.295825,22.656673
2026,4.0,20260424.0,11700.0,A1,屏東縣政府警察局,屏東縣九如鄉國三下平面車道(近五權路口),晴,有照明且開啟,村里道路,50.0,單路部分,直路,路段,一般車道(未劃分快慢車道),柏油,乾燥,無缺陷,無障礙物,無遮蔽物,良好,無號誌,無號誌,中央分向島,寬式(50公分以上),車道線(無標記),未繪設快慢車道分隔線,有,車輛本身,撞護欄(樁),駕駛者,恍神、緊張、心不在焉分心駕駛,死亡1;受傷0,1.0,機車,普通重型,女,24.0,戴非半罩式安全帽,不明,車的狀態,向前直行中,機車與自行車,右側車身,,,駕駛者,恍神、緊張、心不在焉分心駕駛,否,120.50412,22.739946
2026,4.0,20260424.0,11700.0,A1,屏東縣政府警察局,屏東縣九如鄉國三下平面車道(近五權路口),晴,有照明且開啟,村里道路,50.0,單路部分,直路,路段,一般車道(未劃分快慢車道),柏油,乾燥,無缺陷,無障礙物,無遮蔽物,良好,無號誌,無號誌,中央分向島,寬式(50公分以上),車道線(無標記),未繪設快慢車道分隔線,有,車輛本身,撞護欄(樁),駕駛者,恍神、緊張、心不在焉分心駕駛,死亡1;受傷0,2.0,,,無或物(動物、堆置物),-1.0,,,,,,,,,無(非車輛駕駛人因素),尚未發現肇事因素,否,120.50412,22.739946
2026,4.0,20260424.0,75300.0,A1,嘉義縣警察局,嘉義縣中埔鄉隆興村台18線與台三線岔路口,晴,有照明未開啟或故障,省道,50.0,交岔路,四岔路,交叉路口,交叉路口內,柏油,乾燥,無缺陷,無障礙物,無遮蔽物,良好,行車管制號誌,正常,無,無分向設施,未繪設車道線,未繪設快慢車道分隔線,無,車與車,路口交岔撞,駕駛者,闖紅燈直行,死亡1;受傷1,1.0,機車,普通重型,女,27.0,戴非半罩式安全帽,未使用,車的狀態,向前直行中,機車與自行車,前車頭,,,駕駛者,闖紅燈直行,否,120.52787,23.441664
2026,4.0,20260424.0,75300.0,A1,嘉義縣警察局,嘉義縣中埔鄉隆興村台18線與台三線岔路口,晴,有照明未開啟或故障,省道,50.0,交岔路,四岔路,交叉路口,交叉路口內,柏油,乾燥,無缺陷,無障礙物,無遮蔽物,良好,行車管制號誌,正常,無,無分向設施,未繪設車道線,未繪設快慢車道分隔線,無,車與車,路口交岔撞,駕駛者,闖紅燈直行,死亡1;受傷1,2.0,機車,普通重型,女,54.0,戴非半罩式安全帽,未使用,車的狀態,向前直行中,機車與自行車,左側車身,,,無(車輛駕駛者因素),尚未發現肇事因素,否,120.52787,23.441664
2026,4.0,20260424.0,111800.0,A1,臺中市政府警察局,臺中市梧棲區大村里中華路一段979巷前0.0公尺,雨,有照明未開啟或故障,市區道路,50.0,單路部分,直路,路段,一般車道(未劃分快慢車道),柏油,濕潤,無缺陷,無障礙物,無遮蔽物,良好,無號誌,無號誌,行車分向線,無標記,未繪設車道線,未繪設快慢車道分隔線,有,車輛本身,衝出路外,其他,其他不當駕車行為,死亡1;受傷0,1.0,機車,普通重型,女,64.0,戴半罩式安全帽,未使用,車的狀態,向前直行中,機車與自行車,前車頭,,,其他,其他不當駕車行為,否,120.545008,24.240449
2026,4.0,20260424.0,111800.0,A1,臺中市政府警察局,臺中市梧棲區大村里中華路一段979巷前0.0公尺,雨,有照明未開啟或故障,市區道路,50.0,單路部分,直路,路段,一般車道(未劃分快慢車道),柏油,濕潤,無缺陷,無障礙物,無遮蔽物,良好,無號誌,無號誌,行車分向線,無標記,未繪設車道線,未繪設快慢車道分隔線,有,車輛本身,衝出路外,其他,其他不當駕車行為,死亡1;受傷0,2.0,,,無或物(動物、堆置物),0.0,,,,,,,,,無(非車輛駕駛人因素),尚未發現肇事因素,否,120.545008,24.240449
2026,4.0,20260424.0,123000.0,A1,桃園市政府警察局,桃園市龜山區青山路二段266號前0.0公尺,雨,有照明且開啟,市區道路,50.0,單路部分,彎曲路及附近,路段,一般車道(未劃分快慢車道),柏油,濕潤,無缺陷,無障礙物,無遮蔽物,良好,無號誌,無號誌,中央分向島,寬式(50公分以上),車道線(無標記),未繪設快慢車道分隔線,有,車輛本身,衝出路外,駕駛者,恍神、緊張、心不在焉分心駕駛,死亡1;受傷0,1.0,機車,普通重型,女,73.0,戴半罩式安全帽,不明,車的狀態,向前直行中,機車與自行車,前車頭,,,駕駛者,恍神、緊張、心不在焉分心駕駛,否,121.390275,25.036525
2026,4.0,20260424.0,123000.0,A1,桃園市政府警察局,桃園市龜山區青山路二段266號前0.0公尺,雨,有照明且開啟,市區道路,50.0,單路部分,彎曲路及附近,路段,一般車道(未劃分快慢車道),柏油,濕潤,無缺陷,無障礙物,無遮蔽物,良好,無號誌,無號誌,中央分向島,寬式(50公分以上),車道線(無標記),未繪設快慢車道分隔線,有,車輛本身,衝出路外,駕駛者,恍神、緊張、心不在焉分心駕駛,死亡1;受傷0,2.0,,,無或物(動物、堆置物),-1.0,,,,,,,,,無(非車輛駕駛人因素),尚未發現肇事因素,否,121.390275,25.036525
2026,4.0,20260424.0,205620.0,A1,桃園市政府警察局,桃園市大園區圳頭路149號前0.0公尺附近,雨,有照明且開啟,村里道路,50.0,單路部分,直路,路段,一般車道(未劃分快慢車道),柏油,濕潤,無缺陷,無障礙物,有遮蔽物,路上停放車輛,無號誌,無號誌,行車分向線,無標記,未繪設車道線,未繪設快慢車道分隔線,有,車與車,對撞,駕駛者,違反其他標誌(線)禁制,死亡1;受傷0,1.0,小客車(含客、貨兩用),自用,男,61.0,繫安全帶(使用幼童安全椅),未使用,車的狀態,向前直行中,汽車,右前車頭(身),,,駕駛者,違反其他標誌(線)禁制,否,121.199369,25.083176
2026,4.0,20260424.0,205620.0,A1,桃園市政府警察局,桃園市大園區圳頭路149號前0.0公尺附近,雨,有照明且開啟,村里道路,50.0,單路部分,直路,路段,一般車道(未劃分快慢車道),柏油,濕潤,無缺陷,無障礙物,有遮蔽物,路上停放車輛,無號誌,無號誌,行車分向線,無標記,未繪設車道線,未繪設快慢車道分隔線,有,車與車,對撞,駕駛者,違反其他標誌(線)禁制,死亡1;受傷0,2.0,機車,普通重型,女,72.0,戴半罩式安全帽,未使用,車的狀態,向前直行中,機車與自行車,前車頭,,,無(車輛駕駛者因素),尚未發現肇事因素,否,121.199369,25.083176
2026,4.0,20260426.0,111542.0,A1,彰化縣警察局,彰化縣埔鹽鄉南港村144線路前0.0公尺,晴,無照明,縣道,50.0,單路部分,彎曲路及附近,路段,路肩、路緣,柏油,乾燥,無缺陷,無障礙物,無遮蔽物,良好,無號誌,無號誌,中央分向島,寬式(50公分以上),車道線(無標記),未繪設快慢車道分隔線,有,車輛本身,撞護欄(樁),駕駛者,酒醉(後)駕駛,死亡1;受傷0,1.0,機車,普通重型,男,67.0,戴半罩式安全帽,不明,不明,不明,機車與自行車,右側車身,機車與自行車,右側車身,駕駛者,酒醉(後)駕駛,否,120.5052,23.985542
2026,4.0,20260426.0,111542.0,A1,彰化縣警察局,彰化縣埔鹽鄉南港村144線路前0.0公尺,晴,無照明,縣道,50.0,單路部分,彎曲路及附近,路段,路肩、路緣,柏油,乾燥,無缺陷,無障礙物,無遮蔽物,良好,無號誌,無號誌,中央分向島,寬式(50公分以上),車道線(無標記),未繪設快慢車道分隔線,有,車輛本身,撞護欄(樁),駕駛者,酒醉(後)駕駛,死亡1;受傷0,2.0,,,無或物(動物、堆置物),-1.0,,,,,,,,,無(非車輛駕駛人因素),尚未發現肇事因素,否,120.5052,23.985542
2026,4.0,20260426.0,155500.0,A1,保安警察第二總隊,高雄市路竹區路科六路(近路科五路)東往西向,晴,無照明,市區道路,40.0,單路部分,直路,路段,一般車道(未劃分快慢車道),柏油,乾燥,無缺陷,無障礙物,無遮蔽物,良好,無號誌,無號誌,行車分向線,無標記,車道線(無標記),未繪設快慢車道分隔線,無,車輛本身,路上翻車、摔倒,駕駛者,酒醉(後)駕駛,死亡1;受傷0,1.0,機車,普通重型,男,44.0,戴非半罩式安全帽,未使用,車的狀態,向前直行中,機車與自行車,前車頭,機車與自行車,右側車身,駕駛者,酒醉(後)駕駛,否,120.257555,22.83262
2026,4.0,20260426.0,155500.0,A1,保安警察第二總隊,高雄市路竹區路科六路(近路科五路)東往西向,晴,無照明,市區道路,40.0,單路部分,直路,路段,一般車道(未劃分快慢車道),柏油,乾燥,無缺陷,無障礙物,無遮蔽物,良好,無號誌,無號誌,行車分向線,無標記,車道線(無標記),未繪設快慢車道分隔線,無,車輛本身,路上翻車、摔倒,駕駛者,酒醉(後)駕駛,死亡1;受傷0,2.0,,,無或物(動物、堆置物),-1.0,,,,,,,,,無(非車輛駕駛人因素),尚未發現肇事因素,否,120.257555,22.83262
2026,4.0,20260426.0,162600.0,A1,新北市政府警察局,新北市林口區文化一路1段22巷11號前0.0公尺,晴,有照明且開啟,市區道路,30.0,單路部分,直路,路段,一般車道(未劃分快慢車道),柏油,乾燥,無缺陷,無障礙物,無遮蔽物,良好,無號誌,無號誌,單向禁止超車線,無標記,車道線(無標記),未繪設快慢車道分隔線,無,車與車,追撞,駕駛者,恍神、緊張、心不在焉分心駕駛,死亡1;受傷0,1.0,慢車,腳踏自行車,男,68.0,其他(無需使用保護裝備之人),未使用,車的狀態,向前直行中,機車與自行車,前車頭,,,駕駛者,恍神、緊張、心不在焉分心駕駛,否,121.370749,25.068155
2026,4.0,20260426.0,162600.0,A1,新北市政府警察局,新北市林口區文化一路1段22巷11號前0.0公尺,晴,有照明且開啟,市區道路,30.0,單路部分,直路,路段,一般車道(未劃分快慢車道),柏油,乾燥,無缺陷,無障礙物,無遮蔽物,良好,無號誌,無號誌,單向禁止超車線,無標記,車道線(無標記),未繪設快慢車道分隔線,無,車與車,追撞,駕駛者,恍神、緊張、心不在焉分心駕駛,死亡1;受傷0,2.0,大客車,遊覽車,男,32.0,繫安全帶(使用幼童安全椅),未使用,車的狀態,靜止(引擎熄火),汽車,左後車尾(身),,,其他,違規(臨時)停車,否,121.370749,25.068155
2026,4.0,20260426.0,193100.0,A1,南投縣政府警察局,南投縣集集鎮文心街與八張街口,晴,有照明且開啟,市區道路,50.0,交岔路,三岔路,交叉路口,交叉口附近,柏油,乾燥,無缺陷,無障礙物,無遮蔽物,良好,無號誌,無號誌,雙向禁止超車線,無標記,車道線(無標記),未繪設快慢車道分隔線,有,人與車,其他,駕駛者,恍神、緊張、心不在焉分心駕駛,死亡1;受傷1,1.0,機車,普通重型,女,25.0,戴半罩式安全帽,未使用,車的狀態,向前直行中,機車與自行車,前車頭,,,駕駛者,恍神、緊張、心不在焉分心駕駛,否,120.792505,23.829059
2026,4.0,20260426.0,193100.0,A1,南投縣政府警察局,南投縣集集鎮文心街與八張街口,晴,有照明且開啟,市區道路,50.0,交岔路,三岔路,交叉路口,交叉口附近,柏油,乾燥,無缺陷,無障礙物,無遮蔽物,良好,無號誌,無號誌,雙向禁止超車線,無標記,車道線(無標記),未繪設快慢車道分隔線,有,人與車,其他,駕駛者,恍神、緊張、心不在焉分心駕駛,死亡1;受傷1,2.0,人,行人,女,85.0,其他(無需使用保護裝備之人),非駕駛人,人的狀態,其他,其他,非汽、機及自行車,,,非駕駛者,其他引起事故之疏失或行為,否,120.792505,23.829059
2026,4.0,20260427.0,21400.0,A1,桃園市政府警察局,桃園市大園區三民路一段燈桿1208585號,晴,有照明未開啟或故障,市區道路,50.0,單路部分,彎曲路及附近,路段,快車道,柏油,乾燥,無缺陷,無障礙物,無遮蔽物,良好,無號誌,無號誌,中央分向島,寬式(50公分以上),車道線(無標記),快慢車道分隔線,有,車輛本身,撞交通島,駕駛者,恍神、緊張、心不在焉分心駕駛,死亡1;受傷0,1.0,機車,普通重型,男,34.0,不明,不明,車的狀態,向前直行中,機車與自行車,左側車身,,,駕駛者,恍神、緊張、心不在焉分心駕駛,否,121.250403,25.093122
2026,4.0,20260427.0,21400.0,A1,桃園市政府警察局,桃園市大園區三民路一段燈桿1208585號,晴,有照明未開啟或故障,市區道路,50.0,單路部分,彎曲路及附近,路段,快車道,柏油,乾燥,無缺陷,無障礙物,無遮蔽物,良好,無號誌,無號誌,中央分向島,寬式(50公分以上),車道線(無標記),快慢車道分隔線,有,車輛本身,撞交通島,駕駛者,恍神、緊張、心不在焉分心駕駛,死亡1;受傷0,2.0,,,無或物(動物、堆置物),-1.0,,,,,,,,,無(非車輛駕駛人因素),尚未發現肇事因素,否,121.250403,25.093122
2026,4.0,20260427.0,24620.0,A1,苗栗縣警察局,苗栗縣公館鄉仁安村14-3號前,晴,有照明且開啟,縣道,60.0,交岔路,四岔路,交叉路口,交叉口附近,柏油,乾燥,無缺陷,無障礙物,無遮蔽物,良好,無號誌,無號誌,雙向禁止超車線,無標記,禁止變換車道線(無標記),未繪設快慢車道分隔線,無,車輛本身,撞電桿,無(車輛駕駛者因素),尚未發現肇事因素,死亡1;受傷0,1.0,機車,普通重型,男,48.0,戴半罩式安全帽,未使用,車的狀態,向前直行中,機車與自行車,前車頭,,,無(車輛駕駛者因素),尚未發現肇事因素,否,120.83537,24.531818