發生年度,發生月份,發生日期,發生時間,事故類別名稱,處理單位名稱警局層,發生地點,天候名稱,光線名稱,道路類別-第1當事者-名稱,速限-第1當事者,道路型態大類別名稱,道路型態子類別名稱,事故位置大類別名稱,事故位置子類別名稱,路面狀況-路面鋪裝名稱,路面狀況-路面狀態名稱,路面狀況-路面缺陷名稱,道路障礙-障礙物名稱,道路障礙-視距品質名稱,道路障礙-視距名稱,號誌-號誌種類名稱,號誌-號誌動作名稱,車道劃分設施-分向設施大類別名稱,車道劃分設施-分向設施子類別名稱,車道劃分設施-分道設施-快車道或一般車道間名稱,車道劃分設施-分道設施-快慢車道間名稱,車道劃分設施-分道設施-路面邊線名稱,事故類型及型態大類別名稱,事故類型及型態子類別名稱,肇因研判大類別名稱-主要,肇因研判子類別名稱-主要,死亡受傷人數,當事者順位,當事者區分-類別-大類別名稱-車種,當事者區分-類別-子類別名稱-車種,當事者屬-性-別名稱,當事者事故發生時年齡,保護裝備名稱,行動電話或電腦或其他相類功能裝置名稱,當事者行動狀態大類別名稱,當事者行動狀態子類別名稱,車輛撞擊部位大類別名稱-最初,車輛撞擊部位子類別名稱-最初,車輛撞擊部位大類別名稱-其他,車輛撞擊部位子類別名稱-其他,肇因研判大類別名稱-個別,肇因研判子類別名稱-個別,肇事逃逸類別名稱-是否肇逃,經度,緯度
2026,4.0,20260427.0,24620.0,A1,苗栗縣警察局,苗栗縣公館鄉仁安村14-3號前,晴,有照明且開啟,縣道,60.0,交岔路,四岔路,交叉路口,交叉口附近,柏油,乾燥,無缺陷,無障礙物,無遮蔽物,良好,無號誌,無號誌,雙向禁止超車線,無標記,禁止變換車道線(無標記),未繪設快慢車道分隔線,無,車輛本身,撞電桿,無(車輛駕駛者因素),尚未發現肇事因素,死亡1;受傷0,2.0,,,無或物(動物、堆置物),-1.0,,,,,,,,,無(非車輛駕駛人因素),尚未發現肇事因素,否,120.83537,24.531818
2026,4.0,20260427.0,122000.0,A1,嘉義市政府警察局,嘉義市西區保生里友愛路 / 嘉義市西區保生里自由路,晴,有照明未開啟或故障,市區道路,50.0,交岔路,四岔路,交叉路口,交叉路口內,柏油,乾燥,無缺陷,無障礙物,無遮蔽物,良好,行車管制號誌(附設行人專用號誌),正常,無,無分向設施,未繪設車道線,未繪設快慢車道分隔線,無,車與車,側撞,駕駛者,有號誌路口，轉彎車未讓直行車先行,死亡1;受傷0,1.0,小客車(含客、貨兩用),自用,男,77.0,繫安全帶(使用幼童安全椅),未使用,車的狀態,左轉彎,汽車,右側車身,,,駕駛者,有號誌路口，轉彎車未讓直行車先行,否,120.435678,23.490064
2026,4.0,20260427.0,122000.0,A1,嘉義市政府警察局,嘉義市西區保生里友愛路 / 嘉義市西區保生里自由路,晴,有照明未開啟或故障,市區道路,50.0,交岔路,四岔路,交叉路口,交叉路口內,柏油,乾燥,無缺陷,無障礙物,無遮蔽物,良好,行車管制號誌(附設行人專用號誌),正常,無,無分向設施,未繪設車道線,未繪設快慢車道分隔線,無,車與車,側撞,駕駛者,有號誌路口，轉彎車未讓直行車先行,死亡1;受傷0,2.0,機車,普通重型,男,53.0,戴半罩式安全帽,未使用,車的狀態,向前直行中,機車與自行車,前車頭,,,其他,其他不當駕車行為,否,120.435678,23.490064
2026,4.0,20260427.0,122000.0,A1,嘉義市政府警察局,嘉義市西區保生里友愛路 / 嘉義市西區保生里自由路,晴,有照明未開啟或故障,市區道路,50.0,交岔路,四岔路,交叉路口,交叉路口內,柏油,乾燥,無缺陷,無障礙物,無遮蔽物,良好,行車管制號誌(附設行人專用號誌),正常,無,無分向設施,未繪設車道線,未繪設快慢車道分隔線,無,車與車,側撞,駕駛者,有號誌路口，轉彎車未讓直行車先行,死亡1;受傷0,3.0,小客車(含客、貨兩用),自用,男,29.0,不明,不明,車的狀態,靜止(引擎熄火),其他,無撞擊,,,其他,違規(臨時)停車,否,120.435678,23.490064
2026,4.0,20260427.0,213400.0,A1,臺中市政府警察局,臺中市北屯區大坑里東山路二段132之4號前0.0公尺,晴,有照明且開啟,市區道路,50.0,圓環廣場,其他,其他,其他,柏油,乾燥,無缺陷,無障礙物,無遮蔽物,良好,無號誌,無號誌,雙向禁止超車線,附標記,車道線(無標記),窄式快慢車道分隔島(附柵欄),無,車輛本身,衝出路外,駕駛者,逆向行駛,死亡1;受傷0,1.0,小客車(含客、貨兩用),租賃車,女,24.0,不明,不明,車的狀態,其他,汽車,前車頭,,,駕駛者,逆向行駛,否,120.741743,24.180734
2026,4.0,20260427.0,213400.0,A1,臺中市政府警察局,臺中市北屯區大坑里東山路二段132之4號前0.0公尺,晴,有照明且開啟,市區道路,50.0,圓環廣場,其他,其他,其他,柏油,乾燥,無缺陷,無障礙物,無遮蔽物,良好,無號誌,無號誌,雙向禁止超車線,附標記,車道線(無標記),窄式快慢車道分隔島(附柵欄),無,車輛本身,衝出路外,駕駛者,逆向行駛,死亡1;受傷0,2.0,,,無或物(動物、堆置物),0.0,,,,,,,,,無(非車輛駕駛人因素),尚未發現肇事因素,否,120.741743,24.180734
2026,4.0,20260428.0,65944.0,A1,臺南市政府警察局,臺南市安南區安和路二段125號前0.0公尺南,晴,有照明未開啟或故障,市區道路,60.0,單路部分,直路,路段,一般車道(未劃分快慢車道),柏油,乾燥,無缺陷,無障礙物,無遮蔽物,良好,無號誌,無號誌,雙向禁止超車線,無標記,未繪設車道線,未繪設快慢車道分隔線,有,車與車,追撞,駕駛者,未保持行車安全距離,死亡1;受傷0,1.0,機車,普通重型,女,19.0,戴非半罩式安全帽,未使用,車的狀態,向前直行中,機車與自行車,前車頭,,,駕駛者,未保持行車安全距離,否,120.214723,23.038804
2026,4.0,20260428.0,65944.0,A1,臺南市政府警察局,臺南市安南區安和路二段125號前0.0公尺南,晴,有照明未開啟或故障,市區道路,60.0,單路部分,直路,路段,一般車道(未劃分快慢車道),柏油,乾燥,無缺陷,無障礙物,無遮蔽物,良好,無號誌,無號誌,雙向禁止超車線,無標記,未繪設車道線,未繪設快慢車道分隔線,有,車與車,追撞,駕駛者,未保持行車安全距離,死亡1;受傷0,2.0,機車,普通重型,女,28.0,戴半罩式安全帽,未使用,車的狀態,等待(引擎未熄火),機車與自行車,後車尾,,,無(車輛駕駛者因素),尚未發現肇事因素,否,120.214723,23.038804
2026,4.0,20260428.0,65944.0,A1,臺南市政府警察局,臺南市安南區安和路二段125號前0.0公尺南,晴,有照明未開啟或故障,市區道路,60.0,單路部分,直路,路段,一般車道(未劃分快慢車道),柏油,乾燥,無缺陷,無障礙物,無遮蔽物,良好,無號誌,無號誌,雙向禁止超車線,無標記,未繪設車道線,未繪設快慢車道分隔線,有,車與車,追撞,駕駛者,未保持行車安全距離,死亡1;受傷0,3.0,大客車,遊覽車,男,39.0,繫安全帶(使用幼童安全椅),未使用,車的狀態,向前直行中,汽車,右側車身,,,無(車輛駕駛者因素),尚未發現肇事因素,否,120.214723,23.038804
2026,4.0,20260428.0,65944.0,A1,臺南市政府警察局,臺南市安南區安和路二段125號前0.0公尺南,晴,有照明未開啟或故障,市區道路,60.0,單路部分,直路,路段,一般車道(未劃分快慢車道),柏油,乾燥,無缺陷,無障礙物,無遮蔽物,良好,無號誌,無號誌,雙向禁止超車線,無標記,未繪設車道線,未繪設快慢車道分隔線,有,車與車,追撞,駕駛者,未保持行車安全距離,死亡1;受傷0,4.0,大客車,遊覽車,男,65.0,繫安全帶(使用幼童安全椅),未使用,車的狀態,起步,其他,無撞擊,,,駕駛者,起步時未注意安全,否,120.214723,23.038804
2026,4.0,20260428.0,141400.0,A1,臺東縣警察局,臺東縣鹿野鄉台9線 326公里400.0公尺處北,晴,有照明未開啟或故障,省道,60.0,單路部分,坡路,路段,慢車道,柏油,乾燥,無缺陷,無障礙物,無遮蔽物,良好,無號誌,無號誌,中央分向島,寬式(50公分以上),車道線(無標記),快慢車道分隔線,有,車與車,追撞,其他,其他不當駕車行為,死亡1;受傷0,1.0,大貨車,營業用,男,39.0,繫安全帶(使用幼童安全椅),未使用,車的狀態,向前直行中,汽車,前車頭,,,其他,其他不當駕車行為,否,121.134022,22.969252
2026,4.0,20260428.0,141400.0,A1,臺東縣警察局,臺東縣鹿野鄉台9線 326公里400.0公尺處北,晴,有照明未開啟或故障,省道,60.0,單路部分,坡路,路段,慢車道,柏油,乾燥,無缺陷,無障礙物,無遮蔽物,良好,無號誌,無號誌,中央分向島,寬式(50公分以上),車道線(無標記),快慢車道分隔線,有,車與車,追撞,其他,其他不當駕車行為,死亡1;受傷0,2.0,機車,普通重型,男,67.0,戴半罩式安全帽,未使用,車的狀態,向左變換車道,機車與自行車,後車尾,,,無(車輛駕駛者因素),尚未發現肇事因素,否,121.134022,22.969252
2026,4.0,20260428.0,174700.0,A1,臺中市政府警察局,臺中市大雅區大雅里中清東路 / 臺中市大雅區大雅里永和路,晴,無照明,市區道路,50.0,交岔路,四岔路,交叉路口,交叉路口內,柏油,乾燥,無缺陷,無障礙物,無遮蔽物,良好,行車管制號誌,正常,雙向禁止超車線,無標記,未繪設車道線,未繪設快慢車道分隔線,無,車與車,同向擦撞,其他,其他不當駕車行為,死亡1;受傷0,1.0,小客車(含客、貨兩用),自用,男,79.0,繫安全帶(使用幼童安全椅),未使用,車的狀態,向前直行中,汽車,前車頭,,,其他,其他不當駕車行為,否,120.648052,24.223063
2026,4.0,20260428.0,174700.0,A1,臺中市政府警察局,臺中市大雅區大雅里中清東路 / 臺中市大雅區大雅里永和路,晴,無照明,市區道路,50.0,交岔路,四岔路,交叉路口,交叉路口內,柏油,乾燥,無缺陷,無障礙物,無遮蔽物,良好,行車管制號誌,正常,雙向禁止超車線,無標記,未繪設車道線,未繪設快慢車道分隔線,無,車與車,同向擦撞,其他,其他不當駕車行為,死亡1;受傷0,2.0,慢車,腳踏自行車,女,72.0,未戴安全帽或未繫安全帶(未使用幼童安全椅),未使用,車的狀態,其他,機車與自行車,右側車身,,,駕駛者,違反禁止變換車道標線,否,120.648052,24.223063
2026,4.0,20260429.0,72200.0,A1,高雄市政府警察局,高雄市小港區沿海三路 / 高雄市小港區上林路,晴,有照明未開啟或故障,市區道路,60.0,交岔路,三岔路,交叉路口,交叉路口內,柏油,乾燥,無缺陷,無障礙物,無遮蔽物,良好,行車管制號誌,正常,無,無分向設施,未繪設車道線,未繪設快慢車道分隔線,無,車與車,側撞,駕駛者,違反其他號誌,死亡1;受傷1,1.0,小客車(含客、貨兩用),自用,男,28.0,繫安全帶(使用幼童安全椅),未使用,車的狀態,左轉彎,汽車,右前車頭(身),,,駕駛者,違反其他號誌,否,120.370407,22.531324
2026,4.0,20260429.0,72200.0,A1,高雄市政府警察局,高雄市小港區沿海三路 / 高雄市小港區上林路,晴,有照明未開啟或故障,市區道路,60.0,交岔路,三岔路,交叉路口,交叉路口內,柏油,乾燥,無缺陷,無障礙物,無遮蔽物,良好,行車管制號誌,正常,無,無分向設施,未繪設車道線,未繪設快慢車道分隔線,無,車與車,側撞,駕駛者,違反其他號誌,死亡1;受傷1,2.0,機車,普通重型,男,31.0,戴半罩式安全帽,未使用,車的狀態,向前直行中,機車與自行車,前車頭,,,駕駛者,闖紅燈直行,否,120.370407,22.531324
2026,4.0,20260429.0,180900.0,A1,雲林縣警察局,雲林縣虎尾鎮惠來里惠來173之60號旁路口,陰,有照明未開啟或故障,縣道,50.0,交岔路,四岔路,交叉路口,交叉路口內,柏油,乾燥,無缺陷,無障礙物,無遮蔽物,良好,行車管制號誌,正常,中央分向島,寬式(50公分以上),禁止變換車道線(無標記),未繪設快慢車道分隔線,有,車與車,側撞,駕駛者,有號誌路口，轉彎車未讓直行車先行,死亡1;受傷0,1.0,大貨車,營業用,男,40.0,繫安全帶(使用幼童安全椅),未使用,車的狀態,右轉彎,汽車,右側車身,,,駕駛者,有號誌路口，轉彎車未讓直行車先行,否,120.482894,23.735802
2026,4.0,20260429.0,180900.0,A1,雲林縣警察局,雲林縣虎尾鎮惠來里惠來173之60號旁路口,陰,有照明未開啟或故障,縣道,50.0,交岔路,四岔路,交叉路口,交叉路口內,柏油,乾燥,無缺陷,無障礙物,無遮蔽物,良好,行車管制號誌,正常,中央分向島,寬式(50公分以上),禁止變換車道線(無標記),未繪設快慢車道分隔線,有,車與車,側撞,駕駛者,有號誌路口，轉彎車未讓直行車先行,死亡1;受傷0,2.0,機車,普通重型,女,75.0,戴非半罩式安全帽,未使用,車的狀態,向前直行中,機車與自行車,左側車身,,,其他,其他不當駕車行為,否,120.482894,23.735802
2026,4.0,20260429.0,190110.0,A1,桃園市政府警察局,桃園市新屋區東福路口 / 桃園市新屋區東福路口,雨,有照明且開啟,村里道路,50.0,交岔路,三岔路,路段,一般車道(未劃分快慢車道),柏油,濕潤,無缺陷,無障礙物,無遮蔽物,良好,無號誌,無號誌,行車分向線,無標記,未繪設車道線,未繪設快慢車道分隔線,有,車輛本身,撞電桿,駕駛者,恍神、緊張、心不在焉分心駕駛,死亡1;受傷1,1.0,小客車(含客、貨兩用),自用,男,72.0,繫安全帶(使用幼童安全椅),未使用,車的狀態,靜止(引擎熄火),汽車,右側車身,,,駕駛者,恍神、緊張、心不在焉分心駕駛,否,121.078545,24.974531
2026,4.0,20260429.0,190110.0,A1,桃園市政府警察局,桃園市新屋區東福路口 / 桃園市新屋區東福路口,雨,有照明且開啟,村里道路,50.0,交岔路,三岔路,路段,一般車道(未劃分快慢車道),柏油,濕潤,無缺陷,無障礙物,無遮蔽物,良好,無號誌,無號誌,行車分向線,無標記,未繪設車道線,未繪設快慢車道分隔線,有,車輛本身,撞電桿,駕駛者,恍神、緊張、心不在焉分心駕駛,死亡1;受傷1,2.0,,,無或物(動物、堆置物),-1.0,,,,,,,,,無(非車輛駕駛人因素),尚未發現肇事因素,否,121.078545,24.974531
2026,4.0,20260429.0,190110.0,A1,桃園市政府警察局,桃園市新屋區東福路口 / 桃園市新屋區東福路口,雨,有照明且開啟,村里道路,50.0,交岔路,三岔路,路段,一般車道(未劃分快慢車道),柏油,濕潤,無缺陷,無障礙物,無遮蔽物,良好,無號誌,無號誌,行車分向線,無標記,未繪設車道線,未繪設快慢車道分隔線,有,車輛本身,撞電桿,駕駛者,恍神、緊張、心不在焉分心駕駛,死亡1;受傷1,3.0,小客車(含客、貨兩用),自用,男,41.0,繫安全帶(使用幼童安全椅),未使用,車的狀態,向前直行中,汽車,前車頭,,,駕駛者,恍神、緊張、心不在焉分心駕駛,否,121.078545,24.974531
2026,4.0,20260430.0,1848.0,A1,宜蘭縣政府警察局,宜蘭縣宜蘭市環市東路1段燈桿240227號前0.0公尺,晴,有照明且開啟,省道,70.0,單路部分,彎曲路及附近,路段,交通島(含槽化線),柏油,乾燥,無缺陷,無障礙物,無遮蔽物,良好,無號誌,無號誌,中央分向島,寬式(50公分以上),車道線(附標記),寬式快慢車道分隔島(50公分以上),有,車輛本身,撞交通島,駕駛者,超速駕駛,死亡1;受傷0,1.0,小客車(含客、貨兩用),自用,男,37.0,不明,不明,車的狀態,向前直行中,汽車,前車頭,汽車,左前車頭(身),駕駛者,超速駕駛,否,121.771925,24.724508
2026,4.0,20260430.0,1848.0,A1,宜蘭縣政府警察局,宜蘭縣宜蘭市環市東路1段燈桿240227號前0.0公尺,晴,有照明且開啟,省道,70.0,單路部分,彎曲路及附近,路段,交通島(含槽化線),柏油,乾燥,無缺陷,無障礙物,無遮蔽物,良好,無號誌,無號誌,中央分向島,寬式(50公分以上),車道線(附標記),寬式快慢車道分隔島(50公分以上),有,車輛本身,撞交通島,駕駛者,超速駕駛,死亡1;受傷0,2.0,,,無或物(動物、堆置物),-1.0,,,,,,,,,無(非車輛駕駛人因素),尚未發現肇事因素,否,121.771925,24.724508
2026,4.0,20260430.0,1848.0,A1,宜蘭縣政府警察局,宜蘭縣宜蘭市環市東路1段燈桿240227號前0.0公尺,晴,有照明且開啟,省道,70.0,單路部分,彎曲路及附近,路段,交通島(含槽化線),柏油,乾燥,無缺陷,無障礙物,無遮蔽物,良好,無號誌,無號誌,中央分向島,寬式(50公分以上),車道線(附標記),寬式快慢車道分隔島(50公分以上),有,車輛本身,撞交通島,駕駛者,超速駕駛,死亡1;受傷0,3.0,,,無或物(動物、堆置物),-1.0,,,,,,,,,無(非車輛駕駛人因素),尚未發現肇事因素,否,121.771925,24.724508
2026,4.0,20260430.0,1848.0,A1,宜蘭縣政府警察局,宜蘭縣宜蘭市環市東路1段燈桿240227號前0.0公尺,晴,有照明且開啟,省道,70.0,單路部分,彎曲路及附近,路段,交通島(含槽化線),柏油,乾燥,無缺陷,無障礙物,無遮蔽物,良好,無號誌,無號誌,中央分向島,寬式(50公分以上),車道線(附標記),寬式快慢車道分隔島(50公分以上),有,車輛本身,撞交通島,駕駛者,超速駕駛,死亡1;受傷0,4.0,,,無或物(動物、堆置物),-1.0,,,,,,,,,無(非車輛駕駛人因素),尚未發現肇事因素,否,121.771925,24.724508
2026,4.0,20260430.0,172216.0,A1,花蓮縣警察局,花蓮縣壽豐鄉台9線 205公里500.0公尺處北向路肩,雨,有照明未開啟或故障,省道,70.0,單路部分,直路,路段,路肩、路緣,柏油,濕潤,無缺陷,無障礙物,無遮蔽物,良好,無號誌,無號誌,無,無分向設施,未繪設車道線,未繪設快慢車道分隔線,無,車輛本身,撞路樹,駕駛者,恍神、緊張、心不在焉分心駕駛,死亡1;受傷0,1.0,小客車(含客、貨兩用),自用,男,70.0,不明,不明,車的狀態,向前直行中,汽車,前車頭,,,駕駛者,恍神、緊張、心不在焉分心駕駛,否,121.524874,23.88917
2026,4.0,20260430.0,172216.0,A1,花蓮縣警察局,花蓮縣壽豐鄉台9線 205公里500.0公尺處北向路肩,雨,有照明未開啟或故障,省道,70.0,單路部分,直路,路段,路肩、路緣,柏油,濕潤,無缺陷,無障礙物,無遮蔽物,良好,無號誌,無號誌,無,無分向設施,未繪設車道線,未繪設快慢車道分隔線,無,車輛本身,撞路樹,駕駛者,恍神、緊張、心不在焉分心駕駛,死亡1;受傷0,2.0,,,無或物(動物、堆置物),-1.0,,,,,,,,,無(非車輛駕駛人因素),尚未發現肇事因素,否,121.524874,23.88917
2026,5.0,20260501.0,113441.0,A1,雲林縣警察局,雲林縣褒忠鄉台19線與158公路口,晴,有照明未開啟或故障,市區道路,50.0,交岔路,四岔路,交叉路口,交叉路口內,柏油,乾燥,無缺陷,無障礙物,無遮蔽物,良好,行車管制號誌,正常,行車分向線,無標記,車道線(無標記),快慢車道分隔線,有,車與車,路口交岔撞,駕駛者,闖紅燈直行,死亡1;受傷0,1.0,機車,普通重型,女,34.0,戴半罩式安全帽,未使用,車的狀態,向前直行中,機車與自行車,右側車身,,,駕駛者,闖紅燈直行,否,120.324229,23.697972
2026,5.0,20260501.0,113441.0,A1,雲林縣警察局,雲林縣褒忠鄉台19線與158公路口,晴,有照明未開啟或故障,市區道路,50.0,交岔路,四岔路,交叉路口,交叉路口內,柏油,乾燥,無缺陷,無障礙物,無遮蔽物,良好,行車管制號誌,正常,行車分向線,無標記,車道線(無標記),快慢車道分隔線,有,車與車,路口交岔撞,駕駛者,闖紅燈直行,死亡1;受傷0,2.0,大貨車,自用,男,21.0,繫安全帶(使用幼童安全椅),未使用,車的狀態,向前直行中,汽車,前車頭,,,駕駛者,超速駕駛,否,120.324229,23.697972
2026,5.0,20260501.0,182300.0,A1,高雄市政府警察局,高雄市左營區村軍校路194號前0.0公尺,晴,有照明且開啟,市區道路,50.0,單路部分,直路,路段,慢車道,柏油,乾燥,無缺陷,無障礙物,無遮蔽物,良好,無號誌,無號誌,行車分向線,無標記,車道線(無標記),快慢車道分隔線,無,車與車,其他,其他,其他不當駕車行為,死亡2;受傷3,1.0,小客車(含客、貨兩用),自用,男,40.0,繫安全帶(使用幼童安全椅),未使用,車的狀態,向前直行中,汽車,前車頭,,,其他,其他不當駕車行為,否,120.292565,22.692672
2026,5.0,20260501.0,182300.0,A1,高雄市政府警察局,高雄市左營區村軍校路194號前0.0公尺,晴,有照明且開啟,市區道路,50.0,單路部分,直路,路段,慢車道,柏油,乾燥,無缺陷,無障礙物,無遮蔽物,良好,無號誌,無號誌,行車分向線,無標記,車道線(無標記),快慢車道分隔線,無,車與車,其他,其他,其他不當駕車行為,死亡2;受傷3,2.0,小客車(含客、貨兩用),自用,女,47.0,不明,未使用,車的狀態,靜止(引擎熄火),汽車,左後車尾(身),,,其他,違規(臨時)停車,否,120.292565,22.692672
2026,5.0,20260501.0,182300.0,A1,高雄市政府警察局,高雄市左營區村軍校路194號前0.0公尺,晴,有照明且開啟,市區道路,50.0,單路部分,直路,路段,慢車道,柏油,乾燥,無缺陷,無障礙物,無遮蔽物,良好,無號誌,無號誌,行車分向線,無標記,車道線(無標記),快慢車道分隔線,無,車與車,其他,其他,其他不當駕車行為,死亡2;受傷3,3.0,小客車(含客、貨兩用),自用,男,19.0,繫安全帶(使用幼童安全椅),未使用,車的狀態,等待(引擎未熄火),汽車,左側車身,,,其他,違規(臨時)停車,否,120.292565,22.692672
2026,5.0,20260501.0,182300.0,A1,高雄市政府警察局,高雄市左營區村軍校路194號前0.0公尺,晴,有照明且開啟,市區道路,50.0,單路部分,直路,路段,慢車道,柏油,乾燥,無缺陷,無障礙物,無遮蔽物,良好,無號誌,無號誌,行車分向線,無標記,車道線(無標記),快慢車道分隔線,無,車與車,其他,其他,其他不當駕車行為,死亡2;受傷3,4.0,人,行人,女,42.0,其他(無需使用保護裝備之人),非駕駛人,人的狀態,步行,其他,非汽、機及自行車,,,無(非車輛駕駛人因素),尚未發現肇事因素,否,120.292565,22.692672
2026,5.0,20260501.0,182300.0,A1,高雄市政府警察局,高雄市左營區村軍校路194號前0.0公尺,晴,有照明且開啟,市區道路,50.0,單路部分,直路,路段,慢車道,柏油,乾燥,無缺陷,無障礙物,無遮蔽物,良好,無號誌,無號誌,行車分向線,無標記,車道線(無標記),快慢車道分隔線,無,車與車,其他,其他,其他不當駕車行為,死亡2;受傷3,5.0,人,行人,女,67.0,其他(無需使用保護裝備之人),非駕駛人,人的狀態,步行,其他,非汽、機及自行車,,,無(非車輛駕駛人因素),尚未發現肇事因素,否,120.292565,22.692672
2026,5.0,20260501.0,182300.0,A1,高雄市政府警察局,高雄市左營區村軍校路194號前0.0公尺,晴,有照明且開啟,市區道路,50.0,單路部分,直路,路段,慢車道,柏油,乾燥,無缺陷,無障礙物,無遮蔽物,良好,無號誌,無號誌,行車分向線,無標記,車道線(無標記),快慢車道分隔線,無,車與車,其他,其他,其他不當駕車行為,死亡2;受傷3,6.0,人,行人,男,42.0,其他(無需使用保護裝備之人),非駕駛人,人的狀態,步行,其他,非汽、機及自行車,,,無(非車輛駕駛人因素),尚未發現肇事因素,否,120.292565,22.692672
2026,5.0,20260501.0,182300.0,A1,高雄市政府警察局,高雄市左營區村軍校路194號前0.0公尺,晴,有照明且開啟,市區道路,50.0,單路部分,直路,路段,慢車道,柏油,乾燥,無缺陷,無障礙物,無遮蔽物,良好,無號誌,無號誌,行車分向線,無標記,車道線(無標記),快慢車道分隔線,無,車與車,其他,其他,其他不當駕車行為,死亡2;受傷3,7.0,機車,普通重型,女,21.0,不明,不明,車的狀態,靜止(引擎熄火),機車與自行車,後車尾,,,無(車輛駕駛者因素),尚未發現肇事因素,否,120.292565,22.692672
2026,5.0,20260501.0,182300.0,A1,高雄市政府警察局,高雄市左營區村軍校路194號前0.0公尺,晴,有照明且開啟,市區道路,50.0,單路部分,直路,路段,慢車道,柏油,乾燥,無缺陷,無障礙物,無遮蔽物,良好,無號誌,無號誌,行車分向線,無標記,車道線(無標記),快慢車道分隔線,無,車與車,其他,其他,其他不當駕車行為,死亡2;受傷3,8.0,機車,普通重型,女,35.0,戴非半罩式安全帽,未使用,車的狀態,向前直行中,機車與自行車,後車尾,,,無(車輛駕駛者因素),尚未發現肇事因素,否,120.292565,22.692672
2026,5.0,20260501.0,182300.0,A1,高雄市政府警察局,高雄市左營區村軍校路194號前0.0公尺,晴,有照明且開啟,市區道路,50.0,單路部分,直路,路段,慢車道,柏油,乾燥,無缺陷,無障礙物,無遮蔽物,良好,無號誌,無號誌,行車分向線,無標記,車道線(無標記),快慢車道分隔線,無,車與車,其他,其他,其他不當駕車行為,死亡2;受傷3,9.0,人,乘客,女,62.0,戴非半罩式安全帽,非駕駛人,人的狀態,其他,其他,非汽、機及自行車,,,無(非車輛駕駛人因素),尚未發現肇事因素,否,120.292565,22.692672
2026,5.0,20260501.0,194040.0,A1,桃園市政府警察局,桃園市楊梅區永美路口 / 桃園市楊梅區四維二路口,晴,有照明且開啟,市區道路,50.0,交岔路,三岔路,交叉路口,交叉路口內,柏油,乾燥,無缺陷,無障礙物,無遮蔽物,良好,行車管制號誌(附設行人專用號誌),正常,無,無分向設施,未繪設車道線,未繪設快慢車道分隔線,無,車與車,側撞,駕駛者,闖紅燈左轉(或迴轉),死亡1;受傷0,1.0,小客車(含客、貨兩用),自用,男,25.0,繫安全帶(使用幼童安全椅),未使用,車的狀態,迴轉或橫越道路中,汽車,右側車身,,,駕駛者,闖紅燈左轉(或迴轉),否,121.179094,24.914619
2026,5.0,20260501.0,194040.0,A1,桃園市政府警察局,桃園市楊梅區永美路口 / 桃園市楊梅區四維二路口,晴,有照明且開啟,市區道路,50.0,交岔路,三岔路,交叉路口,交叉路口內,柏油,乾燥,無缺陷,無障礙物,無遮蔽物,良好,行車管制號誌(附設行人專用號誌),正常,無,無分向設施,未繪設車道線,未繪設快慢車道分隔線,無,車與車,側撞,駕駛者,闖紅燈左轉(或迴轉),死亡1;受傷0,2.0,機車,普通重型,男,40.0,戴非半罩式安全帽,未使用,車的狀態,向前直行中,機車與自行車,前車頭,,,駕駛者,超速駕駛,否,121.179094,24.914619
2026,5.0,20260502.0,20300.0,A1,高雄市政府警察局,高雄市甲仙區中園路315路燈號前0.0公尺,晴,有照明且開啟,市區道路,50.0,單路部分,直路,路段,路肩、路緣,柏油,乾燥,無缺陷,無障礙物,無遮蔽物,良好,無號誌,無號誌,行車分向線,附標記,未繪設車道線,未繪設快慢車道分隔線,有,車輛本身,撞電桿,其他,其他不當駕車行為,死亡1;受傷0,1.0,機車,普通重型,男,17.0,戴半罩式安全帽,未使用,不明,不明,機車與自行車,前車頭,,,其他,其他不當駕車行為,否,120.562045,23.058131
2026,5.0,20260502.0,20300.0,A1,高雄市政府警察局,高雄市甲仙區中園路315路燈號前0.0公尺,晴,有照明且開啟,市區道路,50.0,單路部分,直路,路段,路肩、路緣,柏油,乾燥,無缺陷,無障礙物,無遮蔽物,良好,無號誌,無號誌,行車分向線,附標記,未繪設車道線,未繪設快慢車道分隔線,有,車輛本身,撞電桿,其他,其他不當駕車行為,死亡1;受傷0,2.0,,,無或物(動物、堆置物),0.0,,,,,,,,,無(非車輛駕駛人因素),尚未發現肇事因素,否,120.562045,23.058131