發生年度,發生月份,發生日期,發生時間,事故類別名稱,處理單位名稱警局層,發生地點,天候名稱,光線名稱,道路類別-第1當事者-名稱,速限-第1當事者,道路型態大類別名稱,道路型態子類別名稱,事故位置大類別名稱,事故位置子類別名稱,路面狀況-路面鋪裝名稱,路面狀況-路面狀態名稱,路面狀況-路面缺陷名稱,道路障礙-障礙物名稱,道路障礙-視距品質名稱,道路障礙-視距名稱,號誌-號誌種類名稱,號誌-號誌動作名稱,車道劃分設施-分向設施大類別名稱,車道劃分設施-分向設施子類別名稱,車道劃分設施-分道設施-快車道或一般車道間名稱,車道劃分設施-分道設施-快慢車道間名稱,車道劃分設施-分道設施-路面邊線名稱,事故類型及型態大類別名稱,事故類型及型態子類別名稱,肇因研判大類別名稱-主要,肇因研判子類別名稱-主要,死亡受傷人數,當事者順位,當事者區分-類別-大類別名稱-車種,當事者區分-類別-子類別名稱-車種,當事者屬-性-別名稱,當事者事故發生時年齡,保護裝備名稱,行動電話或電腦或其他相類功能裝置名稱,當事者行動狀態大類別名稱,當事者行動狀態子類別名稱,車輛撞擊部位大類別名稱-最初,車輛撞擊部位子類別名稱-最初,車輛撞擊部位大類別名稱-其他,車輛撞擊部位子類別名稱-其他,肇因研判大類別名稱-個別,肇因研判子類別名稱-個別,肇事逃逸類別名稱-是否肇逃,經度,緯度
2026,5.0,20260502.0,111200.0,A1,基隆市警察局,基隆市七堵區俊賢路71號前0.0公尺,晴,有照明未開啟或故障,市區道路,50.0,單路部分,直路,路段,一般車道(未劃分快慢車道),柏油,乾燥,無缺陷,無障礙物,無遮蔽物,良好,無號誌,無號誌,雙向禁止超車線,無標記,車道線(無標記),未繪設快慢車道分隔線,有,車與車,其他,駕駛者,逆向行駛,死亡1;受傷0,1.0,機車,普通重型,女,53.0,不明,不明,車的狀態,迴轉或橫越道路中,機車與自行車,前車頭,,,駕駛者,逆向行駛,否,121.705345,25.095239
2026,5.0,20260502.0,111200.0,A1,基隆市警察局,基隆市七堵區俊賢路71號前0.0公尺,晴,有照明未開啟或故障,市區道路,50.0,單路部分,直路,路段,一般車道(未劃分快慢車道),柏油,乾燥,無缺陷,無障礙物,無遮蔽物,良好,無號誌,無號誌,雙向禁止超車線,無標記,車道線(無標記),未繪設快慢車道分隔線,有,車與車,其他,駕駛者,逆向行駛,死亡1;受傷0,2.0,小客車(含客、貨兩用),自用,男,33.0,不明,不明,車的狀態,向前直行中,汽車,前車頭,,,無(車輛駕駛者因素),尚未發現肇事因素,否,121.705345,25.095239
2026,5.0,20260503.0,122214.0,A1,屏東縣政府警察局,屏東縣春日鄉圓山路段南和分65電線桿附近,晴,無照明,鄉道,50.0,單路部分,直路,路段,路肩、路緣,柏油,乾燥,無缺陷,無障礙物,無遮蔽物,良好,無號誌,無號誌,雙向禁止超車線,無標記,未繪設車道線,快慢車道分隔線,有,車輛本身,撞護欄(樁),駕駛者,酒醉(後)駕駛,死亡1;受傷1,1.0,機車,普通重型,男,46.0,未戴安全帽或未繫安全帶(未使用幼童安全椅),未使用,車的狀態,向前直行中,機車與自行車,右側車身,,,駕駛者,酒醉(後)駕駛,否,120.642446,22.430858
2026,5.0,20260503.0,122214.0,A1,屏東縣政府警察局,屏東縣春日鄉圓山路段南和分65電線桿附近,晴,無照明,鄉道,50.0,單路部分,直路,路段,路肩、路緣,柏油,乾燥,無缺陷,無障礙物,無遮蔽物,良好,無號誌,無號誌,雙向禁止超車線,無標記,未繪設車道線,快慢車道分隔線,有,車輛本身,撞護欄(樁),駕駛者,酒醉(後)駕駛,死亡1;受傷1,2.0,,,無或物(動物、堆置物),-1.0,,,,,,,,,無(非車輛駕駛人因素),尚未發現肇事因素,否,120.642446,22.430858
2026,5.0,20260503.0,122214.0,A1,屏東縣政府警察局,屏東縣春日鄉圓山路段南和分65電線桿附近,晴,無照明,鄉道,50.0,單路部分,直路,路段,路肩、路緣,柏油,乾燥,無缺陷,無障礙物,無遮蔽物,良好,無號誌,無號誌,雙向禁止超車線,無標記,未繪設車道線,快慢車道分隔線,有,車輛本身,撞護欄(樁),駕駛者,酒醉(後)駕駛,死亡1;受傷1,3.0,人,乘客,女,46.0,未戴安全帽或未繫安全帶(未使用幼童安全椅),非駕駛人,人的狀態,其他,其他,非汽、機及自行車,,,無(非車輛駕駛人因素),尚未發現肇事因素,否,120.642446,22.430858
2026,5.0,20260503.0,160300.0,A1,臺中市政府警察局,臺中市東勢區廣興里三民街328號前0.0公尺,晴,有照明未開啟或故障,市區道路,50.0,單路部分,直路,路段,快車道,柏油,乾燥,無缺陷,無障礙物,無遮蔽物,良好,行車管制號誌,正常,行車分向線,附標記,未繪設車道線,快慢車道分隔線,有,車與車,同向擦撞,其他,其他不當駕車行為,死亡1;受傷0,1.0,慢車,腳踏自行車,男,74.0,其他(無需使用保護裝備之人),未使用,車的狀態,起步,機車與自行車,左側車身,,,其他,其他不當駕車行為,否,120.828169,24.260077
2026,5.0,20260503.0,160300.0,A1,臺中市政府警察局,臺中市東勢區廣興里三民街328號前0.0公尺,晴,有照明未開啟或故障,市區道路,50.0,單路部分,直路,路段,快車道,柏油,乾燥,無缺陷,無障礙物,無遮蔽物,良好,行車管制號誌,正常,行車分向線,附標記,未繪設車道線,快慢車道分隔線,有,車與車,同向擦撞,其他,其他不當駕車行為,死亡1;受傷0,2.0,小貨車,租賃小貨車,男,21.0,繫安全帶(使用幼童安全椅),未使用,車的狀態,向前直行中,汽車,右側車身,,,無(車輛駕駛者因素),尚未發現肇事因素,否,120.828169,24.260077
2026,5.0,20260504.0,41937.0,A1,彰化縣警察局,彰化縣彰化市中華路橋與中華西路口,晴,有照明且開啟,市區道路,60.0,交岔路,多岔路,交叉路口,交叉口附近,柏油,乾燥,無缺陷,無障礙物,無遮蔽物,良好,行車管制號誌(附設行人專用號誌),正常,中央分向島,寬式(50公分以上),禁止變換車道線(無標記),寬式快慢車道分隔島(50公分以上),有,車與車,追撞,駕駛者,吸食違禁物駕駛,死亡2;受傷2,1.0,小客車(含客、貨兩用),自用,男,29.0,繫安全帶(使用幼童安全椅),未使用,車的狀態,向前直行中,汽車,前車頭,汽車,車頂,駕駛者,吸食違禁物駕駛,否,120.532469,24.073921
2026,5.0,20260504.0,41937.0,A1,彰化縣警察局,彰化縣彰化市中華路橋與中華西路口,晴,有照明且開啟,市區道路,60.0,交岔路,多岔路,交叉路口,交叉口附近,柏油,乾燥,無缺陷,無障礙物,無遮蔽物,良好,行車管制號誌(附設行人專用號誌),正常,中央分向島,寬式(50公分以上),禁止變換車道線(無標記),寬式快慢車道分隔島(50公分以上),有,車與車,追撞,駕駛者,吸食違禁物駕駛,死亡2;受傷2,2.0,機車,普通重型,男,64.0,戴非半罩式安全帽,未使用,車的狀態,向前直行中,機車與自行車,後車尾,,,無(車輛駕駛者因素),尚未發現肇事因素,否,120.532469,24.073921
2026,5.0,20260504.0,41937.0,A1,彰化縣警察局,彰化縣彰化市中華路橋與中華西路口,晴,有照明且開啟,市區道路,60.0,交岔路,多岔路,交叉路口,交叉口附近,柏油,乾燥,無缺陷,無障礙物,無遮蔽物,良好,行車管制號誌(附設行人專用號誌),正常,中央分向島,寬式(50公分以上),禁止變換車道線(無標記),寬式快慢車道分隔島(50公分以上),有,車與車,追撞,駕駛者,吸食違禁物駕駛,死亡2;受傷2,3.0,小客車(含客、貨兩用),自用,女,24.0,繫安全帶(使用幼童安全椅),未使用,車的狀態,向前直行中,汽車,前車頭,,,無(車輛駕駛者因素),尚未發現肇事因素,否,120.532469,24.073921
2026,5.0,20260504.0,41937.0,A1,彰化縣警察局,彰化縣彰化市中華路橋與中華西路口,晴,有照明且開啟,市區道路,60.0,交岔路,多岔路,交叉路口,交叉口附近,柏油,乾燥,無缺陷,無障礙物,無遮蔽物,良好,行車管制號誌(附設行人專用號誌),正常,中央分向島,寬式(50公分以上),禁止變換車道線(無標記),寬式快慢車道分隔島(50公分以上),有,車與車,追撞,駕駛者,吸食違禁物駕駛,死亡2;受傷2,4.0,人,乘客,男,30.0,繫安全帶(使用幼童安全椅),非駕駛人,不明,不明,其他,非汽、機及自行車,,,無(非車輛駕駛人因素),尚未發現肇事因素,否,120.532469,24.073921
2026,5.0,20260504.0,41937.0,A1,彰化縣警察局,彰化縣彰化市中華路橋與中華西路口,晴,有照明且開啟,市區道路,60.0,交岔路,多岔路,交叉路口,交叉口附近,柏油,乾燥,無缺陷,無障礙物,無遮蔽物,良好,行車管制號誌(附設行人專用號誌),正常,中央分向島,寬式(50公分以上),禁止變換車道線(無標記),寬式快慢車道分隔島(50公分以上),有,車與車,追撞,駕駛者,吸食違禁物駕駛,死亡2;受傷2,5.0,,,無或物(動物、堆置物),-1.0,,,,,,,,,無(非車輛駕駛人因素),尚未發現肇事因素,否,120.532469,24.073921
2026,5.0,20260504.0,41937.0,A1,彰化縣警察局,彰化縣彰化市中華路橋與中華西路口,晴,有照明且開啟,市區道路,60.0,交岔路,多岔路,交叉路口,交叉口附近,柏油,乾燥,無缺陷,無障礙物,無遮蔽物,良好,行車管制號誌(附設行人專用號誌),正常,中央分向島,寬式(50公分以上),禁止變換車道線(無標記),寬式快慢車道分隔島(50公分以上),有,車與車,追撞,駕駛者,吸食違禁物駕駛,死亡2;受傷2,6.0,,,無或物(動物、堆置物),-1.0,,,,,,,,,無(非車輛駕駛人因素),尚未發現肇事因素,否,120.532469,24.073921
2026,5.0,20260504.0,190349.0,A1,桃園市政府警察局,桃園市大溪區台4線 29公里500.0公尺處,雨,有照明且開啟,省道,50.0,單路部分,彎曲路及附近,路段,一般車道(未劃分快慢車道),柏油,濕潤,無缺陷,無障礙物,無遮蔽物,良好,無號誌,無號誌,中央分向島,寬式(50公分以上),車道線(附標記),未繪設快慢車道分隔線,無,車輛本身,撞護欄(樁),駕駛者,恍神、緊張、心不在焉分心駕駛,死亡1;受傷0,1.0,機車,普通重型,女,48.0,戴非半罩式安全帽,未使用,車的狀態,向前直行中,機車與自行車,前車頭,,,駕駛者,恍神、緊張、心不在焉分心駕駛,否,121.285108,24.896837
2026,5.0,20260504.0,190349.0,A1,桃園市政府警察局,桃園市大溪區台4線 29公里500.0公尺處,雨,有照明且開啟,省道,50.0,單路部分,彎曲路及附近,路段,一般車道(未劃分快慢車道),柏油,濕潤,無缺陷,無障礙物,無遮蔽物,良好,無號誌,無號誌,中央分向島,寬式(50公分以上),車道線(附標記),未繪設快慢車道分隔線,無,車輛本身,撞護欄(樁),駕駛者,恍神、緊張、心不在焉分心駕駛,死亡1;受傷0,2.0,,,無或物(動物、堆置物),-1.0,,,,,,,,,無(非車輛駕駛人因素),尚未發現肇事因素,否,121.285108,24.896837
2026,5.0,20260505.0,144659.0,A1,屏東縣政府警察局,屏東縣新園鄉仙吉路與港墘路口,晴,無照明,省道,50.0,交岔路,四岔路,交叉路口,交叉口附近,柏油,乾燥,無缺陷,無障礙物,無遮蔽物,良好,行車管制號誌,正常,中央分向島,窄式無柵欄,禁止變換車道線(無標記),未繪設快慢車道分隔線,有,車輛本身,撞號誌、標誌桿,其他,其他不當駕車行為,死亡1;受傷1,1.0,機車,普通重型,女,61.0,戴半罩式安全帽,未使用,車的狀態,向前直行中,機車與自行車,前車頭,機車與自行車,右側車身,其他,其他不當駕車行為,否,120.459988,22.53732
2026,5.0,20260505.0,144659.0,A1,屏東縣政府警察局,屏東縣新園鄉仙吉路與港墘路口,晴,無照明,省道,50.0,交岔路,四岔路,交叉路口,交叉口附近,柏油,乾燥,無缺陷,無障礙物,無遮蔽物,良好,行車管制號誌,正常,中央分向島,窄式無柵欄,禁止變換車道線(無標記),未繪設快慢車道分隔線,有,車輛本身,撞號誌、標誌桿,其他,其他不當駕車行為,死亡1;受傷1,2.0,,,無或物(動物、堆置物),-1.0,,,,,,,,,無(非車輛駕駛人因素),尚未發現肇事因素,否,120.459988,22.53732
2026,5.0,20260505.0,144659.0,A1,屏東縣政府警察局,屏東縣新園鄉仙吉路與港墘路口,晴,無照明,省道,50.0,交岔路,四岔路,交叉路口,交叉口附近,柏油,乾燥,無缺陷,無障礙物,無遮蔽物,良好,行車管制號誌,正常,中央分向島,窄式無柵欄,禁止變換車道線(無標記),未繪設快慢車道分隔線,有,車輛本身,撞號誌、標誌桿,其他,其他不當駕車行為,死亡1;受傷1,3.0,大貨車,自用,男,30.0,繫安全帶(使用幼童安全椅),未使用,車的狀態,向前直行中,汽車,右側車身,,,無(車輛駕駛者因素),尚未發現肇事因素,否,120.459988,22.53732
2026,5.0,20260505.0,144659.0,A1,屏東縣政府警察局,屏東縣新園鄉仙吉路與港墘路口,晴,無照明,省道,50.0,交岔路,四岔路,交叉路口,交叉口附近,柏油,乾燥,無缺陷,無障礙物,無遮蔽物,良好,行車管制號誌,正常,中央分向島,窄式無柵欄,禁止變換車道線(無標記),未繪設快慢車道分隔線,有,車輛本身,撞號誌、標誌桿,其他,其他不當駕車行為,死亡1;受傷1,4.0,曳引車,營業用,男,53.0,繫安全帶(使用幼童安全椅),未使用,車的狀態,迴轉或橫越道路中,其他,無撞擊,,,無(車輛駕駛者因素),尚未發現肇事因素,否,120.459988,22.53732
2026,5.0,20260505.0,144659.0,A1,屏東縣政府警察局,屏東縣新園鄉仙吉路與港墘路口,晴,無照明,省道,50.0,交岔路,四岔路,交叉路口,交叉口附近,柏油,乾燥,無缺陷,無障礙物,無遮蔽物,良好,行車管制號誌,正常,中央分向島,窄式無柵欄,禁止變換車道線(無標記),未繪設快慢車道分隔線,有,車輛本身,撞號誌、標誌桿,其他,其他不當駕車行為,死亡1;受傷1,5.0,人,乘客,女,60.0,戴半罩式安全帽,非駕駛人,人的狀態,其他,其他,非汽、機及自行車,,,無(非車輛駕駛人因素),尚未發現肇事因素,否,120.459988,22.53732
2026,5.0,20260505.0,193800.0,A1,航空警察局,桃園市大園區桃園國際機場航站南路與塔台路路口,雨,有照明且開啟,其他,50.0,單路部分,彎曲路及附近,路段,交通島(含槽化線),柏油,濕潤,無缺陷,無障礙物,無遮蔽物,良好,無號誌,無號誌,無,無分向設施,車道線(無標記),未繪設快慢車道分隔線,有,車輛本身,撞交通島,駕駛者,使用車輛自動駕駛或先進駕駛輔助系統設備(裝置)不符規定,死亡1;受傷2,1.0,小客車(含客、貨兩用),租賃車,男,32.0,繫安全帶(使用幼童安全椅),未使用,車的狀態,向前直行中,汽車,前車頭,,,駕駛者,使用車輛自動駕駛或先進駕駛輔助系統設備(裝置)不符規定,否,121.235722,25.078578
2026,5.0,20260505.0,193800.0,A1,航空警察局,桃園市大園區桃園國際機場航站南路與塔台路路口,雨,有照明且開啟,其他,50.0,單路部分,彎曲路及附近,路段,交通島(含槽化線),柏油,濕潤,無缺陷,無障礙物,無遮蔽物,良好,無號誌,無號誌,無,無分向設施,車道線(無標記),未繪設快慢車道分隔線,有,車輛本身,撞交通島,駕駛者,使用車輛自動駕駛或先進駕駛輔助系統設備(裝置)不符規定,死亡1;受傷2,2.0,,,無或物(動物、堆置物),-1.0,,,,,,,,,無(非車輛駕駛人因素),尚未發現肇事因素,否,121.235722,25.078578
2026,5.0,20260505.0,193800.0,A1,航空警察局,桃園市大園區桃園國際機場航站南路與塔台路路口,雨,有照明且開啟,其他,50.0,單路部分,彎曲路及附近,路段,交通島(含槽化線),柏油,濕潤,無缺陷,無障礙物,無遮蔽物,良好,無號誌,無號誌,無,無分向設施,車道線(無標記),未繪設快慢車道分隔線,有,車輛本身,撞交通島,駕駛者,使用車輛自動駕駛或先進駕駛輔助系統設備(裝置)不符規定,死亡1;受傷2,3.0,人,乘客,男,56.0,不明,非駕駛人,人的狀態,其他,其他,非汽、機及自行車,,,無(非車輛駕駛人因素),尚未發現肇事因素,否,121.235722,25.078578
2026,5.0,20260505.0,193800.0,A1,航空警察局,桃園市大園區桃園國際機場航站南路與塔台路路口,雨,有照明且開啟,其他,50.0,單路部分,彎曲路及附近,路段,交通島(含槽化線),柏油,濕潤,無缺陷,無障礙物,無遮蔽物,良好,無號誌,無號誌,無,無分向設施,車道線(無標記),未繪設快慢車道分隔線,有,車輛本身,撞交通島,駕駛者,使用車輛自動駕駛或先進駕駛輔助系統設備(裝置)不符規定,死亡1;受傷2,4.0,人,乘客,女,54.0,不明,非駕駛人,人的狀態,其他,其他,非汽、機及自行車,,,無(非車輛駕駛人因素),尚未發現肇事因素,否,121.235722,25.078578
2026,5.0,20260506.0,75800.0,A1,臺北市政府警察局,臺北市南港區忠孝東路7段 / 臺北市南港區忠孝東路7段,晴,有照明未開啟或故障,市區道路,50.0,交岔路,三岔路,交叉路口,交叉路口內,柏油,濕潤,無缺陷,無障礙物,無遮蔽物,良好,行車管制號誌(附設行人專用號誌),正常,中央分向島,寬式(50公分以上),車道線(無標記),快慢車道分隔線,無,車與車,側撞,駕駛者,迴轉未依規定,死亡1;受傷0,1.0,半聯結車,營業用,男,60.0,不明,不明,車的狀態,迴轉或橫越道路中,汽車,右側車身,,,駕駛者,迴轉未依規定,否,121.603436,25.05179
2026,5.0,20260506.0,75800.0,A1,臺北市政府警察局,臺北市南港區忠孝東路7段 / 臺北市南港區忠孝東路7段,晴,有照明未開啟或故障,市區道路,50.0,交岔路,三岔路,交叉路口,交叉路口內,柏油,濕潤,無缺陷,無障礙物,無遮蔽物,良好,行車管制號誌(附設行人專用號誌),正常,中央分向島,寬式(50公分以上),車道線(無標記),快慢車道分隔線,無,車與車,側撞,駕駛者,迴轉未依規定,死亡1;受傷0,2.0,機車,普通重型,男,41.0,戴非半罩式安全帽,未使用,車的狀態,向前直行中,機車與自行車,左側車身,,,其他,車輛或機械操作不當(慎),否,121.603436,25.05179
2026,5.0,20260507.0,115103.0,A1,臺南市政府警察局,臺南市下營區賀建里火燒珠41號前,晴,無照明,市區道路,50.0,單路部分,直路,路段,路肩、路緣,柏油,乾燥,無缺陷,無障礙物,無遮蔽物,良好,無號誌,無號誌,行車分向線,無標記,未繪設車道線,未繪設快慢車道分隔線,有,車輛本身,撞護欄(樁),駕駛者,打瞌睡或疲勞駕駛(包括連續駕車8小時),死亡1;受傷0,1.0,機車,普通重型,女,72.0,戴非半罩式安全帽,不明,車的狀態,向前直行中,機車與自行車,前車頭,,,駕駛者,打瞌睡或疲勞駕駛(包括連續駕車8小時),否,120.285322,23.255325
2026,5.0,20260507.0,115103.0,A1,臺南市政府警察局,臺南市下營區賀建里火燒珠41號前,晴,無照明,市區道路,50.0,單路部分,直路,路段,路肩、路緣,柏油,乾燥,無缺陷,無障礙物,無遮蔽物,良好,無號誌,無號誌,行車分向線,無標記,未繪設車道線,未繪設快慢車道分隔線,有,車輛本身,撞護欄(樁),駕駛者,打瞌睡或疲勞駕駛(包括連續駕車8小時),死亡1;受傷0,2.0,,,無或物(動物、堆置物),-1.0,,,,,,,,,無(非車輛駕駛人因素),尚未發現肇事因素,否,120.285322,23.255325
2026,5.0,20260507.0,121126.0,A1,嘉義縣警察局,嘉義縣鹿草鄉松竹村電桿松竹17分6N0877EA45號旁產業道路,晴,無照明,村里道路,30.0,單路部分,直路,其他,其他,柏油,乾燥,無缺陷,無障礙物,無遮蔽物,良好,無號誌,無號誌,無,無分向設施,未繪設車道線,未繪設快慢車道分隔線,無,車輛本身,衝出路外,其他,相關跡證不足且無具體影像紀錄，當事人各執一詞，經分析後無法釐清肇事原因,死亡1;受傷0,1.0,機車,普通重型,男,83.0,不明,不明,車的狀態,向前直行中,機車與自行車,前車頭,,,其他,相關跡證不足且無具體影像紀錄，當事人各執一詞，經分析後無法釐清肇事原因,否,120.292426,23.396605
2026,5.0,20260507.0,121126.0,A1,嘉義縣警察局,嘉義縣鹿草鄉松竹村電桿松竹17分6N0877EA45號旁產業道路,晴,無照明,村里道路,30.0,單路部分,直路,其他,其他,柏油,乾燥,無缺陷,無障礙物,無遮蔽物,良好,無號誌,無號誌,無,無分向設施,未繪設車道線,未繪設快慢車道分隔線,無,車輛本身,衝出路外,其他,相關跡證不足且無具體影像紀錄，當事人各執一詞，經分析後無法釐清肇事原因,死亡1;受傷0,2.0,,,無或物(動物、堆置物),-1.0,,,,,,,,,無(非車輛駕駛人因素),尚未發現肇事因素,否,120.292426,23.396605
2026,5.0,20260507.0,190700.0,A1,彰化縣警察局,彰化縣鹿港鎮海埔里彰濱五路1段口 / 彰化縣鹿港鎮海埔里海浴路口,晴,有照明且開啟,村里道路,70.0,交岔路,四岔路,交叉路口,交叉路口內,柏油,乾燥,無缺陷,無障礙物,無遮蔽物,良好,行車管制號誌,正常,中央分向島,寬式(50公分以上),車道線(無標記),未繪設快慢車道分隔線,有,車與車,側撞,駕駛者,闖紅燈直行,死亡1;受傷1,1.0,機車,普通重型,男,31.0,戴非半罩式安全帽,未使用,車的狀態,向前直行中,機車與自行車,前車頭,機車與自行車,前車頭,駕駛者,闖紅燈直行,否,120.428972,24.072254
2026,5.0,20260507.0,190700.0,A1,彰化縣警察局,彰化縣鹿港鎮海埔里彰濱五路1段口 / 彰化縣鹿港鎮海埔里海浴路口,晴,有照明且開啟,村里道路,70.0,交岔路,四岔路,交叉路口,交叉路口內,柏油,乾燥,無缺陷,無障礙物,無遮蔽物,良好,行車管制號誌,正常,中央分向島,寬式(50公分以上),車道線(無標記),未繪設快慢車道分隔線,有,車與車,側撞,駕駛者,闖紅燈直行,死亡1;受傷1,2.0,小貨車,自用,男,59.0,繫安全帶(使用幼童安全椅),未使用,車的狀態,左轉彎,汽車,右前車頭(身),汽車,前車頭,無(車輛駕駛者因素),尚未發現肇事因素,否,120.428972,24.072254
2026,5.0,20260508.0,64500.0,A1,臺南市政府警察局,臺南市後壁區上茄苳里上茄苳146之85號前,晴,有照明未開啟或故障,省道,70.0,單路部分,直路,路段,快車道,柏油,乾燥,無缺陷,無障礙物,無遮蔽物,良好,無號誌,無號誌,中央分向島,寬式(50公分以上),車道線(無標記),快慢車道分隔線,有,車與車,追撞,駕駛者,未保持行車安全距離,死亡1;受傷1,1.0,小貨車,自用,男,76.0,不明,不明,車的狀態,向前直行中,汽車,前車頭,,,駕駛者,未保持行車安全距離,否,120.372432,23.384528
2026,5.0,20260508.0,64500.0,A1,臺南市政府警察局,臺南市後壁區上茄苳里上茄苳146之85號前,晴,有照明未開啟或故障,省道,70.0,單路部分,直路,路段,快車道,柏油,乾燥,無缺陷,無障礙物,無遮蔽物,良好,無號誌,無號誌,中央分向島,寬式(50公分以上),車道線(無標記),快慢車道分隔線,有,車與車,追撞,駕駛者,未保持行車安全距離,死亡1;受傷1,2.0,大貨車,自用,男,59.0,繫安全帶(使用幼童安全椅),未使用,車的狀態,向前直行中,汽車,後車尾,,,無(車輛駕駛者因素),尚未發現肇事因素,否,120.372432,23.384528
2026,5.0,20260508.0,64500.0,A1,臺南市政府警察局,臺南市後壁區上茄苳里上茄苳146之85號前,晴,有照明未開啟或故障,省道,70.0,單路部分,直路,路段,快車道,柏油,乾燥,無缺陷,無障礙物,無遮蔽物,良好,無號誌,無號誌,中央分向島,寬式(50公分以上),車道線(無標記),快慢車道分隔線,有,車與車,追撞,駕駛者,未保持行車安全距離,死亡1;受傷1,3.0,人,乘客,女,49.0,不明,非駕駛人,人的狀態,其他,其他,非汽、機及自行車,,,無(非車輛駕駛人因素),尚未發現肇事因素,否,120.372432,23.384528
2026,5.0,20260508.0,73800.0,A1,彰化縣警察局,彰化縣鹿港鎮鹿和路四段143號前,晴,有照明未開啟或故障,村里道路,60.0,交岔路,四岔路,交叉路口,交叉口附近,柏油,乾燥,無缺陷,無障礙物,無遮蔽物,良好,行車管制號誌,正常,雙向禁止超車線,無標記,未繪設車道線,快慢車道分隔線,有,車與車,其他,駕駛者,迴轉未依規定,死亡1;受傷0,1.0,機車,普通重型,女,66.0,戴非半罩式安全帽,未使用,車的狀態,迴轉或橫越道路中,其他,無撞擊,,,駕駛者,迴轉未依規定,否,120.482652,24.087893
2026,5.0,20260508.0,73800.0,A1,彰化縣警察局,彰化縣鹿港鎮鹿和路四段143號前,晴,有照明未開啟或故障,村里道路,60.0,交岔路,四岔路,交叉路口,交叉口附近,柏油,乾燥,無缺陷,無障礙物,無遮蔽物,良好,行車管制號誌,正常,雙向禁止超車線,無標記,未繪設車道線,快慢車道分隔線,有,車與車,其他,駕駛者,迴轉未依規定,死亡1;受傷0,2.0,慢車,微型電動二輪車,男,16.0,戴非半罩式安全帽,未使用,車的狀態,向前直行中,機車與自行車,前車頭,,,駕駛者,恍神、緊張、心不在焉分心駕駛,否,120.482652,24.087893
2026,5.0,20260508.0,73800.0,A1,彰化縣警察局,彰化縣鹿港鎮鹿和路四段143號前,晴,有照明未開啟或故障,村里道路,60.0,交岔路,四岔路,交叉路口,交叉口附近,柏油,乾燥,無缺陷,無障礙物,無遮蔽物,良好,行車管制號誌,正常,雙向禁止超車線,無標記,未繪設車道線,快慢車道分隔線,有,車與車,其他,駕駛者,迴轉未依規定,死亡1;受傷0,3.0,,,無或物(動物、堆置物),-1.0,,,,,,,,,無(非車輛駕駛人因素),尚未發現肇事因素,否,120.482652,24.087893
2026,5.0,20260508.0,132600.0,A1,雲林縣警察局,雲林縣崙背鄉南陽村中山路645號前,晴,有照明未開啟或故障,村里道路,50.0,單路部分,直路,路段,一般車道(未劃分快慢車道),柏油,乾燥,無缺陷,無障礙物,無遮蔽物,良好,無號誌,無號誌,雙向禁止超車線,無標記,未繪設車道線,未繪設快慢車道分隔線,有,車與車,同向擦撞,駕駛者,未保持行車安全距離,死亡1;受傷0,1.0,大貨車,自用,男,26.0,未戴安全帽或未繫安全帶(未使用幼童安全椅),未使用,車的狀態,向前直行中,汽車,前車頭,汽車,前車頭,駕駛者,未保持行車安全距離,否,120.34268,23.764889
2026,5.0,20260508.0,132600.0,A1,雲林縣警察局,雲林縣崙背鄉南陽村中山路645號前,晴,有照明未開啟或故障,村里道路,50.0,單路部分,直路,路段,一般車道(未劃分快慢車道),柏油,乾燥,無缺陷,無障礙物,無遮蔽物,良好,無號誌,無號誌,雙向禁止超車線,無標記,未繪設車道線,未繪設快慢車道分隔線,有,車與車,同向擦撞,駕駛者,未保持行車安全距離,死亡1;受傷0,2.0,機車,普通重型,女,69.0,戴半罩式安全帽,未使用,車的狀態,左轉彎,機車與自行車,左側車身,機車與自行車,左側車身,駕駛者,左轉彎未依規定,否,120.34268,23.764889
2026,5.0,20260508.0,132600.0,A1,雲林縣警察局,雲林縣崙背鄉南陽村中山路645號前,晴,有照明未開啟或故障,村里道路,50.0,單路部分,直路,路段,一般車道(未劃分快慢車道),柏油,乾燥,無缺陷,無障礙物,無遮蔽物,良好,無號誌,無號誌,雙向禁止超車線,無標記,未繪設車道線,未繪設快慢車道分隔線,有,車與車,同向擦撞,駕駛者,未保持行車安全距離,死亡1;受傷0,3.0,,,無或物(動物、堆置物),-1.0,,,,,,,,,無(非車輛駕駛人因素),尚未發現肇事因素,否,120.34268,23.764889
2026,5.0,20260508.0,132600.0,A1,雲林縣警察局,雲林縣崙背鄉南陽村中山路645號前,晴,有照明未開啟或故障,村里道路,50.0,單路部分,直路,路段,一般車道(未劃分快慢車道),柏油,乾燥,無缺陷,無障礙物,無遮蔽物,良好,無號誌,無號誌,雙向禁止超車線,無標記,未繪設車道線,未繪設快慢車道分隔線,有,車與車,同向擦撞,駕駛者,未保持行車安全距離,死亡1;受傷0,4.0,,,無或物(動物、堆置物),-1.0,,,,,,,,,無(非車輛駕駛人因素),尚未發現肇事因素,否,120.34268,23.764889
2026,5.0,20260508.0,145400.0,A1,雲林縣警察局,雲林縣二崙鄉庄西村雲10鄉道路路燈240461號前,晴,有照明未開啟或故障,鄉道,50.0,單路部分,彎曲路及附近,路段,路肩、路緣,柏油,乾燥,無缺陷,無障礙物,無遮蔽物,良好,閃光號誌,正常,雙向禁止超車線,無標記,禁止變換車道線(無標記),未繪設快慢車道分隔線,有,車輛本身,撞號誌、標誌桿,無(車輛駕駛者因素),尚未發現肇事因素,死亡1;受傷0,1.0,機車,普通重型,女,53.0,戴半罩式安全帽,未使用,車的狀態,向前直行中,機車與自行車,右側車身,,,無(車輛駕駛者因素),尚未發現肇事因素,否,120.363568,23.797413