發生年度,發生月份,發生日期,發生時間,事故類別名稱,處理單位名稱警局層,發生地點,天候名稱,光線名稱,道路類別-第1當事者-名稱,速限-第1當事者,道路型態大類別名稱,道路型態子類別名稱,事故位置大類別名稱,事故位置子類別名稱,路面狀況-路面鋪裝名稱,路面狀況-路面狀態名稱,路面狀況-路面缺陷名稱,道路障礙-障礙物名稱,道路障礙-視距品質名稱,道路障礙-視距名稱,號誌-號誌種類名稱,號誌-號誌動作名稱,車道劃分設施-分向設施大類別名稱,車道劃分設施-分向設施子類別名稱,車道劃分設施-分道設施-快車道或一般車道間名稱,車道劃分設施-分道設施-快慢車道間名稱,車道劃分設施-分道設施-路面邊線名稱,事故類型及型態大類別名稱,事故類型及型態子類別名稱,肇因研判大類別名稱-主要,肇因研判子類別名稱-主要,死亡受傷人數,當事者順位,當事者區分-類別-大類別名稱-車種,當事者區分-類別-子類別名稱-車種,當事者屬-性-別名稱,當事者事故發生時年齡,保護裝備名稱,行動電話或電腦或其他相類功能裝置名稱,當事者行動狀態大類別名稱,當事者行動狀態子類別名稱,車輛撞擊部位大類別名稱-最初,車輛撞擊部位子類別名稱-最初,車輛撞擊部位大類別名稱-其他,車輛撞擊部位子類別名稱-其他,肇因研判大類別名稱-個別,肇因研判子類別名稱-個別,肇事逃逸類別名稱-是否肇逃,經度,緯度
2026,5.0,20260508.0,145400.0,A1,雲林縣警察局,雲林縣二崙鄉庄西村雲10鄉道路路燈240461號前,晴,有照明未開啟或故障,鄉道,50.0,單路部分,彎曲路及附近,路段,路肩、路緣,柏油,乾燥,無缺陷,無障礙物,無遮蔽物,良好,閃光號誌,正常,雙向禁止超車線,無標記,禁止變換車道線(無標記),未繪設快慢車道分隔線,有,車輛本身,撞號誌、標誌桿,無(車輛駕駛者因素),尚未發現肇事因素,死亡1;受傷0,2.0,,,無或物(動物、堆置物),-1.0,,,,,,,,,無(非車輛駕駛人因素),尚未發現肇事因素,否,120.363568,23.797413
2026,5.0,20260508.0,153719.0,A1,臺南市政府警察局,臺南市白河區虎山里木屐寮1之20號對面,晴,有照明未開啟或故障,市區道路,60.0,單路部分,直路,路段,路肩、路緣,柏油,乾燥,無缺陷,無障礙物,無遮蔽物,良好,無號誌,無號誌,雙向禁止超車線,附標記,車道線(附標記),未繪設快慢車道分隔線,有,人與車,其他,駕駛者,恍神、緊張、心不在焉分心駕駛,死亡1;受傷0,1.0,小客車(含客、貨兩用),自用,男,67.0,繫安全帶(使用幼童安全椅),未使用,車的狀態,向右變換車道,汽車,左前車頭(身),,,駕駛者,恍神、緊張、心不在焉分心駕駛,否,120.448241,23.349017
2026,5.0,20260508.0,153719.0,A1,臺南市政府警察局,臺南市白河區虎山里木屐寮1之20號對面,晴,有照明未開啟或故障,市區道路,60.0,單路部分,直路,路段,路肩、路緣,柏油,乾燥,無缺陷,無障礙物,無遮蔽物,良好,無號誌,無號誌,雙向禁止超車線,附標記,車道線(附標記),未繪設快慢車道分隔線,有,人與車,其他,駕駛者,恍神、緊張、心不在焉分心駕駛,死亡1;受傷0,2.0,人,其他人,女,53.0,其他(無需使用保護裝備之人),非駕駛人,人的狀態,其他,其他,非汽、機及自行車,,,無(非車輛駕駛人因素),尚未發現肇事因素,否,120.448241,23.349017
2026,5.0,20260508.0,153719.0,A1,臺南市政府警察局,臺南市白河區虎山里木屐寮1之20號對面,晴,有照明未開啟或故障,市區道路,60.0,單路部分,直路,路段,路肩、路緣,柏油,乾燥,無缺陷,無障礙物,無遮蔽物,良好,無號誌,無號誌,雙向禁止超車線,附標記,車道線(附標記),未繪設快慢車道分隔線,有,人與車,其他,駕駛者,恍神、緊張、心不在焉分心駕駛,死亡1;受傷0,3.0,大貨車,自用,男,40.0,繫安全帶(使用幼童安全椅),未使用,車的狀態,向前直行中,汽車,右後車尾(身),,,無(車輛駕駛者因素),尚未發現肇事因素,否,120.448241,23.349017
2026,5.0,20260508.0,212000.0,A1,臺中市政府警察局,臺中市霧峰區四德里峰堤路725號前0.0公尺,晴,無照明,市區道路,30.0,單路部分,直路,路段,一般車道(未劃分快慢車道),柏油,乾燥,無缺陷,無障礙物,無遮蔽物,良好,無號誌,無號誌,雙向禁止超車線,無標記,未繪設車道線,未繪設快慢車道分隔線,有,車輛本身,撞電桿,其他,其他不當駕車行為,死亡1;受傷0,1.0,機車,普通重型,男,56.0,戴半罩式安全帽,未使用,車的狀態,向前直行中,機車與自行車,右側車身,,,其他,其他不當駕車行為,否,120.670475,24.079361
2026,5.0,20260508.0,212000.0,A1,臺中市政府警察局,臺中市霧峰區四德里峰堤路725號前0.0公尺,晴,無照明,市區道路,30.0,單路部分,直路,路段,一般車道(未劃分快慢車道),柏油,乾燥,無缺陷,無障礙物,無遮蔽物,良好,無號誌,無號誌,雙向禁止超車線,無標記,未繪設車道線,未繪設快慢車道分隔線,有,車輛本身,撞電桿,其他,其他不當駕車行為,死亡1;受傷0,2.0,,,無或物(動物、堆置物),0.0,,,,,,,,,無(非車輛駕駛人因素),尚未發現肇事因素,否,120.670475,24.079361
2026,5.0,20260509.0,84756.0,A1,嘉義縣警察局,嘉義縣水上鄉寬士村崎子頭1-95號西側產業道路路口,晴,有照明未開啟或故障,鄉道,30.0,交岔路,四岔路,交叉路口,交叉路口內,柏油,乾燥,無缺陷,無障礙物,有遮蔽物,建築物,無號誌,無號誌,無,無分向設施,未繪設車道線,未繪設快慢車道分隔線,無,車與車,路口交岔撞,駕駛者,無號誌路口，左方車未讓右方車先行,死亡1;受傷1,1.0,機車,普通重型,男,68.0,戴半罩式安全帽,未使用,車的狀態,向前直行中,機車與自行車,右側車身,,,駕駛者,無號誌路口，左方車未讓右方車先行,否,120.423312,23.453496
2026,5.0,20260509.0,84756.0,A1,嘉義縣警察局,嘉義縣水上鄉寬士村崎子頭1-95號西側產業道路路口,晴,有照明未開啟或故障,鄉道,30.0,交岔路,四岔路,交叉路口,交叉路口內,柏油,乾燥,無缺陷,無障礙物,有遮蔽物,建築物,無號誌,無號誌,無,無分向設施,未繪設車道線,未繪設快慢車道分隔線,無,車與車,路口交岔撞,駕駛者,無號誌路口，左方車未讓右方車先行,死亡1;受傷1,2.0,小客車(含客、貨兩用),自用,男,49.0,不明,不明,車的狀態,向前直行中,汽車,前車頭,汽車,左前車頭(身),駕駛者,未依規定減速,否,120.423312,23.453496
2026,5.0,20260509.0,84756.0,A1,嘉義縣警察局,嘉義縣水上鄉寬士村崎子頭1-95號西側產業道路路口,晴,有照明未開啟或故障,鄉道,30.0,交岔路,四岔路,交叉路口,交叉路口內,柏油,乾燥,無缺陷,無障礙物,有遮蔽物,建築物,無號誌,無號誌,無,無分向設施,未繪設車道線,未繪設快慢車道分隔線,無,車與車,路口交岔撞,駕駛者,無號誌路口，左方車未讓右方車先行,死亡1;受傷1,3.0,小貨車,自用,男,65.0,不明,不明,車的狀態,靜止(引擎熄火),其他,無撞擊,,,其他,違規(臨時)停車,否,120.423312,23.453496
2026,5.0,20260509.0,123318.0,A1,宜蘭縣政府警察局,宜蘭縣宜蘭市中山路5段342之1號前0.0公尺附近,陰,有照明未開啟或故障,市區道路,50.0,單路部分,直路,路段,路肩、路緣,柏油,乾燥,無缺陷,無障礙物,無遮蔽物,良好,無號誌,無號誌,雙向禁止超車線,無標記,車道線(無標記),未繪設快慢車道分隔線,有,車與車,其他,駕駛者,恍神、緊張、心不在焉分心駕駛,死亡1;受傷0,1.0,機車,普通重型,女,66.0,戴非半罩式安全帽,未使用,車的狀態,向前直行中,機車與自行車,前車頭,,,駕駛者,恍神、緊張、心不在焉分心駕駛,否,121.758751,24.776155
2026,5.0,20260509.0,123318.0,A1,宜蘭縣政府警察局,宜蘭縣宜蘭市中山路5段342之1號前0.0公尺附近,陰,有照明未開啟或故障,市區道路,50.0,單路部分,直路,路段,路肩、路緣,柏油,乾燥,無缺陷,無障礙物,無遮蔽物,良好,無號誌,無號誌,雙向禁止超車線,無標記,車道線(無標記),未繪設快慢車道分隔線,有,車與車,其他,駕駛者,恍神、緊張、心不在焉分心駕駛,死亡1;受傷0,2.0,小客車(含客、貨兩用),自用,男,38.0,繫安全帶(使用幼童安全椅),未使用,車的狀態,等待(引擎未熄火),汽車,左後車尾(身),,,無(車輛駕駛者因素),尚未發現肇事因素,否,121.758751,24.776155
2026,5.0,20260509.0,184500.0,A1,花蓮縣警察局,花蓮縣花蓮市中興路附近 / 花蓮縣花蓮市新興路附近,陰,有照明且開啟,市區道路,50.0,交岔路,三岔路,其他,其他,柏油,乾燥,無缺陷,無障礙物,無遮蔽物,良好,行車管制號誌,正常,無,無分向設施,未繪設車道線,未繪設快慢車道分隔線,無,車輛本身,衝出路外,其他,其他不當駕車行為,死亡1;受傷0,1.0,機車,普通重型,男,60.0,不明,不明,車的狀態,向前直行中,機車與自行車,前車頭,,,其他,其他不當駕車行為,否,121.61646,23.995816
2026,5.0,20260509.0,184500.0,A1,花蓮縣警察局,花蓮縣花蓮市中興路附近 / 花蓮縣花蓮市新興路附近,陰,有照明且開啟,市區道路,50.0,交岔路,三岔路,其他,其他,柏油,乾燥,無缺陷,無障礙物,無遮蔽物,良好,行車管制號誌,正常,無,無分向設施,未繪設車道線,未繪設快慢車道分隔線,無,車輛本身,衝出路外,其他,其他不當駕車行為,死亡1;受傷0,2.0,,,無或物(動物、堆置物),-1.0,,,,,,,,,無(非車輛駕駛人因素),尚未發現肇事因素,否,121.61646,23.995816
2026,5.0,20260509.0,205200.0,A1,臺南市政府警察局,臺南市佳里區佳東路215號外側快車道,晴,有照明且開啟,市區道路,50.0,單路部分,直路,路段,快車道,柏油,乾燥,無缺陷,無障礙物,無遮蔽物,良好,無號誌,無號誌,雙向禁止超車線,無標記,禁止變換車道線(無標記),快慢車道分隔線,有,人與車,其他,駕駛者,恍神、緊張、心不在焉分心駕駛,死亡1;受傷0,1.0,小客車(含客、貨兩用),自用,男,74.0,繫安全帶(使用幼童安全椅),未使用,車的狀態,向前直行中,汽車,車底,,,駕駛者,恍神、緊張、心不在焉分心駕駛,否,120.183572,23.157291
2026,5.0,20260509.0,205200.0,A1,臺南市政府警察局,臺南市佳里區佳東路215號外側快車道,晴,有照明且開啟,市區道路,50.0,單路部分,直路,路段,快車道,柏油,乾燥,無缺陷,無障礙物,無遮蔽物,良好,無號誌,無號誌,雙向禁止超車線,無標記,禁止變換車道線(無標記),快慢車道分隔線,有,人與車,其他,駕駛者,恍神、緊張、心不在焉分心駕駛,死亡1;受傷0,2.0,人,其他人,男,78.0,其他(無需使用保護裝備之人),非駕駛人,人的狀態,其他,其他,非汽、機及自行車,,,非駕駛者,其他引起事故之疏失或行為,否,120.183572,23.157291
2026,5.0,20260510.0,23600.0,A1,臺中市政府警察局,臺中市烏日區九德里建國路前0.0公尺,晴,有照明且開啟,市區道路,50.0,單路部分,直路,其他,其他,柏油,乾燥,無缺陷,無障礙物,無遮蔽物,良好,無號誌,無號誌,中央分向島,寬式(50公分以上),車道線(無標記),快慢車道分隔線,無,車輛本身,撞路樹,其他,其他不當駕車行為,死亡1;受傷0,1.0,機車,普通重型,男,22.0,戴半罩式安全帽,未使用,車的狀態,向前直行中,機車與自行車,前車頭,,,其他,其他不當駕車行為,否,120.645213,24.117704
2026,5.0,20260510.0,23600.0,A1,臺中市政府警察局,臺中市烏日區九德里建國路前0.0公尺,晴,有照明且開啟,市區道路,50.0,單路部分,直路,其他,其他,柏油,乾燥,無缺陷,無障礙物,無遮蔽物,良好,無號誌,無號誌,中央分向島,寬式(50公分以上),車道線(無標記),快慢車道分隔線,無,車輛本身,撞路樹,其他,其他不當駕車行為,死亡1;受傷0,2.0,,,無或物(動物、堆置物),0.0,,,,,,,,,無(非車輛駕駛人因素),尚未發現肇事因素,否,120.645213,24.117704
2026,5.0,20260510.0,64200.0,A1,新竹市警察局,新竹市香山區景觀大道慢車道521039號燈桿處,晴,有照明未開啟或故障,市區道路,50.0,單路部分,直路,路段,慢車道,柏油,乾燥,無缺陷,無障礙物,無遮蔽物,良好,無號誌,無號誌,中央分向島,寬式(50公分以上),未繪設車道線,窄式快慢車道分隔島(無柵欄),無,車輛本身,撞橋樑(橋墩),其他,其他不當駕車行為,死亡1;受傷0,1.0,機車,普通重型,男,42.0,戴非半罩式安全帽,不明,不明,不明,其他,不明,其他,不明,其他,其他不當駕車行為,否,120.950214,24.785784
2026,5.0,20260510.0,64200.0,A1,新竹市警察局,新竹市香山區景觀大道慢車道521039號燈桿處,晴,有照明未開啟或故障,市區道路,50.0,單路部分,直路,路段,慢車道,柏油,乾燥,無缺陷,無障礙物,無遮蔽物,良好,無號誌,無號誌,中央分向島,寬式(50公分以上),未繪設車道線,窄式快慢車道分隔島(無柵欄),無,車輛本身,撞橋樑(橋墩),其他,其他不當駕車行為,死亡1;受傷0,2.0,,,無或物(動物、堆置物),-1.0,,,,,,,,,無(非車輛駕駛人因素),尚未發現肇事因素,否,120.950214,24.785784
2026,5.0,20260510.0,105800.0,A1,臺中市政府警察局,臺中市太平區太平里太平路687號前0.0公尺,晴,有照明未開啟或故障,市區道路,50.0,單路部分,直路,路段,一般車道(未劃分快慢車道),柏油,乾燥,無缺陷,無障礙物,無遮蔽物,良好,無號誌,無號誌,雙向禁止超車線,無標記,車道線(無標記),未繪設快慢車道分隔線,無,車與車,其他,駕駛者,起步時未注意安全,死亡1;受傷2,1.0,慢車,腳踏自行車,女,11.0,其他(無需使用保護裝備之人),未使用,車的狀態,起步,其他,無撞擊,,,駕駛者,起步時未注意安全,否,120.709907,24.127383
2026,5.0,20260510.0,105800.0,A1,臺中市政府警察局,臺中市太平區太平里太平路687號前0.0公尺,晴,有照明未開啟或故障,市區道路,50.0,單路部分,直路,路段,一般車道(未劃分快慢車道),柏油,乾燥,無缺陷,無障礙物,無遮蔽物,良好,無號誌,無號誌,雙向禁止超車線,無標記,車道線(無標記),未繪設快慢車道分隔線,無,車與車,其他,駕駛者,起步時未注意安全,死亡1;受傷2,2.0,機車,普通重型,男,48.0,戴半罩式安全帽,未使用,車的狀態,向前直行中,機車與自行車,前車頭,,,其他,其他不當駕車行為,否,120.709907,24.127383
2026,5.0,20260510.0,105800.0,A1,臺中市政府警察局,臺中市太平區太平里太平路687號前0.0公尺,晴,有照明未開啟或故障,市區道路,50.0,單路部分,直路,路段,一般車道(未劃分快慢車道),柏油,乾燥,無缺陷,無障礙物,無遮蔽物,良好,無號誌,無號誌,雙向禁止超車線,無標記,車道線(無標記),未繪設快慢車道分隔線,無,車與車,其他,駕駛者,起步時未注意安全,死亡1;受傷2,3.0,小客車(含客、貨兩用),自用,男,25.0,繫安全帶(使用幼童安全椅),未使用,車的狀態,向前直行中,汽車,前車頭,,,無(車輛駕駛者因素),尚未發現肇事因素,否,120.709907,24.127383
2026,5.0,20260510.0,105800.0,A1,臺中市政府警察局,臺中市太平區太平里太平路687號前0.0公尺,晴,有照明未開啟或故障,市區道路,50.0,單路部分,直路,路段,一般車道(未劃分快慢車道),柏油,乾燥,無缺陷,無障礙物,無遮蔽物,良好,無號誌,無號誌,雙向禁止超車線,無標記,車道線(無標記),未繪設快慢車道分隔線,無,車與車,其他,駕駛者,起步時未注意安全,死亡1;受傷2,4.0,機車,普通重型,男,31.0,戴半罩式安全帽,未使用,車的狀態,向前直行中,機車與自行車,右側車身,,,無(車輛駕駛者因素),尚未發現肇事因素,否,120.709907,24.127383
2026,5.0,20260510.0,182600.0,A1,臺南市政府警察局,臺南市善化區進學路(420313桿),晴,有照明且開啟,市區道路,70.0,單路部分,直路,路段,慢車道,柏油,乾燥,無缺陷,無障礙物,無遮蔽物,良好,無號誌,無號誌,中央分向島,寬式(50公分以上),車道線(無標記),快慢車道分隔線,有,車輛本身,撞護欄(樁),駕駛者,患病或服用藥物(疲勞)駕駛,死亡1;受傷0,1.0,機車,普通重型,女,49.0,戴非半罩式安全帽,未使用,車的狀態,向前直行中,機車與自行車,右側車身,,,駕駛者,患病或服用藥物(疲勞)駕駛,否,120.27831,23.159258
2026,5.0,20260510.0,182600.0,A1,臺南市政府警察局,臺南市善化區進學路(420313桿),晴,有照明且開啟,市區道路,70.0,單路部分,直路,路段,慢車道,柏油,乾燥,無缺陷,無障礙物,無遮蔽物,良好,無號誌,無號誌,中央分向島,寬式(50公分以上),車道線(無標記),快慢車道分隔線,有,車輛本身,撞護欄(樁),駕駛者,患病或服用藥物(疲勞)駕駛,死亡1;受傷0,2.0,,,無或物(動物、堆置物),-1.0,,,,,,,,,無(非車輛駕駛人因素),尚未發現肇事因素,否,120.27831,23.159258
2026,5.0,20260510.0,221400.0,A1,高雄市政府警察局,高雄市路竹區村大公路前0.0公尺,晴,有照明且開啟,市區道路,60.0,單路部分,直路,路段,一般車道(未劃分快慢車道),柏油,乾燥,無缺陷,無障礙物,無遮蔽物,良好,無號誌,無號誌,中央分向島,寬式(50公分以上),車道線(無標記),未繪設快慢車道分隔線,有,車輛本身,撞路樹,駕駛者,觀看其他事故、活動、道路環境或車外資訊分心駕駛,死亡1;受傷0,1.0,機車,普通重型,男,21.0,戴非半罩式安全帽,不明,車的狀態,向前直行中,機車與自行車,右側車身,,,駕駛者,觀看其他事故、活動、道路環境或車外資訊分心駕駛,否,120.258338,22.85782
2026,5.0,20260510.0,221400.0,A1,高雄市政府警察局,高雄市路竹區村大公路前0.0公尺,晴,有照明且開啟,市區道路,60.0,單路部分,直路,路段,一般車道(未劃分快慢車道),柏油,乾燥,無缺陷,無障礙物,無遮蔽物,良好,無號誌,無號誌,中央分向島,寬式(50公分以上),車道線(無標記),未繪設快慢車道分隔線,有,車輛本身,撞路樹,駕駛者,觀看其他事故、活動、道路環境或車外資訊分心駕駛,死亡1;受傷0,2.0,,,無或物(動物、堆置物),0.0,,,,,,,,,無(非車輛駕駛人因素),尚未發現肇事因素,否,120.258338,22.85782
2026,5.0,20260511.0,54500.0,A1,臺中市政府警察局,臺中市北區金龍里健行路 / 臺中市北區金龍里益華街,晴,有照明未開啟或故障,市區道路,50.0,交岔路,四岔路,交叉路口,交叉路口內,柏油,乾燥,無缺陷,無障礙物,無遮蔽物,良好,閃光號誌,正常,無,無分向設施,未繪設車道線,未繪設快慢車道分隔線,無,車與車,路口交岔撞,駕駛者,違反閃光號誌,死亡1;受傷0,1.0,機車,普通重型,男,28.0,戴半罩式安全帽,不明,車的狀態,向前直行中,機車與自行車,左側車身,,,駕駛者,違反閃光號誌,否,120.688976,24.15896
2026,5.0,20260511.0,54500.0,A1,臺中市政府警察局,臺中市北區金龍里健行路 / 臺中市北區金龍里益華街,晴,有照明未開啟或故障,市區道路,50.0,交岔路,四岔路,交叉路口,交叉路口內,柏油,乾燥,無缺陷,無障礙物,無遮蔽物,良好,閃光號誌,正常,無,無分向設施,未繪設車道線,未繪設快慢車道分隔線,無,車與車,路口交岔撞,駕駛者,違反閃光號誌,死亡1;受傷0,2.0,小貨車,自用,男,38.0,繫安全帶(使用幼童安全椅),未使用,車的狀態,向前直行中,汽車,右前車頭(身),,,駕駛者,未依規定減速,否,120.688976,24.15896
2026,5.0,20260511.0,72500.0,A1,新北市政府警察局,新北市石碇區北宜公路前0.0公尺,雨,無照明,縣道,40.0,單路部分,彎曲路及附近,路段,一般車道(未劃分快慢車道),柏油,濕潤,無缺陷,無障礙物,無遮蔽物,良好,無號誌,無號誌,雙向禁止超車線,附標記,禁止變換車道線(附標記),未繪設快慢車道分隔線,無,車與車,其他,駕駛者,未依規定減速,死亡1;受傷0,1.0,機車,普通重型,男,44.0,戴半罩式安全帽,未使用,車的狀態,右轉彎,機車與自行車,後車尾,,,駕駛者,未依規定減速,否,121.656632,24.94513
2026,5.0,20260511.0,72500.0,A1,新北市政府警察局,新北市石碇區北宜公路前0.0公尺,雨,無照明,縣道,40.0,單路部分,彎曲路及附近,路段,一般車道(未劃分快慢車道),柏油,濕潤,無缺陷,無障礙物,無遮蔽物,良好,無號誌,無號誌,雙向禁止超車線,附標記,禁止變換車道線(附標記),未繪設快慢車道分隔線,無,車與車,其他,駕駛者,未依規定減速,死亡1;受傷0,2.0,大客車,營業用,男,31.0,繫安全帶(使用幼童安全椅),未使用,車的狀態,左轉彎,汽車,前車頭,,,無(車輛駕駛者因素),尚未發現肇事因素,否,121.656632,24.94513
2026,5.0,20260511.0,84225.0,A1,彰化縣警察局,彰化縣彰化市進德路東 / 彰化縣彰化市學士街南,晴,無照明,市區道路,30.0,交岔路,四岔路,交叉路口,交叉路口內,柏油,乾燥,無缺陷,無障礙物,無遮蔽物,良好,無號誌,無號誌,雙向禁止超車線,無標記,未繪設車道線,未繪設快慢車道分隔線,無,人與車,穿越道路中,駕駛者,車輛未依規定暫停讓行人先行,死亡1;受傷0,1.0,曳引車,營業用,男,43.0,不明,不明,車的狀態,右轉彎,汽車,右前車頭(身),,,駕駛者,車輛未依規定暫停讓行人先行,否,120.558615,24.084467
2026,5.0,20260511.0,84225.0,A1,彰化縣警察局,彰化縣彰化市進德路東 / 彰化縣彰化市學士街南,晴,無照明,市區道路,30.0,交岔路,四岔路,交叉路口,交叉路口內,柏油,乾燥,無缺陷,無障礙物,無遮蔽物,良好,無號誌,無號誌,雙向禁止超車線,無標記,未繪設車道線,未繪設快慢車道分隔線,無,人與車,穿越道路中,駕駛者,車輛未依規定暫停讓行人先行,死亡1;受傷0,2.0,人,行人,女,66.0,其他(無需使用保護裝備之人),非駕駛人,人的狀態,步行,其他,非汽、機及自行車,,,非駕駛者,穿越道路未注意左右來車,否,120.558615,24.084467
2026,5.0,20260511.0,181209.0,A1,南投縣政府警察局,南投縣國姓鄉中正路與福壽巷路口,晴,有照明且開啟,省道,60.0,交岔路,四岔路,路段,路肩、路緣,柏油,乾燥,無缺陷,無障礙物,無遮蔽物,良好,行車管制號誌(附設行人專用號誌),正常,中央分向島,寬式(50公分以上),車道線(附標記),未繪設快慢車道分隔線,有,車輛本身,撞號誌、標誌桿,其他,其他不當駕車行為,死亡1;受傷0,1.0,機車,普通重型,男,59.0,戴半罩式安全帽,未使用,車的狀態,向前直行中,機車與自行車,前車頭,機車與自行車,前車頭,其他,其他不當駕車行為,否,120.818535,24.009214
2026,5.0,20260511.0,181209.0,A1,南投縣政府警察局,南投縣國姓鄉中正路與福壽巷路口,晴,有照明且開啟,省道,60.0,交岔路,四岔路,路段,路肩、路緣,柏油,乾燥,無缺陷,無障礙物,無遮蔽物,良好,行車管制號誌(附設行人專用號誌),正常,中央分向島,寬式(50公分以上),車道線(附標記),未繪設快慢車道分隔線,有,車輛本身,撞號誌、標誌桿,其他,其他不當駕車行為,死亡1;受傷0,2.0,,,無或物(動物、堆置物),-1.0,,,,,,,,,無(非車輛駕駛人因素),尚未發現肇事因素,否,120.818535,24.009214
2026,5.0,20260511.0,212900.0,A1,高雄市政府警察局,高雄市阿蓮區蓮山二路 / 高雄市阿蓮區蓮山二路,晴,有照明且開啟,市區道路,50.0,交岔路,三岔路,交叉路口,交叉路口內,柏油,乾燥,無缺陷,無障礙物,無遮蔽物,良好,無號誌,無號誌,無,無分向設施,未繪設車道線,未繪設快慢車道分隔線,無,車與車,側撞,駕駛者,左轉彎未依規定,死亡1;受傷2,1.0,機車,普通重型,男,63.0,戴半罩式安全帽,不明,車的狀態,左轉彎,機車與自行車,左側車身,,,駕駛者,左轉彎未依規定,否,120.258158,22.857587
2026,5.0,20260511.0,212900.0,A1,高雄市政府警察局,高雄市阿蓮區蓮山二路 / 高雄市阿蓮區蓮山二路,晴,有照明且開啟,市區道路,50.0,交岔路,三岔路,交叉路口,交叉路口內,柏油,乾燥,無缺陷,無障礙物,無遮蔽物,良好,無號誌,無號誌,無,無分向設施,未繪設車道線,未繪設快慢車道分隔線,無,車與車,側撞,駕駛者,左轉彎未依規定,死亡1;受傷2,2.0,小客車(含客、貨兩用),自用,男,39.0,繫安全帶(使用幼童安全椅),不明,車的狀態,向前直行中,汽車,右前車頭(身),,,駕駛者,未依規定減速,否,120.258158,22.857587
2026,5.0,20260511.0,212900.0,A1,高雄市政府警察局,高雄市阿蓮區蓮山二路 / 高雄市阿蓮區蓮山二路,晴,有照明且開啟,市區道路,50.0,交岔路,三岔路,交叉路口,交叉路口內,柏油,乾燥,無缺陷,無障礙物,無遮蔽物,良好,無號誌,無號誌,無,無分向設施,未繪設車道線,未繪設快慢車道分隔線,無,車與車,側撞,駕駛者,左轉彎未依規定,死亡1;受傷2,3.0,人,乘客,女,38.0,繫安全帶(使用幼童安全椅),非駕駛人,不明,不明,其他,非汽、機及自行車,,,無(非車輛駕駛人因素),尚未發現肇事因素,否,120.258158,22.857587
2026,5.0,20260511.0,225800.0,A1,新北市政府警察局,新北市鶯歌區環河路前0.0公尺,晴,無照明,其他,40.0,單路部分,彎曲路及附近,路段,一般車道(未劃分快慢車道),柏油,乾燥,無缺陷,無障礙物,無遮蔽物,良好,無號誌,無號誌,行車分向線,無標記,未繪設車道線,未繪設快慢車道分隔線,有,車與車,其他,其他,其他不當駕車行為,死亡1;受傷0,1.0,機車,普通重型,男,19.0,戴非半罩式安全帽,未使用,車的狀態,右轉彎,機車與自行車,前車頭,,,其他,其他不當駕車行為,否,121.346397,24.9383
2026,5.0,20260511.0,225800.0,A1,新北市政府警察局,新北市鶯歌區環河路前0.0公尺,晴,無照明,其他,40.0,單路部分,彎曲路及附近,路段,一般車道(未劃分快慢車道),柏油,乾燥,無缺陷,無障礙物,無遮蔽物,良好,無號誌,無號誌,行車分向線,無標記,未繪設車道線,未繪設快慢車道分隔線,有,車與車,其他,其他,其他不當駕車行為,死亡1;受傷0,2.0,小客車(含客、貨兩用),自用,女,32.0,繫安全帶(使用幼童安全椅),未使用,車的狀態,其他,汽車,左前車頭(身),,,無(車輛駕駛者因素),尚未發現肇事因素,否,121.346397,24.9383
2026,5.0,20260512.0,100617.0,A1,國道公路警察局,彰化縣彰化市國道1號 196公里800.0公尺處南向輔助,晴,無照明,國道,110.0,單路部分,直路,路段,快車道,柏油,乾燥,無缺陷,無障礙物,無遮蔽物,良好,無號誌,無號誌,中央分向島,寬式(50公分以上),車道線(附標記),未繪設快慢車道分隔線,有,車與車,追撞,駕駛者,恍神、緊張、心不在焉分心駕駛,死亡1;受傷1,1.0,小貨車,自用,男,42.0,未戴安全帽或未繫安全帶(未使用幼童安全椅),未使用,車的狀態,向前直行中,汽車,前車頭,,,駕駛者,恍神、緊張、心不在焉分心駕駛,否,120.532022,24.090526
2026,5.0,20260512.0,100617.0,A1,國道公路警察局,彰化縣彰化市國道1號 196公里800.0公尺處南向輔助,晴,無照明,國道,110.0,單路部分,直路,路段,快車道,柏油,乾燥,無缺陷,無障礙物,無遮蔽物,良好,無號誌,無號誌,中央分向島,寬式(50公分以上),車道線(附標記),未繪設快慢車道分隔線,有,車與車,追撞,駕駛者,恍神、緊張、心不在焉分心駕駛,死亡1;受傷1,2.0,大貨車,自用,男,61.0,繫安全帶(使用幼童安全椅),未使用,車的狀態,向前直行中,汽車,後車尾,汽車,前車頭,無(車輛駕駛者因素),尚未發現肇事因素,否,120.532022,24.090526