發生年度,發生月份,發生日期,發生時間,事故類別名稱,處理單位名稱警局層,發生地點,天候名稱,光線名稱,道路類別-第1當事者-名稱,速限-第1當事者,道路型態大類別名稱,道路型態子類別名稱,事故位置大類別名稱,事故位置子類別名稱,路面狀況-路面鋪裝名稱,路面狀況-路面狀態名稱,路面狀況-路面缺陷名稱,道路障礙-障礙物名稱,道路障礙-視距品質名稱,道路障礙-視距名稱,號誌-號誌種類名稱,號誌-號誌動作名稱,車道劃分設施-分向設施大類別名稱,車道劃分設施-分向設施子類別名稱,車道劃分設施-分道設施-快車道或一般車道間名稱,車道劃分設施-分道設施-快慢車道間名稱,車道劃分設施-分道設施-路面邊線名稱,事故類型及型態大類別名稱,事故類型及型態子類別名稱,肇因研判大類別名稱-主要,肇因研判子類別名稱-主要,死亡受傷人數,當事者順位,當事者區分-類別-大類別名稱-車種,當事者區分-類別-子類別名稱-車種,當事者屬-性-別名稱,當事者事故發生時年齡,保護裝備名稱,行動電話或電腦或其他相類功能裝置名稱,當事者行動狀態大類別名稱,當事者行動狀態子類別名稱,車輛撞擊部位大類別名稱-最初,車輛撞擊部位子類別名稱-最初,車輛撞擊部位大類別名稱-其他,車輛撞擊部位子類別名稱-其他,肇因研判大類別名稱-個別,肇因研判子類別名稱-個別,肇事逃逸類別名稱-是否肇逃,經度,緯度
2026,5.0,20260512.0,100617.0,A1,國道公路警察局,彰化縣彰化市國道1號 196公里800.0公尺處南向輔助,晴,無照明,國道,110.0,單路部分,直路,路段,快車道,柏油,乾燥,無缺陷,無障礙物,無遮蔽物,良好,無號誌,無號誌,中央分向島,寬式(50公分以上),車道線(附標記),未繪設快慢車道分隔線,有,車與車,追撞,駕駛者,恍神、緊張、心不在焉分心駕駛,死亡1;受傷1,3.0,小貨車,租賃小貨車,男,63.0,繫安全帶(使用幼童安全椅),未使用,車的狀態,向前直行中,汽車,後車尾,汽車,前車頭,無(車輛駕駛者因素),尚未發現肇事因素,否,120.532022,24.090526
2026,5.0,20260512.0,100617.0,A1,國道公路警察局,彰化縣彰化市國道1號 196公里800.0公尺處南向輔助,晴,無照明,國道,110.0,單路部分,直路,路段,快車道,柏油,乾燥,無缺陷,無障礙物,無遮蔽物,良好,無號誌,無號誌,中央分向島,寬式(50公分以上),車道線(附標記),未繪設快慢車道分隔線,有,車與車,追撞,駕駛者,恍神、緊張、心不在焉分心駕駛,死亡1;受傷1,4.0,大貨車,營業用,男,44.0,繫安全帶(使用幼童安全椅),未使用,車的狀態,向前直行中,汽車,後車尾,,,無(車輛駕駛者因素),尚未發現肇事因素,否,120.532022,24.090526
2026,5.0,20260512.0,122600.0,A1,新北市政府警察局,新北市板橋區環河西路5段前0.0公尺,晴,有照明且開啟,市區道路,50.0,單路部分,直路,路段,一般車道(未劃分快慢車道),柏油,乾燥,無缺陷,無障礙物,無遮蔽物,良好,無號誌,無號誌,行車分向線,附標記,車道線(無標記),未繪設快慢車道分隔線,無,車輛本身,路上翻車、摔倒,其他,其他不當駕車行為,死亡1;受傷0,1.0,機車,普通重型,男,71.0,戴半罩式安全帽,未使用,車的狀態,向前直行中,機車與自行車,前車頭,,,其他,其他不當駕車行為,否,121.481178,25.009619
2026,5.0,20260512.0,122600.0,A1,新北市政府警察局,新北市板橋區環河西路5段前0.0公尺,晴,有照明且開啟,市區道路,50.0,單路部分,直路,路段,一般車道(未劃分快慢車道),柏油,乾燥,無缺陷,無障礙物,無遮蔽物,良好,無號誌,無號誌,行車分向線,附標記,車道線(無標記),未繪設快慢車道分隔線,無,車輛本身,路上翻車、摔倒,其他,其他不當駕車行為,死亡1;受傷0,2.0,,,無或物(動物、堆置物),115.0,,,,,,,,,無(非車輛駕駛人因素),尚未發現肇事因素,否,121.481178,25.009619
2026,5.0,20260512.0,183600.0,A1,新竹市警察局,新竹市香山區香村路(路燈:440018),晴,有照明且開啟,市區道路,30.0,單路部分,彎曲路及附近,路段,一般車道(未劃分快慢車道),柏油,乾燥,無缺陷,無障礙物,無遮蔽物,良好,無號誌,無號誌,無,無分向設施,未繪設車道線,未繪設快慢車道分隔線,有,車與車,對撞,駕駛者,未靠右行駛,死亡1;受傷1,1.0,小客車(含客、貨兩用),自用,男,57.0,不明,不明,車的狀態,向前直行中,汽車,前車頭,,,駕駛者,未靠右行駛,否,120.931939,24.77468
2026,5.0,20260512.0,183600.0,A1,新竹市警察局,新竹市香山區香村路(路燈:440018),晴,有照明且開啟,市區道路,30.0,單路部分,彎曲路及附近,路段,一般車道(未劃分快慢車道),柏油,乾燥,無缺陷,無障礙物,無遮蔽物,良好,無號誌,無號誌,無,無分向設施,未繪設車道線,未繪設快慢車道分隔線,有,車與車,對撞,駕駛者,未靠右行駛,死亡1;受傷1,2.0,機車,普通重型,女,19.0,戴非半罩式安全帽,未使用,車的狀態,向前直行中,機車與自行車,前車頭,,,無(車輛駕駛者因素),尚未發現肇事因素,否,120.931939,24.77468
2026,5.0,20260512.0,183600.0,A1,新竹市警察局,新竹市香山區香村路(路燈:440018),晴,有照明且開啟,市區道路,30.0,單路部分,彎曲路及附近,路段,一般車道(未劃分快慢車道),柏油,乾燥,無缺陷,無障礙物,無遮蔽物,良好,無號誌,無號誌,無,無分向設施,未繪設車道線,未繪設快慢車道分隔線,有,車與車,對撞,駕駛者,未靠右行駛,死亡1;受傷1,3.0,人,乘客,女,48.0,戴半罩式安全帽,非駕駛人,人的狀態,其他,其他,非汽、機及自行車,,,無(非車輛駕駛人因素),尚未發現肇事因素,否,120.931939,24.77468
2026,5.0,20260512.0,183600.0,A1,新竹市警察局,新竹市香山區香村路(路燈:440018),晴,有照明且開啟,市區道路,30.0,單路部分,彎曲路及附近,路段,一般車道(未劃分快慢車道),柏油,乾燥,無缺陷,無障礙物,無遮蔽物,良好,無號誌,無號誌,無,無分向設施,未繪設車道線,未繪設快慢車道分隔線,有,車與車,對撞,駕駛者,未靠右行駛,死亡1;受傷1,4.0,小貨車,自用,男,52.0,不明,不明,車的狀態,向前直行中,汽車,前車頭,,,無(車輛駕駛者因素),尚未發現肇事因素,否,120.931939,24.77468
2026,5.0,20260513.0,93752.0,A1,屏東縣政府警察局,屏東縣屏東市高屏大橋慢車道R78燈桿處,晴,有照明未開啟或故障,市區道路,40.0,單路部分,橋樑,路段,慢車道,柏油,乾燥,無缺陷,無障礙物,無遮蔽物,良好,無號誌,無號誌,中央分向島,窄式無柵欄,未繪設車道線,窄式快慢車道分隔島(附柵欄),有,車輛本身,路上翻車、摔倒,駕駛者,恍神、緊張、心不在焉分心駕駛,死亡1;受傷0,1.0,機車,普通重型,男,64.0,戴非半罩式安全帽,未使用,車的狀態,向前直行中,其他,不明,,,駕駛者,恍神、緊張、心不在焉分心駕駛,否,120.440969,22.6479
2026,5.0,20260513.0,93752.0,A1,屏東縣政府警察局,屏東縣屏東市高屏大橋慢車道R78燈桿處,晴,有照明未開啟或故障,市區道路,40.0,單路部分,橋樑,路段,慢車道,柏油,乾燥,無缺陷,無障礙物,無遮蔽物,良好,無號誌,無號誌,中央分向島,窄式無柵欄,未繪設車道線,窄式快慢車道分隔島(附柵欄),有,車輛本身,路上翻車、摔倒,駕駛者,恍神、緊張、心不在焉分心駕駛,死亡1;受傷0,2.0,,,無或物(動物、堆置物),-1.0,,,,,,,,,無(非車輛駕駛人因素),尚未發現肇事因素,否,120.440969,22.6479
2026,5.0,20260513.0,213900.0,A1,彰化縣警察局,彰化縣埔心鄉埤霞村柳橋東路690號往西約60公尺處,陰,有照明且開啟,村里道路,50.0,單路部分,直路,路段,一般車道(未劃分快慢車道),柏油,乾燥,無缺陷,無障礙物,無遮蔽物,良好,無號誌,無號誌,行車分向線,無標記,未繪設車道線,未繪設快慢車道分隔線,有,車輛本身,撞電桿,其他,其他不當駕車行為,死亡1;受傷0,1.0,機車,普通重型,男,61.0,不明,不明,車的狀態,向前直行中,機車與自行車,前車頭,機車與自行車,右側車身,其他,其他不當駕車行為,否,120.532174,23.970248
2026,5.0,20260513.0,213900.0,A1,彰化縣警察局,彰化縣埔心鄉埤霞村柳橋東路690號往西約60公尺處,陰,有照明且開啟,村里道路,50.0,單路部分,直路,路段,一般車道(未劃分快慢車道),柏油,乾燥,無缺陷,無障礙物,無遮蔽物,良好,無號誌,無號誌,行車分向線,無標記,未繪設車道線,未繪設快慢車道分隔線,有,車輛本身,撞電桿,其他,其他不當駕車行為,死亡1;受傷0,2.0,,,無或物(動物、堆置物),-1.0,,,,,,,,,無(非車輛駕駛人因素),尚未發現肇事因素,否,120.532174,23.970248
2026,5.0,20260514.0,150600.0,A1,高雄市政府警察局,高雄市小港區山田路 / 高雄市小港區高松路,晴,有照明未開啟或故障,市區道路,50.0,交岔路,四岔路,交叉路口,交叉路口內,柏油,乾燥,無缺陷,無障礙物,無遮蔽物,良好,行車管制號誌,正常,無,無分向設施,未繪設車道線,未繪設快慢車道分隔線,無,車與車,追撞,駕駛者,吸食違禁物駕駛,死亡1;受傷0,1.0,小客車(含客、貨兩用),自用,男,40.0,繫安全帶(使用幼童安全椅),未使用,車的狀態,向前直行中,汽車,前車頭,汽車,車底,駕駛者,吸食違禁物駕駛,否,120.3736,22.57247
2026,5.0,20260514.0,150600.0,A1,高雄市政府警察局,高雄市小港區山田路 / 高雄市小港區高松路,晴,有照明未開啟或故障,市區道路,50.0,交岔路,四岔路,交叉路口,交叉路口內,柏油,乾燥,無缺陷,無障礙物,無遮蔽物,良好,行車管制號誌,正常,無,無分向設施,未繪設車道線,未繪設快慢車道分隔線,無,車與車,追撞,駕駛者,吸食違禁物駕駛,死亡1;受傷0,2.0,機車,普通重型,男,79.0,戴非半罩式安全帽,不明,車的狀態,等待(引擎未熄火),機車與自行車,後車尾,,,無(車輛駕駛者因素),尚未發現肇事因素,否,120.3736,22.57247
2026,5.0,20260514.0,152600.0,A1,臺中市政府警察局,臺中市西區忠誠里臺灣大道二段556號前0.0公尺,雨,有照明未開啟或故障,市區道路,40.0,單路部分,直路,路段,慢車道,柏油,濕潤,無缺陷,無障礙物,無遮蔽物,良好,無號誌,無號誌,中央分向島,寬式(50公分以上),車道線(無標記),寬式快慢車道分隔島(50公分以上),無,車與車,其他,其他,其他不當駕車行為,死亡1;受傷0,1.0,機車,普通重型,男,27.0,戴非半罩式安全帽,未使用,車的狀態,向前直行中,機車與自行車,前車頭,,,其他,其他不當駕車行為,否,120.658602,24.157928
2026,5.0,20260514.0,152600.0,A1,臺中市政府警察局,臺中市西區忠誠里臺灣大道二段556號前0.0公尺,雨,有照明未開啟或故障,市區道路,40.0,單路部分,直路,路段,慢車道,柏油,濕潤,無缺陷,無障礙物,無遮蔽物,良好,無號誌,無號誌,中央分向島,寬式(50公分以上),車道線(無標記),寬式快慢車道分隔島(50公分以上),無,車與車,其他,其他,其他不當駕車行為,死亡1;受傷0,2.0,小客車(含客、貨兩用),自用,女,46.0,不明,未使用,車的狀態,靜止(引擎熄火),汽車,左後車尾(身),,,其他,違規(臨時)停車,否,120.658602,24.157928
2026,5.0,20260514.0,220000.0,A1,國道公路警察局,臺南市新市區國道1號 315公里200.0公尺處南向外側,陰,有照明且開啟,國道,90.0,單路部分,直路,路段,快車道,柏油,濕潤,無缺陷,道路工事(程)中,無遮蔽物,良好,無號誌,無號誌,中央分向島,寬式(50公分以上),車道線(附標記),未繪設快慢車道分隔線,有,車與車,追撞,駕駛者,恍神、緊張、心不在焉分心駕駛,死亡1;受傷1,1.0,小貨車,自用,男,24.0,不明,不明,車的狀態,向前直行中,汽車,前車頭,,,駕駛者,恍神、緊張、心不在焉分心駕駛,否,120.251626,23.083524
2026,5.0,20260514.0,220000.0,A1,國道公路警察局,臺南市新市區國道1號 315公里200.0公尺處南向外側,陰,有照明且開啟,國道,90.0,單路部分,直路,路段,快車道,柏油,濕潤,無缺陷,道路工事(程)中,無遮蔽物,良好,無號誌,無號誌,中央分向島,寬式(50公分以上),車道線(附標記),未繪設快慢車道分隔線,有,車與車,追撞,駕駛者,恍神、緊張、心不在焉分心駕駛,死亡1;受傷1,2.0,半聯結車,營業用,男,66.0,繫安全帶(使用幼童安全椅),未使用,車的狀態,向前直行中,汽車,後車尾,汽車,前車頭,無(車輛駕駛者因素),尚未發現肇事因素,否,120.251626,23.083524
2026,5.0,20260514.0,220000.0,A1,國道公路警察局,臺南市新市區國道1號 315公里200.0公尺處南向外側,陰,有照明且開啟,國道,90.0,單路部分,直路,路段,快車道,柏油,濕潤,無缺陷,道路工事(程)中,無遮蔽物,良好,無號誌,無號誌,中央分向島,寬式(50公分以上),車道線(附標記),未繪設快慢車道分隔線,有,車與車,追撞,駕駛者,恍神、緊張、心不在焉分心駕駛,死亡1;受傷1,3.0,小客車(含客、貨兩用),租賃車,男,37.0,繫安全帶(使用幼童安全椅),未使用,車的狀態,向前直行中,汽車,後車尾,,,無(車輛駕駛者因素),尚未發現肇事因素,否,120.251626,23.083524
2026,5.0,20260515.0,151545.0,A1,屏東縣政府警察局,屏東縣鹽埔鄉永輝街附近 / 屏東縣鹽埔鄉產業道路附近,陰,有照明未開啟或故障,鄉道,50.0,交岔路,三岔路,交叉路口,交叉口附近,柏油,乾燥,無缺陷,無障礙物,無遮蔽物,良好,無號誌,無號誌,雙向禁止超車線,無標記,禁止變換車道線(無標記),未繪設快慢車道分隔線,有,車與車,其他,駕駛者,無號誌路口，支線道未讓幹線道先行,死亡1;受傷0,1.0,小客車(含客、貨兩用),自用,女,64.0,繫安全帶(使用幼童安全椅),未使用,車的狀態,左轉彎,汽車,前車頭,,,駕駛者,無號誌路口，支線道未讓幹線道先行,否,120.521709,22.752716
2026,5.0,20260515.0,151545.0,A1,屏東縣政府警察局,屏東縣鹽埔鄉永輝街附近 / 屏東縣鹽埔鄉產業道路附近,陰,有照明未開啟或故障,鄉道,50.0,交岔路,三岔路,交叉路口,交叉口附近,柏油,乾燥,無缺陷,無障礙物,無遮蔽物,良好,無號誌,無號誌,雙向禁止超車線,無標記,禁止變換車道線(無標記),未繪設快慢車道分隔線,有,車與車,其他,駕駛者,無號誌路口，支線道未讓幹線道先行,死亡1;受傷0,2.0,機車,普通重型,女,71.0,戴半罩式安全帽,未使用,車的狀態,向前直行中,機車與自行車,前車頭,,,駕駛者,未依規定減速,否,120.521709,22.752716
2026,5.0,20260515.0,173500.0,A1,澎湖縣政府警察局,澎湖縣白沙鄉澎9號道1.4公里處岔路口(岐頭段),晴,有照明未開啟或故障,村里道路,30.0,交岔路,三岔路,交叉路口,交叉口附近,水泥,乾燥,無缺陷,無障礙物,無遮蔽物,良好,無號誌,無號誌,無,無分向設施,未繪設車道線,未繪設快慢車道分隔線,無,車輛本身,撞電桿,駕駛者,酒醉(後)駕駛,死亡1;受傷1,1.0,機車,普通重型,男,51.0,未戴安全帽或未繫安全帶(未使用幼童安全椅),未使用,車的狀態,左轉彎,機車與自行車,前車頭,,,駕駛者,酒醉(後)駕駛,否,119.608513,23.652265
2026,5.0,20260515.0,173500.0,A1,澎湖縣政府警察局,澎湖縣白沙鄉澎9號道1.4公里處岔路口(岐頭段),晴,有照明未開啟或故障,村里道路,30.0,交岔路,三岔路,交叉路口,交叉口附近,水泥,乾燥,無缺陷,無障礙物,無遮蔽物,良好,無號誌,無號誌,無,無分向設施,未繪設車道線,未繪設快慢車道分隔線,無,車輛本身,撞電桿,駕駛者,酒醉(後)駕駛,死亡1;受傷1,2.0,,,無或物(動物、堆置物),-1.0,,,,,,,,,無(非車輛駕駛人因素),尚未發現肇事因素,否,119.608513,23.652265
2026,5.0,20260515.0,173500.0,A1,澎湖縣政府警察局,澎湖縣白沙鄉澎9號道1.4公里處岔路口(岐頭段),晴,有照明未開啟或故障,村里道路,30.0,交岔路,三岔路,交叉路口,交叉口附近,水泥,乾燥,無缺陷,無障礙物,無遮蔽物,良好,無號誌,無號誌,無,無分向設施,未繪設車道線,未繪設快慢車道分隔線,無,車輛本身,撞電桿,駕駛者,酒醉(後)駕駛,死亡1;受傷1,3.0,人,乘客,男,68.0,未戴安全帽或未繫安全帶(未使用幼童安全椅),非駕駛人,不明,不明,其他,非汽、機及自行車,,,無(非車輛駕駛人因素),尚未發現肇事因素,否,119.608513,23.652265
2026,5.0,20260516.0,82000.0,A1,彰化縣警察局,彰化縣鹿港鎮草中里鹿草路四段口 / 彰化縣鹿港鎮草中里鹿草路四段口,晴,無照明,村里道路,30.0,交岔路,四岔路,交叉路口,交叉路口內,柏油,乾燥,無缺陷,無障礙物,無遮蔽物,良好,無號誌,無號誌,無,無分向設施,未繪設車道線,未繪設快慢車道分隔線,有,車與車,路口交岔撞,駕駛者,無號誌路口，左方車未讓右方車先行,死亡1;受傷0,1.0,小客車(含客、貨兩用),自用,男,74.0,繫安全帶(使用幼童安全椅),未使用,車的狀態,向前直行中,汽車,前車頭,,,駕駛者,無號誌路口，左方車未讓右方車先行,否,120.451943,24.106701
2026,5.0,20260516.0,82000.0,A1,彰化縣警察局,彰化縣鹿港鎮草中里鹿草路四段口 / 彰化縣鹿港鎮草中里鹿草路四段口,晴,無照明,村里道路,30.0,交岔路,四岔路,交叉路口,交叉路口內,柏油,乾燥,無缺陷,無障礙物,無遮蔽物,良好,無號誌,無號誌,無,無分向設施,未繪設車道線,未繪設快慢車道分隔線,有,車與車,路口交岔撞,駕駛者,無號誌路口，左方車未讓右方車先行,死亡1;受傷0,2.0,機車,普通重型,女,71.0,戴半罩式安全帽,未使用,車的狀態,向前直行中,機車與自行車,左側車身,,,駕駛者,未依規定減速,否,120.451943,24.106701
2026,5.0,20260516.0,93646.0,A1,宜蘭縣政府警察局,宜蘭縣蘇澳鎮信義路口 / 宜蘭縣蘇澳鎮蘇濱路二段口,陰,有照明未開啟或故障,省道,70.0,交岔路,三岔路,交叉路口,交叉路口內,柏油,乾燥,無缺陷,無障礙物,無遮蔽物,良好,行車管制號誌(附設行人專用號誌),正常,中央分向島,寬式(50公分以上),車道線(附標記),快慢車道分隔線,有,車與車,側撞,駕駛者,有號誌路口，轉彎車未讓直行車先行,死亡1;受傷0,1.0,小客車(含客、貨兩用),自用,男,38.0,繫安全帶(使用幼童安全椅),未使用,車的狀態,左轉彎,汽車,右側車身,,,駕駛者,有號誌路口，轉彎車未讓直行車先行,否,121.840768,24.621313
2026,5.0,20260516.0,93646.0,A1,宜蘭縣政府警察局,宜蘭縣蘇澳鎮信義路口 / 宜蘭縣蘇澳鎮蘇濱路二段口,陰,有照明未開啟或故障,省道,70.0,交岔路,三岔路,交叉路口,交叉路口內,柏油,乾燥,無缺陷,無障礙物,無遮蔽物,良好,行車管制號誌(附設行人專用號誌),正常,中央分向島,寬式(50公分以上),車道線(附標記),快慢車道分隔線,有,車與車,側撞,駕駛者,有號誌路口，轉彎車未讓直行車先行,死亡1;受傷0,2.0,機車,大型重型2(250-550C.C.),男,54.0,戴非半罩式安全帽,未使用,車的狀態,向前直行中,機車與自行車,前車頭,,,駕駛者,未依規定減速,否,121.840768,24.621313
2026,5.0,20260516.0,94600.0,A1,基隆市警察局,基隆市仁愛區仁一路 / 基隆市仁愛區愛三路,晴,無照明,市區道路,50.0,交岔路,四岔路,交叉路口,交叉口附近,柏油,乾燥,無缺陷,無障礙物,無遮蔽物,良好,行車管制號誌,正常,行車分向線,無標記,車道線(無標記),未繪設快慢車道分隔線,有,車與車,側撞,駕駛者,多車道迴轉，未先駛入內側車道,死亡1;受傷0,1.0,機車,普通重型,男,78.0,戴半罩式安全帽,未使用,車的狀態,右轉彎,機車與自行車,左側車身,,,駕駛者,多車道迴轉，未先駛入內側車道,否,121.748715,25.130072
2026,5.0,20260516.0,94600.0,A1,基隆市警察局,基隆市仁愛區仁一路 / 基隆市仁愛區愛三路,晴,無照明,市區道路,50.0,交岔路,四岔路,交叉路口,交叉口附近,柏油,乾燥,無缺陷,無障礙物,無遮蔽物,良好,行車管制號誌,正常,行車分向線,無標記,車道線(無標記),未繪設快慢車道分隔線,有,車與車,側撞,駕駛者,多車道迴轉，未先駛入內側車道,死亡1;受傷0,2.0,小客車(含客、貨兩用),計程車,男,53.0,繫安全帶(使用幼童安全椅),未使用,車的狀態,向前直行中,汽車,右側車身,,,駕駛者,觀看其他事故、活動、道路環境或車外資訊分心駕駛,否,121.748715,25.130072
2026,5.0,20260516.0,125800.0,A1,臺南市政府警察局,臺南市大內區後堀44號,晴,有照明未開啟或故障,市區道路,50.0,單路部分,直路,路段,路肩、路緣,柏油,乾燥,無缺陷,無障礙物,無遮蔽物,良好,無號誌,無號誌,雙向禁止超車線,無標記,未繪設車道線,快慢車道分隔線,有,車輛本身,衝出路外,駕駛者,恍神、緊張、心不在焉分心駕駛,死亡1;受傷0,1.0,小客車(含客、貨兩用),自用,男,66.0,繫安全帶(使用幼童安全椅),未使用,車的狀態,向前直行中,汽車,前車頭,,,駕駛者,恍神、緊張、心不在焉分心駕駛,否,120.379674,23.115349
2026,5.0,20260516.0,125800.0,A1,臺南市政府警察局,臺南市大內區後堀44號,晴,有照明未開啟或故障,市區道路,50.0,單路部分,直路,路段,路肩、路緣,柏油,乾燥,無缺陷,無障礙物,無遮蔽物,良好,無號誌,無號誌,雙向禁止超車線,無標記,未繪設車道線,快慢車道分隔線,有,車輛本身,衝出路外,駕駛者,恍神、緊張、心不在焉分心駕駛,死亡1;受傷0,2.0,,,無或物(動物、堆置物),-1.0,,,,,,,,,無(非車輛駕駛人因素),尚未發現肇事因素,否,120.379674,23.115349
2026,5.0,20260516.0,144500.0,A1,高雄市政府警察局,高雄市大寮區鳳林二路北 / 高雄市大寮區光明路一段東,晴,無照明,市區道路,60.0,交岔路,四岔路,交叉路口,交叉口附近,柏油,乾燥,無缺陷,無障礙物,無遮蔽物,良好,行車管制號誌,正常,中央分向島,寬式(50公分以上),車道線(無標記),未繪設快慢車道分隔線,有,車與車,同向擦撞,駕駛者,變換車道不當,死亡1;受傷0,1.0,機車,普通重型,女,80.0,不明,不明,車的狀態,其他,機車與自行車,左側車身,,,駕駛者,變換車道不當,否,120.4119,22.561343
2026,5.0,20260516.0,144500.0,A1,高雄市政府警察局,高雄市大寮區鳳林二路北 / 高雄市大寮區光明路一段東,晴,無照明,市區道路,60.0,交岔路,四岔路,交叉路口,交叉口附近,柏油,乾燥,無缺陷,無障礙物,無遮蔽物,良好,行車管制號誌,正常,中央分向島,寬式(50公分以上),車道線(無標記),未繪設快慢車道分隔線,有,車與車,同向擦撞,駕駛者,變換車道不當,死亡1;受傷0,2.0,大貨車,自用,男,33.0,繫安全帶(使用幼童安全椅),未使用,車的狀態,向前直行中,汽車,右前車頭(身),,,駕駛者,未保持行車安全間隔,否,120.4119,22.561343
2026,5.0,20260516.0,144500.0,A1,高雄市政府警察局,高雄市大寮區鳳林二路北 / 高雄市大寮區光明路一段東,晴,無照明,市區道路,60.0,交岔路,四岔路,交叉路口,交叉口附近,柏油,乾燥,無缺陷,無障礙物,無遮蔽物,良好,行車管制號誌,正常,中央分向島,寬式(50公分以上),車道線(無標記),未繪設快慢車道分隔線,有,車與車,同向擦撞,駕駛者,變換車道不當,死亡1;受傷0,3.0,小客車(含客、貨兩用),自用,男,58.0,繫安全帶(使用幼童安全椅),未使用,車的狀態,靜止(引擎熄火),其他,無撞擊,,,其他,違規(臨時)停車,否,120.4119,22.561343
2026,5.0,20260517.0,62427.0,A1,屏東縣政府警察局,屏東縣內埔鄉明東路172號附近,晴,有照明未開啟或故障,村里道路,30.0,交岔路,四岔路,交叉路口,交叉路口內,柏油,乾燥,無缺陷,無障礙物,無遮蔽物,良好,無號誌,無號誌,無,無分向設施,未繪設車道線,未繪設快慢車道分隔線,有,車與車,路口交岔撞,駕駛者,無號誌路口，左方車未讓右方車先行,死亡1;受傷1,1.0,機車,普通重型,女,28.0,戴非半罩式安全帽,未使用,車的狀態,向前直行中,機車與自行車,前車頭,,,駕駛者,無號誌路口，左方車未讓右方車先行,否,120.54681,22.6135
2026,5.0,20260517.0,62427.0,A1,屏東縣政府警察局,屏東縣內埔鄉明東路172號附近,晴,有照明未開啟或故障,村里道路,30.0,交岔路,四岔路,交叉路口,交叉路口內,柏油,乾燥,無缺陷,無障礙物,無遮蔽物,良好,無號誌,無號誌,無,無分向設施,未繪設車道線,未繪設快慢車道分隔線,有,車與車,路口交岔撞,駕駛者,無號誌路口，左方車未讓右方車先行,死亡1;受傷1,2.0,機車,普通重型,女,76.0,戴非半罩式安全帽,未使用,車的狀態,向前直行中,機車與自行車,前車頭,,,駕駛者,未依規定減速,否,120.54681,22.6135
2026,5.0,20260517.0,85900.0,A1,高雄市政府警察局,高雄市岡山區村本洲路前0.0公尺,晴,有照明未開啟或故障,市區道路,50.0,交岔路,四岔路,路段,快車道,柏油,乾燥,無缺陷,無障礙物,無遮蔽物,良好,行車管制號誌,正常,雙向禁止超車線,無標記,車道線(無標記),未繪設快慢車道分隔線,有,車與車,追撞,駕駛者,吸食違禁物駕駛,死亡1;受傷5,1.0,小客車(含客、貨兩用),自用,男,55.0,不明,不明,車的狀態,向前直行中,汽車,前車頭,,,駕駛者,吸食違禁物駕駛,否,120.2793,22.80395
2026,5.0,20260517.0,85900.0,A1,高雄市政府警察局,高雄市岡山區村本洲路前0.0公尺,晴,有照明未開啟或故障,市區道路,50.0,交岔路,四岔路,路段,快車道,柏油,乾燥,無缺陷,無障礙物,無遮蔽物,良好,行車管制號誌,正常,雙向禁止超車線,無標記,車道線(無標記),未繪設快慢車道分隔線,有,車與車,追撞,駕駛者,吸食違禁物駕駛,死亡1;受傷5,2.0,機車,普通重型,男,28.0,不明,不明,車的狀態,向前直行中,機車與自行車,後車尾,,,無(車輛駕駛者因素),尚未發現肇事因素,否,120.2793,22.80395
2026,5.0,20260517.0,85900.0,A1,高雄市政府警察局,高雄市岡山區村本洲路前0.0公尺,晴,有照明未開啟或故障,市區道路,50.0,交岔路,四岔路,路段,快車道,柏油,乾燥,無缺陷,無障礙物,無遮蔽物,良好,行車管制號誌,正常,雙向禁止超車線,無標記,車道線(無標記),未繪設快慢車道分隔線,有,車與車,追撞,駕駛者,吸食違禁物駕駛,死亡1;受傷5,3.0,機車,普通重型,男,31.0,戴半罩式安全帽,未使用,車的狀態,等待(引擎未熄火),機車與自行車,後車尾,,,無(車輛駕駛者因素),尚未發現肇事因素,否,120.2793,22.80395
2026,5.0,20260517.0,85900.0,A1,高雄市政府警察局,高雄市岡山區村本洲路前0.0公尺,晴,有照明未開啟或故障,市區道路,50.0,交岔路,四岔路,路段,快車道,柏油,乾燥,無缺陷,無障礙物,無遮蔽物,良好,行車管制號誌,正常,雙向禁止超車線,無標記,車道線(無標記),未繪設快慢車道分隔線,有,車與車,追撞,駕駛者,吸食違禁物駕駛,死亡1;受傷5,4.0,機車,普通重型,男,68.0,戴半罩式安全帽,未使用,車的狀態,等待(引擎未熄火),機車與自行車,左側車身,,,無(車輛駕駛者因素),尚未發現肇事因素,否,120.2793,22.80395
2026,5.0,20260517.0,85900.0,A1,高雄市政府警察局,高雄市岡山區村本洲路前0.0公尺,晴,有照明未開啟或故障,市區道路,50.0,交岔路,四岔路,路段,快車道,柏油,乾燥,無缺陷,無障礙物,無遮蔽物,良好,行車管制號誌,正常,雙向禁止超車線,無標記,車道線(無標記),未繪設快慢車道分隔線,有,車與車,追撞,駕駛者,吸食違禁物駕駛,死亡1;受傷5,5.0,機車,普通重型,男,61.0,戴半罩式安全帽,未使用,車的狀態,向前直行中,機車與自行車,後車尾,,,無(車輛駕駛者因素),尚未發現肇事因素,否,120.2793,22.80395