發生年度,發生月份,發生日期,發生時間,事故類別名稱,處理單位名稱警局層,發生地點,天候名稱,光線名稱,道路類別-第1當事者-名稱,速限-第1當事者,道路型態大類別名稱,道路型態子類別名稱,事故位置大類別名稱,事故位置子類別名稱,路面狀況-路面鋪裝名稱,路面狀況-路面狀態名稱,路面狀況-路面缺陷名稱,道路障礙-障礙物名稱,道路障礙-視距品質名稱,道路障礙-視距名稱,號誌-號誌種類名稱,號誌-號誌動作名稱,車道劃分設施-分向設施大類別名稱,車道劃分設施-分向設施子類別名稱,車道劃分設施-分道設施-快車道或一般車道間名稱,車道劃分設施-分道設施-快慢車道間名稱,車道劃分設施-分道設施-路面邊線名稱,事故類型及型態大類別名稱,事故類型及型態子類別名稱,肇因研判大類別名稱-主要,肇因研判子類別名稱-主要,死亡受傷人數,當事者順位,當事者區分-類別-大類別名稱-車種,當事者區分-類別-子類別名稱-車種,當事者屬-性-別名稱,當事者事故發生時年齡,保護裝備名稱,行動電話或電腦或其他相類功能裝置名稱,當事者行動狀態大類別名稱,當事者行動狀態子類別名稱,車輛撞擊部位大類別名稱-最初,車輛撞擊部位子類別名稱-最初,車輛撞擊部位大類別名稱-其他,車輛撞擊部位子類別名稱-其他,肇因研判大類別名稱-個別,肇因研判子類別名稱-個別,肇事逃逸類別名稱-是否肇逃,經度,緯度
2026,5.0,20260517.0,85900.0,A1,高雄市政府警察局,高雄市岡山區村本洲路前0.0公尺,晴,有照明未開啟或故障,市區道路,50.0,交岔路,四岔路,路段,快車道,柏油,乾燥,無缺陷,無障礙物,無遮蔽物,良好,行車管制號誌,正常,雙向禁止超車線,無標記,車道線(無標記),未繪設快慢車道分隔線,有,車與車,追撞,駕駛者,吸食違禁物駕駛,死亡1;受傷5,6.0,機車,普通重型,男,54.0,不明,不明,車的狀態,靜止(引擎熄火),機車與自行車,前車頭,,,無(車輛駕駛者因素),尚未發現肇事因素,否,120.2793,22.80395
2026,5.0,20260517.0,85900.0,A1,高雄市政府警察局,高雄市岡山區村本洲路前0.0公尺,晴,有照明未開啟或故障,市區道路,50.0,交岔路,四岔路,路段,快車道,柏油,乾燥,無缺陷,無障礙物,無遮蔽物,良好,行車管制號誌,正常,雙向禁止超車線,無標記,車道線(無標記),未繪設快慢車道分隔線,有,車與車,追撞,駕駛者,吸食違禁物駕駛,死亡1;受傷5,7.0,機車,普通重型,男,54.0,不明,不明,車的狀態,靜止(引擎熄火),機車與自行車,前車頭,,,無(車輛駕駛者因素),尚未發現肇事因素,否,120.2793,22.80395
2026,5.0,20260517.0,85900.0,A1,高雄市政府警察局,高雄市岡山區村本洲路前0.0公尺,晴,有照明未開啟或故障,市區道路,50.0,交岔路,四岔路,路段,快車道,柏油,乾燥,無缺陷,無障礙物,無遮蔽物,良好,行車管制號誌,正常,雙向禁止超車線,無標記,車道線(無標記),未繪設快慢車道分隔線,有,車與車,追撞,駕駛者,吸食違禁物駕駛,死亡1;受傷5,8.0,,,無或物(動物、堆置物),115.0,,,,,,,,,無(非車輛駕駛人因素),尚未發現肇事因素,否,120.2793,22.80395
2026,5.0,20260517.0,85900.0,A1,高雄市政府警察局,高雄市岡山區村本洲路前0.0公尺,晴,有照明未開啟或故障,市區道路,50.0,交岔路,四岔路,路段,快車道,柏油,乾燥,無缺陷,無障礙物,無遮蔽物,良好,行車管制號誌,正常,雙向禁止超車線,無標記,車道線(無標記),未繪設快慢車道分隔線,有,車與車,追撞,駕駛者,吸食違禁物駕駛,死亡1;受傷5,9.0,人,乘客,男,26.0,戴半罩式安全帽,非駕駛人,不明,不明,其他,無撞擊,,,無(非車輛駕駛人因素),尚未發現肇事因素,否,120.2793,22.80395
2026,5.0,20260517.0,171400.0,A1,臺北市政府警察局,臺北市大同區民權西路 / 臺北市大同區承德路3段,晴,有照明未開啟或故障,市區道路,30.0,交岔路,多岔路,交叉路口,交叉路口內,柏油,乾燥,無缺陷,無障礙物,無遮蔽物,良好,無號誌,無號誌,無,無分向設施,未繪設車道線,未繪設快慢車道分隔線,無,人與車,穿越道路中,駕駛者,車輛未依規定暫停讓行人先行,死亡1;受傷1,1.0,機車,普通重型,女,33.0,戴非半罩式安全帽,未使用,車的狀態,向前直行中,機車與自行車,前車頭,,,駕駛者,車輛未依規定暫停讓行人先行,否,121.51707,25.063641
2026,5.0,20260517.0,171400.0,A1,臺北市政府警察局,臺北市大同區民權西路 / 臺北市大同區承德路3段,晴,有照明未開啟或故障,市區道路,30.0,交岔路,多岔路,交叉路口,交叉路口內,柏油,乾燥,無缺陷,無障礙物,無遮蔽物,良好,無號誌,無號誌,無,無分向設施,未繪設車道線,未繪設快慢車道分隔線,無,人與車,穿越道路中,駕駛者,車輛未依規定暫停讓行人先行,死亡1;受傷1,2.0,人,行人,女,81.0,其他(無需使用保護裝備之人),非駕駛人,人的狀態,步行,其他,非汽、機及自行車,,,非駕駛者,未依標誌或標線穿越道路,否,121.51707,25.063641
2026,5.0,20260518.0,83523.0,A1,臺南市政府警察局,臺南市將軍區台17線 149公里500.0公尺處南向外側,晴,有照明未開啟或故障,省道,50.0,交岔路,三岔路,交叉路口,交叉口附近,柏油,乾燥,無缺陷,無障礙物,無遮蔽物,良好,行車管制號誌,正常,無,無分向設施,未繪設車道線,未繪設快慢車道分隔線,無,車與車,同向擦撞,駕駛者,未保持行車安全間隔,死亡1;受傷0,1.0,小客車(含客、貨兩用),自用,男,45.0,繫安全帶(使用幼童安全椅),未使用,車的狀態,向前直行中,汽車,右後車尾(身),,,駕駛者,未保持行車安全間隔,否,120.135133,23.215477
2026,5.0,20260518.0,83523.0,A1,臺南市政府警察局,臺南市將軍區台17線 149公里500.0公尺處南向外側,晴,有照明未開啟或故障,省道,50.0,交岔路,三岔路,交叉路口,交叉口附近,柏油,乾燥,無缺陷,無障礙物,無遮蔽物,良好,行車管制號誌,正常,無,無分向設施,未繪設車道線,未繪設快慢車道分隔線,無,車與車,同向擦撞,駕駛者,未保持行車安全間隔,死亡1;受傷0,2.0,機車,普通重型,女,74.0,戴半罩式安全帽,未使用,車的狀態,向前直行中,機車與自行車,左側車身,,,無(車輛駕駛者因素),尚未發現肇事因素,否,120.135133,23.215477
2026,5.0,20260518.0,224800.0,A1,苗栗縣警察局,苗栗縣苗栗市南勢里台13線與坪頂東15巷路口(台13線33.5公里處),晴,有照明且開啟,省道,60.0,交岔路,四岔路,交叉路口,交叉路口內,柏油,乾燥,無缺陷,無障礙物,無遮蔽物,良好,閃光號誌,正常,雙向禁止超車線,無標記,車道線(無標記),未繪設快慢車道分隔線,有,人與車,穿越道路中,駕駛者,未依規定減速,死亡1;受傷0,1.0,小客車(含客、貨兩用),自用,男,30.0,繫安全帶(使用幼童安全椅),未使用,車的狀態,向前直行中,汽車,前車頭,汽車,前車頭,駕駛者,未依規定減速,否,120.803618,24.532766
2026,5.0,20260518.0,224800.0,A1,苗栗縣警察局,苗栗縣苗栗市南勢里台13線與坪頂東15巷路口(台13線33.5公里處),晴,有照明且開啟,省道,60.0,交岔路,四岔路,交叉路口,交叉路口內,柏油,乾燥,無缺陷,無障礙物,無遮蔽物,良好,閃光號誌,正常,雙向禁止超車線,無標記,車道線(無標記),未繪設快慢車道分隔線,有,人與車,穿越道路中,駕駛者,未依規定減速,死亡1;受傷0,2.0,人,行人,女,88.0,其他(無需使用保護裝備之人),非駕駛人,人的狀態,步行,其他,非汽、機及自行車,其他,非汽、機及自行車,非駕駛者,未依標誌或標線穿越道路,否,120.803618,24.532766
2026,5.0,20260519.0,64300.0,A1,花蓮縣警察局,花蓮縣秀林鄉台9線 178公里南向路肩,晴,有照明且開啟,省道,70.0,單路部分,彎曲路及附近,路段,路肩、路緣,柏油,乾燥,無缺陷,無障礙物,無遮蔽物,良好,無號誌,無號誌,中央分向島,寬式(50公分以上),車道線(無標記),快慢車道分隔線,有,車輛本身,撞路樹,駕駛者,恍神、緊張、心不在焉分心駕駛,死亡1;受傷0,1.0,小客車(含客、貨兩用),自用,男,20.0,不明,未使用,車的狀態,向前直行中,汽車,前車頭,,,駕駛者,恍神、緊張、心不在焉分心駕駛,否,121.609637,24.081263
2026,5.0,20260519.0,64300.0,A1,花蓮縣警察局,花蓮縣秀林鄉台9線 178公里南向路肩,晴,有照明且開啟,省道,70.0,單路部分,彎曲路及附近,路段,路肩、路緣,柏油,乾燥,無缺陷,無障礙物,無遮蔽物,良好,無號誌,無號誌,中央分向島,寬式(50公分以上),車道線(無標記),快慢車道分隔線,有,車輛本身,撞路樹,駕駛者,恍神、緊張、心不在焉分心駕駛,死亡1;受傷0,2.0,,,無或物(動物、堆置物),-1.0,,,,,,,,,無(非車輛駕駛人因素),尚未發現肇事因素,否,121.609637,24.081263
2026,5.0,20260519.0,71208.0,A1,宜蘭縣政府警察局,宜蘭縣宜蘭市西門橋上宜蘭市路燈440514號附近,晴,有照明未開啟或故障,省道,50.0,單路部分,橋樑,路段,一般車道(未劃分快慢車道),柏油,乾燥,無缺陷,無障礙物,無遮蔽物,良好,無號誌,無號誌,雙向禁止超車線,無標記,未繪設車道線,未繪設快慢車道分隔線,有,人與車,同向通行中,其他,其他不當駕車行為,死亡1;受傷1,1.0,慢車,微型電動二輪車,男,17.0,戴半罩式安全帽,未使用,車的狀態,向前直行中,機車與自行車,前車頭,機車與自行車,前車頭,其他,其他不當駕車行為,否,121.741216,24.759055
2026,5.0,20260519.0,71208.0,A1,宜蘭縣政府警察局,宜蘭縣宜蘭市西門橋上宜蘭市路燈440514號附近,晴,有照明未開啟或故障,省道,50.0,單路部分,橋樑,路段,一般車道(未劃分快慢車道),柏油,乾燥,無缺陷,無障礙物,無遮蔽物,良好,無號誌,無號誌,雙向禁止超車線,無標記,未繪設車道線,未繪設快慢車道分隔線,有,人與車,同向通行中,其他,其他不當駕車行為,死亡1;受傷1,2.0,人,行人,女,73.0,其他(無需使用保護裝備之人),非駕駛人,人的狀態,步行,其他,非汽、機及自行車,其他,非汽、機及自行車,無(非車輛駕駛人因素),尚未發現肇事因素,否,121.741216,24.759055
2026,5.0,20260519.0,75300.0,A1,桃園市政府警察局,桃園市觀音區玉林路一段523號前0.0公尺附近,晴,無照明,其他,50.0,單路部分,彎曲路及附近,路段,一般車道(未劃分快慢車道),柏油,乾燥,無缺陷,無障礙物,無遮蔽物,良好,無號誌,無號誌,行車分向線,無標記,未繪設車道線,未繪設快慢車道分隔線,有,車與車,側撞,駕駛者,違反其他標誌(線)禁制,死亡1;受傷1,1.0,機車,普通重型,男,23.0,戴半罩式安全帽,不明,車的狀態,左轉彎,機車與自行車,前車頭,,,駕駛者,違反其他標誌(線)禁制,否,121.091952,25.046811
2026,5.0,20260519.0,75300.0,A1,桃園市政府警察局,桃園市觀音區玉林路一段523號前0.0公尺附近,晴,無照明,其他,50.0,單路部分,彎曲路及附近,路段,一般車道(未劃分快慢車道),柏油,乾燥,無缺陷,無障礙物,無遮蔽物,良好,無號誌,無號誌,行車分向線,無標記,未繪設車道線,未繪設快慢車道分隔線,有,車與車,側撞,駕駛者,違反其他標誌(線)禁制,死亡1;受傷1,2.0,小客車(含客、貨兩用),自用,男,31.0,繫安全帶(使用幼童安全椅),未使用,車的狀態,向前直行中,汽車,右前車頭(身),,,無(車輛駕駛者因素),尚未發現肇事因素,否,121.091952,25.046811
2026,5.0,20260519.0,75300.0,A1,桃園市政府警察局,桃園市觀音區玉林路一段523號前0.0公尺附近,晴,無照明,其他,50.0,單路部分,彎曲路及附近,路段,一般車道(未劃分快慢車道),柏油,乾燥,無缺陷,無障礙物,無遮蔽物,良好,無號誌,無號誌,行車分向線,無標記,未繪設車道線,未繪設快慢車道分隔線,有,車與車,側撞,駕駛者,違反其他標誌(線)禁制,死亡1;受傷1,3.0,機車,普通重型,女,43.0,戴半罩式安全帽,未使用,車的狀態,向前直行中,機車與自行車,左側車身,,,無(車輛駕駛者因素),尚未發現肇事因素,否,121.091952,25.046811
2026,5.0,20260519.0,75400.0,A1,高雄市政府警察局,高雄市仁武區水管路3段 / 高雄市仁武區水管路3段,晴,有照明未開啟或故障,市區道路,50.0,交岔路,四岔路,交叉路口,交叉路口內,柏油,乾燥,無缺陷,無障礙物,無遮蔽物,良好,行車管制號誌,正常,無,無分向設施,未繪設車道線,未繪設快慢車道分隔線,無,車與車,側撞,駕駛者,有號誌路口，轉彎車未讓直行車先行,死亡1;受傷1,1.0,小客車(含客、貨兩用),自用,男,28.0,繫安全帶(使用幼童安全椅),未使用,車的狀態,左轉彎,汽車,右側車身,,,駕駛者,有號誌路口，轉彎車未讓直行車先行,否,120.34541,22.705908
2026,5.0,20260519.0,75400.0,A1,高雄市政府警察局,高雄市仁武區水管路3段 / 高雄市仁武區水管路3段,晴,有照明未開啟或故障,市區道路,50.0,交岔路,四岔路,交叉路口,交叉路口內,柏油,乾燥,無缺陷,無障礙物,無遮蔽物,良好,行車管制號誌,正常,無,無分向設施,未繪設車道線,未繪設快慢車道分隔線,無,車與車,側撞,駕駛者,有號誌路口，轉彎車未讓直行車先行,死亡1;受傷1,2.0,機車,普通重型,男,45.0,戴半罩式安全帽,未使用,車的狀態,向前直行中,機車與自行車,前車頭,,,駕駛者,未依規定減速,否,120.34541,22.705908
2026,5.0,20260519.0,82300.0,A1,臺北市政府警察局,臺北市中山區長春路 / 臺北市中山區吉林路,晴,有照明未開啟或故障,市區道路,50.0,交岔路,四岔路,交叉路口,交叉路口內,柏油,乾燥,無缺陷,無障礙物,無遮蔽物,良好,行車管制號誌(附設行人專用號誌),正常,雙向禁止超車線,附標記,未繪設車道線,未繪設快慢車道分隔線,有,車與車,側撞,駕駛者,左轉彎未依規定,死亡1;受傷0,1.0,小客車(含客、貨兩用),租賃車,男,46.0,不明,不明,車的狀態,左轉彎,汽車,前車頭,,,駕駛者,左轉彎未依規定,否,121.530114,25.054947
2026,5.0,20260519.0,82300.0,A1,臺北市政府警察局,臺北市中山區長春路 / 臺北市中山區吉林路,晴,有照明未開啟或故障,市區道路,50.0,交岔路,四岔路,交叉路口,交叉路口內,柏油,乾燥,無缺陷,無障礙物,無遮蔽物,良好,行車管制號誌(附設行人專用號誌),正常,雙向禁止超車線,附標記,未繪設車道線,未繪設快慢車道分隔線,有,車與車,側撞,駕駛者,左轉彎未依規定,死亡1;受傷0,2.0,機車,普通重型,男,46.0,不明,不明,車的狀態,向前直行中,機車與自行車,前車頭,,,駕駛者,超速駕駛,否,121.530114,25.054947
2026,5.0,20260520.0,100100.0,A1,屏東縣政府警察局,屏東縣東港鎮和東路27號前0.0公尺,晴,無照明,村里道路,30.0,交岔路,三岔路,交叉路口,交叉口附近,柏油,乾燥,無缺陷,無障礙物,無遮蔽物,良好,無號誌,無號誌,無,無分向設施,未繪設車道線,未繪設快慢車道分隔線,有,車輛本身,撞電桿,駕駛者,恍神、緊張、心不在焉分心駕駛,死亡1;受傷0,1.0,機車,普通重型,男,49.0,戴非半罩式安全帽,未使用,車的狀態,向前直行中,機車與自行車,前車頭,,,駕駛者,恍神、緊張、心不在焉分心駕駛,否,120.481168,22.486027
2026,5.0,20260520.0,100100.0,A1,屏東縣政府警察局,屏東縣東港鎮和東路27號前0.0公尺,晴,無照明,村里道路,30.0,交岔路,三岔路,交叉路口,交叉口附近,柏油,乾燥,無缺陷,無障礙物,無遮蔽物,良好,無號誌,無號誌,無,無分向設施,未繪設車道線,未繪設快慢車道分隔線,有,車輛本身,撞電桿,駕駛者,恍神、緊張、心不在焉分心駕駛,死亡1;受傷0,2.0,,,無或物(動物、堆置物),-1.0,,,,,,,,,無(非車輛駕駛人因素),尚未發現肇事因素,否,120.481168,22.486027
2026,5.0,20260520.0,150300.0,A1,新竹縣政府警察局,新竹縣新埔鎮新龍路838號前0.0公尺附近,晴,有照明未開啟或故障,鄉道,50.0,單路部分,彎曲路及附近,路段,路肩、路緣,柏油,乾燥,無缺陷,無障礙物,無遮蔽物,良好,無號誌,無號誌,雙向禁止超車線,附標記,未繪設車道線,未繪設快慢車道分隔線,有,車輛本身,撞電桿,其他,其他不當駕車行為,死亡1;受傷0,1.0,小客車(含客、貨兩用),自用,男,64.0,未戴安全帽或未繫安全帶(未使用幼童安全椅),不明,車的狀態,向前直行中,汽車,前車頭,,,其他,其他不當駕車行為,否,121.131561,24.841629
2026,5.0,20260520.0,150300.0,A1,新竹縣政府警察局,新竹縣新埔鎮新龍路838號前0.0公尺附近,晴,有照明未開啟或故障,鄉道,50.0,單路部分,彎曲路及附近,路段,路肩、路緣,柏油,乾燥,無缺陷,無障礙物,無遮蔽物,良好,無號誌,無號誌,雙向禁止超車線,附標記,未繪設車道線,未繪設快慢車道分隔線,有,車輛本身,撞電桿,其他,其他不當駕車行為,死亡1;受傷0,2.0,,,無或物(動物、堆置物),-1.0,,,,,,,,,無(非車輛駕駛人因素),尚未發現肇事因素,否,121.131561,24.841629
2026,5.0,20260520.0,163300.0,A1,屏東縣政府警察局,屏東縣潮州鎮潮州路730號前,晴,無照明,省道,40.0,單路部分,直路,路段,快車道,柏油,乾燥,無缺陷,無障礙物,無遮蔽物,良好,無號誌,無號誌,中央分向島,寬式(50公分以上),車道線(附標記),快慢車道分隔線,有,車與車,側撞,駕駛者,左轉彎未依規定,死亡1;受傷0,1.0,機車,普通重型,男,83.0,戴半罩式安全帽,未使用,車的狀態,左轉彎,機車與自行車,左側車身,,,駕駛者,左轉彎未依規定,否,120.555188,22.545694
2026,5.0,20260520.0,163300.0,A1,屏東縣政府警察局,屏東縣潮州鎮潮州路730號前,晴,無照明,省道,40.0,單路部分,直路,路段,快車道,柏油,乾燥,無缺陷,無障礙物,無遮蔽物,良好,無號誌,無號誌,中央分向島,寬式(50公分以上),車道線(附標記),快慢車道分隔線,有,車與車,側撞,駕駛者,左轉彎未依規定,死亡1;受傷0,2.0,小貨車,自用,男,46.0,繫安全帶(使用幼童安全椅),未使用,車的狀態,向前直行中,汽車,前車頭,,,無(車輛駕駛者因素),尚未發現肇事因素,否,120.555188,22.545694
2026,5.0,20260520.0,163300.0,A1,屏東縣政府警察局,屏東縣潮州鎮潮州路730號前,晴,無照明,省道,40.0,單路部分,直路,路段,快車道,柏油,乾燥,無缺陷,無障礙物,無遮蔽物,良好,無號誌,無號誌,中央分向島,寬式(50公分以上),車道線(附標記),快慢車道分隔線,有,車與車,側撞,駕駛者,左轉彎未依規定,死亡1;受傷0,3.0,人,乘客,女,48.0,繫安全帶(使用幼童安全椅),非駕駛人,人的狀態,靜立(止),其他,非汽、機及自行車,,,無(非車輛駕駛人因素),尚未發現肇事因素,否,120.555188,22.545694
2026,5.0,20260520.0,184900.0,A1,新北市政府警察局,新北市蘆洲區重陽街 / 新北市蘆洲區永安北路2段,晴,有照明且開啟,市區道路,40.0,交岔路,三岔路,交叉路口,交叉口附近,柏油,乾燥,無缺陷,無障礙物,無遮蔽物,良好,行車管制號誌,正常,雙向禁止超車線,無標記,車道線(無標記),未繪設快慢車道分隔線,有,人與車,穿越道路中,非駕駛者,未依標誌或標線穿越道路,死亡1;受傷1,1.0,人,行人,女,68.0,其他(無需使用保護裝備之人),非駕駛人,人的狀態,步行,其他,非汽、機及自行車,,,非駕駛者,未依標誌或標線穿越道路,否,121.480449,25.009065
2026,5.0,20260520.0,184900.0,A1,新北市政府警察局,新北市蘆洲區重陽街 / 新北市蘆洲區永安北路2段,晴,有照明且開啟,市區道路,40.0,交岔路,三岔路,交叉路口,交叉口附近,柏油,乾燥,無缺陷,無障礙物,無遮蔽物,良好,行車管制號誌,正常,雙向禁止超車線,無標記,車道線(無標記),未繪設快慢車道分隔線,有,人與車,穿越道路中,非駕駛者,未依標誌或標線穿越道路,死亡1;受傷1,2.0,機車,普通重型,男,55.0,戴半罩式安全帽,未使用,車的狀態,向前直行中,機車與自行車,前車頭,,,其他,其他不當駕車行為,否,121.480449,25.009065
2026,5.0,20260520.0,184900.0,A1,新北市政府警察局,新北市蘆洲區重陽街 / 新北市蘆洲區永安北路2段,晴,有照明且開啟,市區道路,40.0,交岔路,三岔路,交叉路口,交叉口附近,柏油,乾燥,無缺陷,無障礙物,無遮蔽物,良好,行車管制號誌,正常,雙向禁止超車線,無標記,車道線(無標記),未繪設快慢車道分隔線,有,人與車,穿越道路中,非駕駛者,未依標誌或標線穿越道路,死亡1;受傷1,3.0,機車,普通重型,女,45.0,不明,不明,車的狀態,其他,機車與自行車,前車頭,,,無(車輛駕駛者因素),尚未發現肇事因素,否,121.480449,25.009065
2026,5.0,20260520.0,184900.0,A1,新北市政府警察局,新北市蘆洲區重陽街 / 新北市蘆洲區永安北路2段,晴,有照明且開啟,市區道路,40.0,交岔路,三岔路,交叉路口,交叉口附近,柏油,乾燥,無缺陷,無障礙物,無遮蔽物,良好,行車管制號誌,正常,雙向禁止超車線,無標記,車道線(無標記),未繪設快慢車道分隔線,有,人與車,穿越道路中,非駕駛者,未依標誌或標線穿越道路,死亡1;受傷1,4.0,機車,普通重型,女,43.0,不明,不明,車的狀態,其他,機車與自行車,前車頭,,,無(車輛駕駛者因素),尚未發現肇事因素,否,121.480449,25.009065
2026,5.0,20260520.0,184900.0,A1,新北市政府警察局,新北市蘆洲區重陽街 / 新北市蘆洲區永安北路2段,晴,有照明且開啟,市區道路,40.0,交岔路,三岔路,交叉路口,交叉口附近,柏油,乾燥,無缺陷,無障礙物,無遮蔽物,良好,行車管制號誌,正常,雙向禁止超車線,無標記,車道線(無標記),未繪設快慢車道分隔線,有,人與車,穿越道路中,非駕駛者,未依標誌或標線穿越道路,死亡1;受傷1,5.0,機車,普通重型,男,32.0,不明,不明,車的狀態,其他,機車與自行車,前車頭,,,無(車輛駕駛者因素),尚未發現肇事因素,否,121.480449,25.009065
2026,5.0,20260520.0,185548.0,A1,臺東縣警察局,臺東縣大武鄉台9線 416公里北向外側,陰,無照明,省道,60.0,單路部分,直路,路段,一般車道(未劃分快慢車道),柏油,乾燥,無缺陷,路上有停車,無遮蔽物,良好,無號誌,無號誌,雙向禁止超車線,附標記,車道線(無標記),未繪設快慢車道分隔線,有,車與車,其他,其他,其他不當駕車行為,死亡2;受傷0,1.0,機車,普通重型,男,68.0,戴半罩式安全帽,未使用,車的狀態,向前直行中,機車與自行車,前車頭,,,其他,其他不當駕車行為,否,120.912206,22.380167
2026,5.0,20260520.0,185548.0,A1,臺東縣警察局,臺東縣大武鄉台9線 416公里北向外側,陰,無照明,省道,60.0,單路部分,直路,路段,一般車道(未劃分快慢車道),柏油,乾燥,無缺陷,路上有停車,無遮蔽物,良好,無號誌,無號誌,雙向禁止超車線,附標記,車道線(無標記),未繪設快慢車道分隔線,有,車與車,其他,其他,其他不當駕車行為,死亡2;受傷0,2.0,小客車(含客、貨兩用),自用,男,36.0,不明,未使用,車的狀態,靜止(引擎熄火),汽車,左後車尾(身),,,其他,違規(臨時)停車,否,120.912206,22.380167
2026,5.0,20260520.0,185548.0,A1,臺東縣警察局,臺東縣大武鄉台9線 416公里北向外側,陰,無照明,省道,60.0,單路部分,直路,路段,一般車道(未劃分快慢車道),柏油,乾燥,無缺陷,路上有停車,無遮蔽物,良好,無號誌,無號誌,雙向禁止超車線,附標記,車道線(無標記),未繪設快慢車道分隔線,有,車與車,其他,其他,其他不當駕車行為,死亡2;受傷0,3.0,人,乘客,女,58.0,戴半罩式安全帽,非駕駛人,人的狀態,其他,其他,非汽、機及自行車,,,無(非車輛駕駛人因素),尚未發現肇事因素,否,120.912206,22.380167
2026,5.0,20260520.0,231255.0,A1,屏東縣政府警察局,屏東縣鹽埔鄉勝利路181號,晴,有照明且開啟,鄉道,50.0,單路部分,直路,路段,一般車道(未劃分快慢車道),柏油,乾燥,無缺陷,無障礙物,無遮蔽物,良好,無號誌,無號誌,行車分向線,無標記,車道線(無標記),未繪設快慢車道分隔線,有,車與車,其他,駕駛者,恍神、緊張、心不在焉分心駕駛,死亡1;受傷0,1.0,機車,普通重型,男,61.0,戴半罩式安全帽,未使用,車的狀態,向前直行中,機車與自行車,前車頭,,,駕駛者,恍神、緊張、心不在焉分心駕駛,否,120.579488,22.759962
2026,5.0,20260520.0,231255.0,A1,屏東縣政府警察局,屏東縣鹽埔鄉勝利路181號,晴,有照明且開啟,鄉道,50.0,單路部分,直路,路段,一般車道(未劃分快慢車道),柏油,乾燥,無缺陷,無障礙物,無遮蔽物,良好,無號誌,無號誌,行車分向線,無標記,車道線(無標記),未繪設快慢車道分隔線,有,車與車,其他,駕駛者,恍神、緊張、心不在焉分心駕駛,死亡1;受傷0,2.0,小貨車,自用,男,45.0,繫安全帶(使用幼童安全椅),未使用,車的狀態,靜止(引擎熄火),汽車,後車尾,,,無(車輛駕駛者因素),尚未發現肇事因素,否,120.579488,22.759962
2026,5.0,20260521.0,21500.0,A1,國道公路警察局,新北市樹林區國道3號 46公里100.0公尺處南,晴,有照明且開啟,國道,50.0,單路部分,直路,交流道,直線匝道,柏油,乾燥,無缺陷,無障礙物,無遮蔽物,良好,無號誌,無號誌,無,無分向設施,車道線(附標記),未繪設快慢車道分隔線,有,車輛本身,撞護欄(樁),其他,其他不當駕車行為,死亡1;受傷0,1.0,小客車(含客、貨兩用),自用,男,18.0,未戴安全帽或未繫安全帶(未使用幼童安全椅),未使用,車的狀態,向前直行中,汽車,左前車頭(身),汽車,前車頭,其他,其他不當駕車行為,否,121.419861,24.981561
2026,5.0,20260521.0,21500.0,A1,國道公路警察局,新北市樹林區國道3號 46公里100.0公尺處南,晴,有照明且開啟,國道,50.0,單路部分,直路,交流道,直線匝道,柏油,乾燥,無缺陷,無障礙物,無遮蔽物,良好,無號誌,無號誌,無,無分向設施,車道線(附標記),未繪設快慢車道分隔線,有,車輛本身,撞護欄(樁),其他,其他不當駕車行為,死亡1;受傷0,2.0,,,無或物(動物、堆置物),-1.0,,,,,,,,,無(非車輛駕駛人因素),尚未發現肇事因素,否,121.419861,24.981561
2026,5.0,20260521.0,21500.0,A1,國道公路警察局,新北市樹林區國道3號 46公里100.0公尺處南,晴,有照明且開啟,國道,50.0,單路部分,直路,交流道,直線匝道,柏油,乾燥,無缺陷,無障礙物,無遮蔽物,良好,無號誌,無號誌,無,無分向設施,車道線(附標記),未繪設快慢車道分隔線,有,車輛本身,撞護欄(樁),其他,其他不當駕車行為,死亡1;受傷0,3.0,,,無或物(動物、堆置物),-1.0,,,,,,,,,無(非車輛駕駛人因素),尚未發現肇事因素,否,121.419861,24.981561
2026,5.0,20260521.0,70500.0,A1,桃園市政府警察局,桃園市八德區國2便道與桃園區樹林三街561巷口,晴,有照明未開啟或故障,市區道路,40.0,交岔路,四岔路,交叉路口,交叉路口內,柏油,乾燥,無缺陷,無障礙物,無遮蔽物,良好,行車管制號誌,正常,無,無分向設施,未繪設車道線,未繪設快慢車道分隔線,無,車與車,側撞,駕駛者,酒醉(後)駕駛,死亡1;受傷0,1.0,機車,普通重型,男,55.0,戴半罩式安全帽,未使用,車的狀態,向前直行中,機車與自行車,前車頭,,,駕駛者,酒醉(後)駕駛,否,121.310367,24.973051
2026,5.0,20260521.0,70500.0,A1,桃園市政府警察局,桃園市八德區國2便道與桃園區樹林三街561巷口,晴,有照明未開啟或故障,市區道路,40.0,交岔路,四岔路,交叉路口,交叉路口內,柏油,乾燥,無缺陷,無障礙物,無遮蔽物,良好,行車管制號誌,正常,無,無分向設施,未繪設車道線,未繪設快慢車道分隔線,無,車與車,側撞,駕駛者,酒醉(後)駕駛,死亡1;受傷0,2.0,小客車(含客、貨兩用),自用,男,57.0,繫安全帶(使用幼童安全椅),未使用,車的狀態,右轉彎,汽車,右前車頭(身),,,無(車輛駕駛者因素),尚未發現肇事因素,否,121.310367,24.973051