發生年度,發生月份,發生日期,發生時間,事故類別名稱,處理單位名稱警局層,發生地點,天候名稱,光線名稱,道路類別-第1當事者-名稱,速限-第1當事者,道路型態大類別名稱,道路型態子類別名稱,事故位置大類別名稱,事故位置子類別名稱,路面狀況-路面鋪裝名稱,路面狀況-路面狀態名稱,路面狀況-路面缺陷名稱,道路障礙-障礙物名稱,道路障礙-視距品質名稱,道路障礙-視距名稱,號誌-號誌種類名稱,號誌-號誌動作名稱,車道劃分設施-分向設施大類別名稱,車道劃分設施-分向設施子類別名稱,車道劃分設施-分道設施-快車道或一般車道間名稱,車道劃分設施-分道設施-快慢車道間名稱,車道劃分設施-分道設施-路面邊線名稱,事故類型及型態大類別名稱,事故類型及型態子類別名稱,肇因研判大類別名稱-主要,肇因研判子類別名稱-主要,死亡受傷人數,當事者順位,當事者區分-類別-大類別名稱-車種,當事者區分-類別-子類別名稱-車種,當事者屬-性-別名稱,當事者事故發生時年齡,保護裝備名稱,行動電話或電腦或其他相類功能裝置名稱,當事者行動狀態大類別名稱,當事者行動狀態子類別名稱,車輛撞擊部位大類別名稱-最初,車輛撞擊部位子類別名稱-最初,車輛撞擊部位大類別名稱-其他,車輛撞擊部位子類別名稱-其他,肇因研判大類別名稱-個別,肇因研判子類別名稱-個別,肇事逃逸類別名稱-是否肇逃,經度,緯度
2026,5.0,20260528.0,165800.0,A1,臺中市政府警察局,臺中市東勢區泰昌里東崎路五段360號前0.0公尺,晴,有照明未開啟或故障,市區道路,40.0,交岔路,四岔路,交叉路口,交叉口附近,柏油,乾燥,無缺陷,無障礙物,無遮蔽物,良好,無號誌,無號誌,雙向禁止超車線,無標記,未繪設車道線,未繪設快慢車道分隔線,有,人與車,穿越道路中,其他,因光線、視線遮蔽致生事故,死亡1;受傷0,1.0,小客車(含客、貨兩用),自用,男,91.0,不明,不明,車的狀態,左轉彎,汽車,前車頭,,,其他,因光線、視線遮蔽致生事故,否,120.83408,24.251132
2026,5.0,20260528.0,165800.0,A1,臺中市政府警察局,臺中市東勢區泰昌里東崎路五段360號前0.0公尺,晴,有照明未開啟或故障,市區道路,40.0,交岔路,四岔路,交叉路口,交叉口附近,柏油,乾燥,無缺陷,無障礙物,無遮蔽物,良好,無號誌,無號誌,雙向禁止超車線,無標記,未繪設車道線,未繪設快慢車道分隔線,有,人與車,穿越道路中,其他,因光線、視線遮蔽致生事故,死亡1;受傷0,2.0,人,行人,女,93.0,其他(無需使用保護裝備之人),非駕駛人,人的狀態,步行,其他,非汽、機及自行車,,,非駕駛者,未依標誌或標線穿越道路,否,120.83408,24.251132
2026,5.0,20260529.0,65800.0,A1,臺南市政府警察局,臺南市安定區港口212之4號,晴,有照明未開啟或故障,縣道,50.0,交岔路,三岔路,路段,一般車道(未劃分快慢車道),柏油,乾燥,無缺陷,無障礙物,無遮蔽物,良好,無號誌,無號誌,雙向禁止超車線,無標記,未繪設車道線,快慢車道分隔線,有,人與車,穿越道路中,非駕駛者,未依標誌或標線穿越道路,死亡1;受傷0,1.0,人,行人,女,82.0,其他(無需使用保護裝備之人),非駕駛人,人的狀態,步行,其他,非汽、機及自行車,,,非駕駛者,未依標誌或標線穿越道路,否,120.233065,23.091225
2026,5.0,20260529.0,65800.0,A1,臺南市政府警察局,臺南市安定區港口212之4號,晴,有照明未開啟或故障,縣道,50.0,交岔路,三岔路,路段,一般車道(未劃分快慢車道),柏油,乾燥,無缺陷,無障礙物,無遮蔽物,良好,無號誌,無號誌,雙向禁止超車線,無標記,未繪設車道線,快慢車道分隔線,有,人與車,穿越道路中,非駕駛者,未依標誌或標線穿越道路,死亡1;受傷0,2.0,其他車,動力機械,男,63.0,繫安全帶(使用幼童安全椅),未使用,車的狀態,向前直行中,其他,非汽、機及自行車,,,駕駛者,恍神、緊張、心不在焉分心駕駛,否,120.233065,23.091225
2026,5.0,20260529.0,101000.0,A1,宜蘭縣政府警察局,宜蘭縣冬山鄉美和路一段口 / 宜蘭縣冬山鄉永鎮路口,雨,有照明未開啟或故障,村里道路,30.0,交岔路,四岔路,交叉路口,交叉路口內,柏油,濕潤,無缺陷,無障礙物,無遮蔽物,良好,無號誌,無號誌,雙向禁止超車線,無標記,未繪設車道線,未繪設快慢車道分隔線,有,車與車,路口交岔撞,駕駛者,無號誌路口，支線道未讓幹線道先行,死亡1;受傷1,1.0,小客車(含客、貨兩用),自用,男,60.0,繫安全帶(使用幼童安全椅),未使用,車的狀態,向前直行中,汽車,左後車尾(身),,,駕駛者,無號誌路口，支線道未讓幹線道先行,否,121.77222,24.645518
2026,5.0,20260529.0,101000.0,A1,宜蘭縣政府警察局,宜蘭縣冬山鄉美和路一段口 / 宜蘭縣冬山鄉永鎮路口,雨,有照明未開啟或故障,村里道路,30.0,交岔路,四岔路,交叉路口,交叉路口內,柏油,濕潤,無缺陷,無障礙物,無遮蔽物,良好,無號誌,無號誌,雙向禁止超車線,無標記,未繪設車道線,未繪設快慢車道分隔線,有,車與車,路口交岔撞,駕駛者,無號誌路口，支線道未讓幹線道先行,死亡1;受傷1,2.0,機車,普通重型,男,33.0,戴半罩式安全帽,未使用,車的狀態,向前直行中,機車與自行車,前車頭,,,駕駛者,未依規定減速,否,121.77222,24.645518
2026,5.0,20260529.0,134000.0,A1,屏東縣政府警察局,屏東縣九如鄉九如路三段431巷65號前0.0公尺,晴,有照明未開啟或故障,村里道路,50.0,交岔路,四岔路,交叉路口,交叉路口內,柏油,乾燥,無缺陷,無障礙物,無遮蔽物,良好,無號誌,無號誌,無,無分向設施,未繪設車道線,未繪設快慢車道分隔線,有,車與車,路口交岔撞,駕駛者,無號誌路口，支線道未讓幹線道先行,死亡1;受傷1,1.0,小客車(含客、貨兩用),自用,男,28.0,繫安全帶(使用幼童安全椅),未使用,車的狀態,向前直行中,汽車,左前車頭(身),汽車,左前車頭(身),駕駛者,無號誌路口，支線道未讓幹線道先行,否,120.486766,22.756611
2026,5.0,20260529.0,134000.0,A1,屏東縣政府警察局,屏東縣九如鄉九如路三段431巷65號前0.0公尺,晴,有照明未開啟或故障,村里道路,50.0,交岔路,四岔路,交叉路口,交叉路口內,柏油,乾燥,無缺陷,無障礙物,無遮蔽物,良好,無號誌,無號誌,無,無分向設施,未繪設車道線,未繪設快慢車道分隔線,有,車與車,路口交岔撞,駕駛者,無號誌路口，支線道未讓幹線道先行,死亡1;受傷1,2.0,機車,普通重型,男,41.0,戴半罩式安全帽,未使用,車的狀態,向前直行中,機車與自行車,前車頭,機車與自行車,前車頭,駕駛者,未依規定減速,否,120.486766,22.756611
2026,5.0,20260529.0,163025.0,A1,臺南市政府警察局,臺南市新市區大洲堤防道路(燈桿394079),晴,有照明未開啟或故障,村里道路,30.0,單路部分,彎曲路及附近,路段,一般車道(未劃分快慢車道),柏油,乾燥,無缺陷,無障礙物,無遮蔽物,良好,無號誌,無號誌,無,無分向設施,未繪設車道線,未繪設快慢車道分隔線,有,車輛本身,撞護欄(樁),駕駛者,恍神、緊張、心不在焉分心駕駛,死亡1;受傷0,1.0,機車,普通重型,男,62.0,戴半罩式安全帽,未使用,車的狀態,向前直行中,機車與自行車,前車頭,,,駕駛者,恍神、緊張、心不在焉分心駕駛,否,120.252191,23.070924
2026,5.0,20260529.0,163025.0,A1,臺南市政府警察局,臺南市新市區大洲堤防道路(燈桿394079),晴,有照明未開啟或故障,村里道路,30.0,單路部分,彎曲路及附近,路段,一般車道(未劃分快慢車道),柏油,乾燥,無缺陷,無障礙物,無遮蔽物,良好,無號誌,無號誌,無,無分向設施,未繪設車道線,未繪設快慢車道分隔線,有,車輛本身,撞護欄(樁),駕駛者,恍神、緊張、心不在焉分心駕駛,死亡1;受傷0,2.0,,,無或物(動物、堆置物),-1.0,,,,,,,,,無(非車輛駕駛人因素),尚未發現肇事因素,否,120.252191,23.070924
2026,5.0,20260529.0,171957.0,A1,嘉義縣警察局,嘉義縣布袋鎮樹林里170線8.3公里,晴,有照明未開啟或故障,縣道,50.0,交岔路,三岔路,路段,一般車道(未劃分快慢車道),柏油,乾燥,無缺陷,無障礙物,無遮蔽物,良好,無號誌,無號誌,無,無分向設施,未繪設車道線,未繪設快慢車道分隔線,有,車與車,其他,其他,車輛或機械操作不當(慎),死亡1;受傷3,1.0,小客車(含客、貨兩用),自用,男,32.0,未戴安全帽或未繫安全帶(未使用幼童安全椅),未使用,車的狀態,迴轉或橫越道路中,汽車,右前車頭(身),汽車,前車頭,其他,車輛或機械操作不當(慎),否,120.2244,23.415705
2026,5.0,20260529.0,171957.0,A1,嘉義縣警察局,嘉義縣布袋鎮樹林里170線8.3公里,晴,有照明未開啟或故障,縣道,50.0,交岔路,三岔路,路段,一般車道(未劃分快慢車道),柏油,乾燥,無缺陷,無障礙物,無遮蔽物,良好,無號誌,無號誌,無,無分向設施,未繪設車道線,未繪設快慢車道分隔線,有,車與車,其他,其他,車輛或機械操作不當(慎),死亡1;受傷3,2.0,小客車(含客、貨兩用),自用,男,40.0,未戴安全帽或未繫安全帶(未使用幼童安全椅),未使用,車的狀態,等待(引擎未熄火),汽車,前車頭,其他,非汽、機及自行車,無(車輛駕駛者因素),尚未發現肇事因素,否,120.2244,23.415705
2026,5.0,20260529.0,171957.0,A1,嘉義縣警察局,嘉義縣布袋鎮樹林里170線8.3公里,晴,有照明未開啟或故障,縣道,50.0,交岔路,三岔路,路段,一般車道(未劃分快慢車道),柏油,乾燥,無缺陷,無障礙物,無遮蔽物,良好,無號誌,無號誌,無,無分向設施,未繪設車道線,未繪設快慢車道分隔線,有,車與車,其他,其他,車輛或機械操作不當(慎),死亡1;受傷3,3.0,人,乘客,男,31.0,未戴安全帽或未繫安全帶(未使用幼童安全椅),非駕駛人,人的狀態,其他,其他,非汽、機及自行車,其他,非汽、機及自行車,無(非車輛駕駛人因素),尚未發現肇事因素,否,120.2244,23.415705
2026,5.0,20260529.0,171957.0,A1,嘉義縣警察局,嘉義縣布袋鎮樹林里170線8.3公里,晴,有照明未開啟或故障,縣道,50.0,交岔路,三岔路,路段,一般車道(未劃分快慢車道),柏油,乾燥,無缺陷,無障礙物,無遮蔽物,良好,無號誌,無號誌,無,無分向設施,未繪設車道線,未繪設快慢車道分隔線,有,車與車,其他,其他,車輛或機械操作不當(慎),死亡1;受傷3,4.0,人,乘客,男,39.0,不明,非駕駛人,人的狀態,其他,其他,非汽、機及自行車,其他,非汽、機及自行車,無(非車輛駕駛人因素),尚未發現肇事因素,否,120.2244,23.415705
2026,5.0,20260529.0,184800.0,A1,屏東縣政府警察局,屏東縣萬丹鄉萬順路2段口 / 屏東縣萬丹鄉保香路口,雨,有照明且開啟,縣道,50.0,交岔路,多岔路,交叉路口,交叉路口內,柏油,濕潤,無缺陷,無障礙物,無遮蔽物,良好,行車管制號誌,正常,中央分向島,寬式(50公分以上),禁止變換車道線(附標記),寬式快慢車道分隔島(50公分以上),有,車與車,側撞,駕駛者,有號誌路口，轉彎車未讓直行車先行,死亡1;受傷0,1.0,小客車(含客、貨兩用),自用,男,66.0,繫安全帶(使用幼童安全椅),未使用,車的狀態,右轉彎,汽車,右側車身,,,駕駛者,有號誌路口，轉彎車未讓直行車先行,否,120.473786,22.573921
2026,5.0,20260529.0,184800.0,A1,屏東縣政府警察局,屏東縣萬丹鄉萬順路2段口 / 屏東縣萬丹鄉保香路口,雨,有照明且開啟,縣道,50.0,交岔路,多岔路,交叉路口,交叉路口內,柏油,濕潤,無缺陷,無障礙物,無遮蔽物,良好,行車管制號誌,正常,中央分向島,寬式(50公分以上),禁止變換車道線(附標記),寬式快慢車道分隔島(50公分以上),有,車與車,側撞,駕駛者,有號誌路口，轉彎車未讓直行車先行,死亡1;受傷0,2.0,機車,普通重型,男,34.0,戴非半罩式安全帽,不明,車的狀態,向前直行中,機車與自行車,前車頭,,,駕駛者,未依規定減速,否,120.473786,22.573921
2026,5.0,20260529.0,234618.0,A1,彰化縣警察局,彰化縣和美鎮嘉佃路與南雷路口,陰,有照明且開啟,村里道路,30.0,交岔路,四岔路,交叉路口,交叉路口內,柏油,乾燥,無缺陷,無障礙物,無遮蔽物,良好,閃光號誌,正常,無,無分向設施,未繪設車道線,未繪設快慢車道分隔線,無,車與車,路口交岔撞,駕駛者,違反閃光號誌,死亡1;受傷3,1.0,機車,普通重型,女,20.0,戴半罩式安全帽,未使用,車的狀態,向前直行中,機車與自行車,右側車身,,,駕駛者,違反閃光號誌,否,120.501918,24.088854
2026,5.0,20260529.0,234618.0,A1,彰化縣警察局,彰化縣和美鎮嘉佃路與南雷路口,陰,有照明且開啟,村里道路,30.0,交岔路,四岔路,交叉路口,交叉路口內,柏油,乾燥,無缺陷,無障礙物,無遮蔽物,良好,閃光號誌,正常,無,無分向設施,未繪設車道線,未繪設快慢車道分隔線,無,車與車,路口交岔撞,駕駛者,違反閃光號誌,死亡1;受傷3,2.0,小客車(含客、貨兩用),自用,男,34.0,不明,不明,車的狀態,向前直行中,汽車,前車頭,,,駕駛者,未依規定減速,否,120.501918,24.088854
2026,5.0,20260529.0,234618.0,A1,彰化縣警察局,彰化縣和美鎮嘉佃路與南雷路口,陰,有照明且開啟,村里道路,30.0,交岔路,四岔路,交叉路口,交叉路口內,柏油,乾燥,無缺陷,無障礙物,無遮蔽物,良好,閃光號誌,正常,無,無分向設施,未繪設車道線,未繪設快慢車道分隔線,無,車與車,路口交岔撞,駕駛者,違反閃光號誌,死亡1;受傷3,3.0,人,乘客,女,23.0,戴半罩式安全帽,非駕駛人,不明,不明,其他,非汽、機及自行車,,,無(非車輛駕駛人因素),尚未發現肇事因素,否,120.501918,24.088854
2026,5.0,20260529.0,234618.0,A1,彰化縣警察局,彰化縣和美鎮嘉佃路與南雷路口,陰,有照明且開啟,村里道路,30.0,交岔路,四岔路,交叉路口,交叉路口內,柏油,乾燥,無缺陷,無障礙物,無遮蔽物,良好,閃光號誌,正常,無,無分向設施,未繪設車道線,未繪設快慢車道分隔線,無,車與車,路口交岔撞,駕駛者,違反閃光號誌,死亡1;受傷3,4.0,人,乘客,女,28.0,不明,非駕駛人,不明,不明,其他,非汽、機及自行車,,,無(非車輛駕駛人因素),尚未發現肇事因素,否,120.501918,24.088854
2026,5.0,20260530.0,75609.0,A1,南投縣政府警察局,南投縣埔里鎮枇杷里隆生路口 / 南投縣埔里鎮枇杷里河南路口,晴,有照明未開啟或故障,村里道路,50.0,交岔路,四岔路,交叉路口,交叉路口內,柏油,乾燥,無缺陷,無障礙物,無遮蔽物,良好,閃光號誌,無動作,無,無分向設施,未繪設車道線,未繪設快慢車道分隔線,無,車與車,路口交岔撞,駕駛者,無號誌路口，左方車未讓右方車先行,死亡1;受傷1,1.0,小貨車,自用,男,38.0,繫安全帶(使用幼童安全椅),未使用,車的狀態,向前直行中,汽車,前車頭,,,駕駛者,無號誌路口，左方車未讓右方車先行,否,120.967782,23.960038
2026,5.0,20260530.0,75609.0,A1,南投縣政府警察局,南投縣埔里鎮枇杷里隆生路口 / 南投縣埔里鎮枇杷里河南路口,晴,有照明未開啟或故障,村里道路,50.0,交岔路,四岔路,交叉路口,交叉路口內,柏油,乾燥,無缺陷,無障礙物,無遮蔽物,良好,閃光號誌,無動作,無,無分向設施,未繪設車道線,未繪設快慢車道分隔線,無,車與車,路口交岔撞,駕駛者,無號誌路口，左方車未讓右方車先行,死亡1;受傷1,2.0,機車,普通重型,男,67.0,戴半罩式安全帽,未使用,車的狀態,向前直行中,機車與自行車,左側車身,,,駕駛者,未依規定減速,否,120.967782,23.960038
2026,5.0,20260530.0,75609.0,A1,南投縣政府警察局,南投縣埔里鎮枇杷里隆生路口 / 南投縣埔里鎮枇杷里河南路口,晴,有照明未開啟或故障,村里道路,50.0,交岔路,四岔路,交叉路口,交叉路口內,柏油,乾燥,無缺陷,無障礙物,無遮蔽物,良好,閃光號誌,無動作,無,無分向設施,未繪設車道線,未繪設快慢車道分隔線,無,車與車,路口交岔撞,駕駛者,無號誌路口，左方車未讓右方車先行,死亡1;受傷1,3.0,小貨車,自用,男,40.0,不明,不明,車的狀態,靜止(引擎熄火),汽車,後車尾,,,其他,違規(臨時)停車,否,120.967782,23.960038
2026,5.0,20260530.0,75609.0,A1,南投縣政府警察局,南投縣埔里鎮枇杷里隆生路口 / 南投縣埔里鎮枇杷里河南路口,晴,有照明未開啟或故障,村里道路,50.0,交岔路,四岔路,交叉路口,交叉路口內,柏油,乾燥,無缺陷,無障礙物,無遮蔽物,良好,閃光號誌,無動作,無,無分向設施,未繪設車道線,未繪設快慢車道分隔線,無,車與車,路口交岔撞,駕駛者,無號誌路口，左方車未讓右方車先行,死亡1;受傷1,4.0,人,乘客,女,66.0,戴半罩式安全帽,非駕駛人,不明,不明,其他,非汽、機及自行車,,,無(非車輛駕駛人因素),尚未發現肇事因素,否,120.967782,23.960038
2026,5.0,20260530.0,135703.0,A1,新竹縣政府警察局,新竹縣竹東鎮東科陸橋往園區方向,晴,有照明未開啟或故障,市區道路,50.0,單路部分,彎曲路及附近,路段,一般車道(未劃分快慢車道),柏油,乾燥,無缺陷,無障礙物,無遮蔽物,良好,無號誌,無號誌,中央分向島,窄式附柵欄,車道線(附標記),未繪設快慢車道分隔線,有,車輛本身,撞交通島,駕駛者,超速駕駛,死亡1;受傷0,1.0,機車,普通重型,女,30.0,戴半罩式安全帽,未使用,車的狀態,向前直行中,機車與自行車,前車頭,,,駕駛者,超速駕駛,否,121.044977,24.774922
2026,5.0,20260530.0,135703.0,A1,新竹縣政府警察局,新竹縣竹東鎮東科陸橋往園區方向,晴,有照明未開啟或故障,市區道路,50.0,單路部分,彎曲路及附近,路段,一般車道(未劃分快慢車道),柏油,乾燥,無缺陷,無障礙物,無遮蔽物,良好,無號誌,無號誌,中央分向島,窄式附柵欄,車道線(附標記),未繪設快慢車道分隔線,有,車輛本身,撞交通島,駕駛者,超速駕駛,死亡1;受傷0,2.0,,,無或物(動物、堆置物),-1.0,,,,,,,,,無(非車輛駕駛人因素),尚未發現肇事因素,否,121.044977,24.774922
2026,5.0,20260530.0,205300.0,A1,臺中市政府警察局,臺中市南區福順里美村路二段 / 臺中市南區福順里光輝街,陰,有照明且開啟,市區道路,50.0,交岔路,四岔路,交叉路口,交叉口附近,柏油,乾燥,無缺陷,無障礙物,無遮蔽物,良好,行車管制號誌,正常,無,無分向設施,未繪設車道線,未繪設快慢車道分隔線,無,車與車,對向擦撞,駕駛者,逆向行駛,死亡1;受傷1,1.0,小客車(含客、貨兩用),自用,男,76.0,繫安全帶(使用幼童安全椅),未使用,車的狀態,向前直行中,汽車,前車頭,,,駕駛者,逆向行駛,否,120.661928,24.128743
2026,5.0,20260530.0,205300.0,A1,臺中市政府警察局,臺中市南區福順里美村路二段 / 臺中市南區福順里光輝街,陰,有照明且開啟,市區道路,50.0,交岔路,四岔路,交叉路口,交叉口附近,柏油,乾燥,無缺陷,無障礙物,無遮蔽物,良好,行車管制號誌,正常,無,無分向設施,未繪設車道線,未繪設快慢車道分隔線,無,車與車,對向擦撞,駕駛者,逆向行駛,死亡1;受傷1,2.0,機車,普通重型,男,38.0,戴非半罩式安全帽,未使用,車的狀態,右轉彎,機車與自行車,前車頭,,,無(車輛駕駛者因素),尚未發現肇事因素,否,120.661928,24.128743
2026,5.0,20260530.0,205300.0,A1,臺中市政府警察局,臺中市南區福順里美村路二段 / 臺中市南區福順里光輝街,陰,有照明且開啟,市區道路,50.0,交岔路,四岔路,交叉路口,交叉口附近,柏油,乾燥,無缺陷,無障礙物,無遮蔽物,良好,行車管制號誌,正常,無,無分向設施,未繪設車道線,未繪設快慢車道分隔線,無,車與車,對向擦撞,駕駛者,逆向行駛,死亡1;受傷1,3.0,機車,普通重型,男,22.0,戴非半罩式安全帽,未使用,車的狀態,靜止(引擎熄火),機車與自行車,右側車身,,,其他,違規(臨時)停車,否,120.661928,24.128743
2026,5.0,20260530.0,205300.0,A1,臺中市政府警察局,臺中市南區福順里美村路二段 / 臺中市南區福順里光輝街,陰,有照明且開啟,市區道路,50.0,交岔路,四岔路,交叉路口,交叉口附近,柏油,乾燥,無缺陷,無障礙物,無遮蔽物,良好,行車管制號誌,正常,無,無分向設施,未繪設車道線,未繪設快慢車道分隔線,無,車與車,對向擦撞,駕駛者,逆向行駛,死亡1;受傷1,4.0,小貨車,自用,男,43.0,繫安全帶(使用幼童安全椅),未使用,車的狀態,靜止(引擎熄火),汽車,前車頭,,,無(車輛駕駛者因素),尚未發現肇事因素,否,120.661928,24.128743
2026,5.0,20260530.0,205300.0,A1,臺中市政府警察局,臺中市南區福順里美村路二段 / 臺中市南區福順里光輝街,陰,有照明且開啟,市區道路,50.0,交岔路,四岔路,交叉路口,交叉口附近,柏油,乾燥,無缺陷,無障礙物,無遮蔽物,良好,行車管制號誌,正常,無,無分向設施,未繪設車道線,未繪設快慢車道分隔線,無,車與車,對向擦撞,駕駛者,逆向行駛,死亡1;受傷1,5.0,機車,普通重型,女,48.0,戴非半罩式安全帽,未使用,車的狀態,靜止(引擎熄火),機車與自行車,左側車身,,,無(車輛駕駛者因素),尚未發現肇事因素,否,120.661928,24.128743
2026,5.0,20260530.0,205300.0,A1,臺中市政府警察局,臺中市南區福順里美村路二段 / 臺中市南區福順里光輝街,陰,有照明且開啟,市區道路,50.0,交岔路,四岔路,交叉路口,交叉口附近,柏油,乾燥,無缺陷,無障礙物,無遮蔽物,良好,行車管制號誌,正常,無,無分向設施,未繪設車道線,未繪設快慢車道分隔線,無,車與車,對向擦撞,駕駛者,逆向行駛,死亡1;受傷1,6.0,,,無或物(動物、堆置物),0.0,,,,,,,,,無(非車輛駕駛人因素),尚未發現肇事因素,否,120.661928,24.128743
2026,5.0,20260531.0,10700.0,A1,雲林縣警察局,雲林縣崙背鄉阿勸村中厝產業道路第225037號燈桿旁,晴,有照明且開啟,村里道路,50.0,單路部分,彎曲路及附近,路段,一般車道(未劃分快慢車道),柏油,乾燥,無缺陷,無障礙物,無遮蔽物,良好,無號誌,無號誌,雙向禁止超車線,無標記,未繪設車道線,未繪設快慢車道分隔線,有,車輛本身,撞電桿,駕駛者,危險駕駛,死亡1;受傷0,1.0,機車,普通重型,男,21.0,未戴安全帽或未繫安全帶(未使用幼童安全椅),未使用,車的狀態,向前直行中,機車與自行車,前車頭,機車與自行車,前車頭,駕駛者,危險駕駛,否,120.331353,23.75415
2026,5.0,20260531.0,10700.0,A1,雲林縣警察局,雲林縣崙背鄉阿勸村中厝產業道路第225037號燈桿旁,晴,有照明且開啟,村里道路,50.0,單路部分,彎曲路及附近,路段,一般車道(未劃分快慢車道),柏油,乾燥,無缺陷,無障礙物,無遮蔽物,良好,無號誌,無號誌,雙向禁止超車線,無標記,未繪設車道線,未繪設快慢車道分隔線,有,車輛本身,撞電桿,駕駛者,危險駕駛,死亡1;受傷0,2.0,,,無或物(動物、堆置物),-1.0,,,,,,,,,無(非車輛駕駛人因素),尚未發現肇事因素,否,120.331353,23.75415
2026,5.0,20260531.0,80407.0,A1,嘉義縣警察局,嘉義縣義竹鄉新店村產業道路(電桿頭新66號旁),晴,無照明,村里道路,30.0,單路部分,直路,路段,路肩、路緣,柏油,乾燥,無缺陷,無障礙物,無遮蔽物,良好,無號誌,無號誌,無,無分向設施,未繪設車道線,未繪設快慢車道分隔線,無,車輛本身,衝出路外,其他,其他不當駕車行為,死亡1;受傷0,1.0,機車,普通重型,女,77.0,戴半罩式安全帽,未使用,車的狀態,向前直行中,機車與自行車,前車頭,,,其他,其他不當駕車行為,否,120.203214,23.334646
2026,5.0,20260531.0,80407.0,A1,嘉義縣警察局,嘉義縣義竹鄉新店村產業道路(電桿頭新66號旁),晴,無照明,村里道路,30.0,單路部分,直路,路段,路肩、路緣,柏油,乾燥,無缺陷,無障礙物,無遮蔽物,良好,無號誌,無號誌,無,無分向設施,未繪設車道線,未繪設快慢車道分隔線,無,車輛本身,衝出路外,其他,其他不當駕車行為,死亡1;受傷0,2.0,,,無或物(動物、堆置物),-1.0,,,,,,,,,無(非車輛駕駛人因素),尚未發現肇事因素,否,120.203214,23.334646
2026,5.0,20260531.0,83400.0,A1,臺南市政府警察局,臺南市官田區渡拔里拔子林73號前(拔子林路橋東側),晴,有照明未開啟或故障,市區道路,50.0,單路部分,直路,路段,路肩、路緣,柏油,乾燥,無缺陷,無障礙物,無遮蔽物,良好,無號誌,無號誌,雙向禁止超車線,無標記,車道線(無標記),未繪設快慢車道分隔線,有,車輛本身,撞電桿,駕駛者,恍神、緊張、心不在焉分心駕駛,死亡1;受傷0,1.0,慢車,電動輔助自行車,男,84.0,戴半罩式安全帽,未使用,車的狀態,向前直行中,機車與自行車,前車頭,,,駕駛者,恍神、緊張、心不在焉分心駕駛,否,120.323301,23.171753
2026,5.0,20260531.0,83400.0,A1,臺南市政府警察局,臺南市官田區渡拔里拔子林73號前(拔子林路橋東側),晴,有照明未開啟或故障,市區道路,50.0,單路部分,直路,路段,路肩、路緣,柏油,乾燥,無缺陷,無障礙物,無遮蔽物,良好,無號誌,無號誌,雙向禁止超車線,無標記,車道線(無標記),未繪設快慢車道分隔線,有,車輛本身,撞電桿,駕駛者,恍神、緊張、心不在焉分心駕駛,死亡1;受傷0,2.0,,,無或物(動物、堆置物),-1.0,,,,,,,,,無(非車輛駕駛人因素),尚未發現肇事因素,否,120.323301,23.171753
2026,5.0,20260531.0,173753.0,A1,花蓮縣警察局,花蓮縣花蓮市中原路531號前0.0公尺附近,晴,有照明未開啟或故障,市區道路,30.0,交岔路,四岔路,交叉路口,交叉路口內,柏油,乾燥,無缺陷,無障礙物,無遮蔽物,良好,無號誌,無號誌,無,無分向設施,未繪設車道線,未繪設快慢車道分隔線,無,人與車,穿越道路中,非駕駛者,未依標誌或標線穿越道路,死亡1;受傷2,1.0,人,行人,男,81.0,其他(無需使用保護裝備之人),非駕駛人,人的狀態,步行,其他,非汽、機及自行車,,,非駕駛者,未依標誌或標線穿越道路,否,121.596156,23.972506
2026,5.0,20260531.0,173753.0,A1,花蓮縣警察局,花蓮縣花蓮市中原路531號前0.0公尺附近,晴,有照明未開啟或故障,市區道路,30.0,交岔路,四岔路,交叉路口,交叉路口內,柏油,乾燥,無缺陷,無障礙物,無遮蔽物,良好,無號誌,無號誌,無,無分向設施,未繪設車道線,未繪設快慢車道分隔線,無,人與車,穿越道路中,非駕駛者,未依標誌或標線穿越道路,死亡1;受傷2,2.0,機車,普通重型,男,38.0,戴非半罩式安全帽,未使用,車的狀態,向前直行中,機車與自行車,前車頭,,,駕駛者,未依規定減速,否,121.596156,23.972506
2026,5.0,20260531.0,173753.0,A1,花蓮縣警察局,花蓮縣花蓮市中原路531號前0.0公尺附近,晴,有照明未開啟或故障,市區道路,30.0,交岔路,四岔路,交叉路口,交叉路口內,柏油,乾燥,無缺陷,無障礙物,無遮蔽物,良好,無號誌,無號誌,無,無分向設施,未繪設車道線,未繪設快慢車道分隔線,無,人與車,穿越道路中,非駕駛者,未依標誌或標線穿越道路,死亡1;受傷2,3.0,人,行人,女,75.0,其他(無需使用保護裝備之人),非駕駛人,人的狀態,步行,其他,非汽、機及自行車,,,非駕駛者,未依標誌或標線穿越道路,否,121.596156,23.972506
2026,6.0,20260601.0,22859.0,A1,臺南市政府警察局,臺南市後壁區後壁里後壁362號前,晴,有照明且開啟,市區道路,50.0,交岔路,三岔路,路段,路肩、路緣,柏油,乾燥,無缺陷,無障礙物,無遮蔽物,良好,閃光號誌,正常,雙向禁止超車線,附標記,未繪設車道線,未繪設快慢車道分隔線,有,車輛本身,撞路樹,駕駛者,恍神、緊張、心不在焉分心駕駛,死亡1;受傷0,1.0,機車,普通重型,男,18.0,戴半罩式安全帽,未使用,車的狀態,向前直行中,機車與自行車,前車頭,,,駕駛者,恍神、緊張、心不在焉分心駕駛,否,120.37335,23.363013