發生年度,發生月份,發生日期,發生時間,事故類別名稱,處理單位名稱警局層,發生地點,天候名稱,光線名稱,道路類別-第1當事者-名稱,速限-第1當事者,道路型態大類別名稱,道路型態子類別名稱,事故位置大類別名稱,事故位置子類別名稱,路面狀況-路面鋪裝名稱,路面狀況-路面狀態名稱,路面狀況-路面缺陷名稱,道路障礙-障礙物名稱,道路障礙-視距品質名稱,道路障礙-視距名稱,號誌-號誌種類名稱,號誌-號誌動作名稱,車道劃分設施-分向設施大類別名稱,車道劃分設施-分向設施子類別名稱,車道劃分設施-分道設施-快車道或一般車道間名稱,車道劃分設施-分道設施-快慢車道間名稱,車道劃分設施-分道設施-路面邊線名稱,事故類型及型態大類別名稱,事故類型及型態子類別名稱,肇因研判大類別名稱-主要,肇因研判子類別名稱-主要,死亡受傷人數,當事者順位,當事者區分-類別-大類別名稱-車種,當事者區分-類別-子類別名稱-車種,當事者屬-性-別名稱,當事者事故發生時年齡,保護裝備名稱,行動電話或電腦或其他相類功能裝置名稱,當事者行動狀態大類別名稱,當事者行動狀態子類別名稱,車輛撞擊部位大類別名稱-最初,車輛撞擊部位子類別名稱-最初,車輛撞擊部位大類別名稱-其他,車輛撞擊部位子類別名稱-其他,肇因研判大類別名稱-個別,肇因研判子類別名稱-個別,肇事逃逸類別名稱-是否肇逃,經度,緯度
2026,6.0,20260601.0,22859.0,A1,臺南市政府警察局,臺南市後壁區後壁里後壁362號前,晴,有照明且開啟,市區道路,50.0,交岔路,三岔路,路段,路肩、路緣,柏油,乾燥,無缺陷,無障礙物,無遮蔽物,良好,閃光號誌,正常,雙向禁止超車線,附標記,未繪設車道線,未繪設快慢車道分隔線,有,車輛本身,撞路樹,駕駛者,恍神、緊張、心不在焉分心駕駛,死亡1;受傷0,2.0,,,無或物(動物、堆置物),-1.0,,,,,,,,,無(非車輛駕駛人因素),尚未發現肇事因素,否,120.37335,23.363013
2026,6.0,20260601.0,145300.0,A1,高雄市政府警察局,高雄市大寮區市道188線 / 高雄市大寮區懷恩路,晴,有照明未開啟或故障,市區道路,60.0,交岔路,三岔路,交叉路口,交叉路口內,柏油,乾燥,無缺陷,無障礙物,無遮蔽物,良好,行車管制號誌,正常,無,無分向設施,未繪設車道線,未繪設快慢車道分隔線,無,車與車,側撞,駕駛者,有號誌路口，轉彎車未讓直行車先行,死亡1;受傷0,1.0,全聯結車,營業用,男,62.0,繫安全帶(使用幼童安全椅),未使用,車的狀態,右轉彎,汽車,右前車頭(身),,,駕駛者,有號誌路口，轉彎車未讓直行車先行,否,120.373955,22.589294
2026,6.0,20260601.0,145300.0,A1,高雄市政府警察局,高雄市大寮區市道188線 / 高雄市大寮區懷恩路,晴,有照明未開啟或故障,市區道路,60.0,交岔路,三岔路,交叉路口,交叉路口內,柏油,乾燥,無缺陷,無障礙物,無遮蔽物,良好,行車管制號誌,正常,無,無分向設施,未繪設車道線,未繪設快慢車道分隔線,無,車與車,側撞,駕駛者,有號誌路口，轉彎車未讓直行車先行,死亡1;受傷0,2.0,慢車,腳踏自行車,女,63.0,不明,不明,車的狀態,向前直行中,機車與自行車,左側車身,,,無(車輛駕駛者因素),尚未發現肇事因素,否,120.373955,22.589294
2026,6.0,20260601.0,185600.0,A1,新北市政府警察局,新北市土城區永豐路 / 新北市土城區永豐路,晴,有照明且開啟,村里道路,30.0,交岔路,四岔路,交叉路口,交叉路口內,柏油,乾燥,無缺陷,無障礙物,無遮蔽物,良好,無號誌,無號誌,無,無分向設施,未繪設車道線,未繪設快慢車道分隔線,有,車與車,路口交岔撞,駕駛者,逆向行駛,死亡1;受傷1,1.0,慢車,腳踏自行車,男,38.0,其他(無需使用保護裝備之人),未使用,車的狀態,向前直行中,機車與自行車,前車頭,,,駕駛者,逆向行駛,否,121.461537,24.988851
2026,6.0,20260601.0,185600.0,A1,新北市政府警察局,新北市土城區永豐路 / 新北市土城區永豐路,晴,有照明且開啟,村里道路,30.0,交岔路,四岔路,交叉路口,交叉路口內,柏油,乾燥,無缺陷,無障礙物,無遮蔽物,良好,無號誌,無號誌,無,無分向設施,未繪設車道線,未繪設快慢車道分隔線,有,車與車,路口交岔撞,駕駛者,逆向行駛,死亡1;受傷1,2.0,機車,普通重型,男,68.0,戴半罩式安全帽,未使用,車的狀態,向前直行中,機車與自行車,前車頭,,,駕駛者,未依規定減速,否,121.461537,24.988851
2026,6.0,20260602.0,161443.0,A1,雲林縣警察局,雲林縣古坑鄉雲193線道路段台78線快速道路下涵洞,晴,無照明,鄉道,50.0,單路部分,直路,路段,一般車道(未劃分快慢車道),柏油,乾燥,無缺陷,無障礙物,無遮蔽物,良好,無號誌,無號誌,雙向禁止超車線,無標記,未繪設車道線,未繪設快慢車道分隔線,有,人與車,同向通行中,其他,其他不當駕車行為,死亡1;受傷1,1.0,小客車(含客、貨兩用),自用,男,32.0,繫安全帶(使用幼童安全椅),未使用,車的狀態,向前直行中,汽車,右前車頭(身),,,其他,其他不當駕車行為,否,120.540464,23.670863
2026,6.0,20260602.0,161443.0,A1,雲林縣警察局,雲林縣古坑鄉雲193線道路段台78線快速道路下涵洞,晴,無照明,鄉道,50.0,單路部分,直路,路段,一般車道(未劃分快慢車道),柏油,乾燥,無缺陷,無障礙物,無遮蔽物,良好,無號誌,無號誌,雙向禁止超車線,無標記,未繪設車道線,未繪設快慢車道分隔線,有,人與車,同向通行中,其他,其他不當駕車行為,死亡1;受傷1,2.0,人,行人,男,47.0,其他(無需使用保護裝備之人),非駕駛人,人的狀態,步行,其他,非汽、機及自行車,,,無(非車輛駕駛人因素),尚未發現肇事因素,否,120.540464,23.670863
2026,6.0,20260602.0,161443.0,A1,雲林縣警察局,雲林縣古坑鄉雲193線道路段台78線快速道路下涵洞,晴,無照明,鄉道,50.0,單路部分,直路,路段,一般車道(未劃分快慢車道),柏油,乾燥,無缺陷,無障礙物,無遮蔽物,良好,無號誌,無號誌,雙向禁止超車線,無標記,未繪設車道線,未繪設快慢車道分隔線,有,人與車,同向通行中,其他,其他不當駕車行為,死亡1;受傷1,3.0,人,輔助代步器材,女,77.0,其他(無需使用保護裝備之人),非駕駛人,人的狀態,其他,其他,非汽、機及自行車,,,無(非車輛駕駛人因素),尚未發現肇事因素,否,120.540464,23.670863
2026,6.0,20260602.0,161443.0,A1,雲林縣警察局,雲林縣古坑鄉雲193線道路段台78線快速道路下涵洞,晴,無照明,鄉道,50.0,單路部分,直路,路段,一般車道(未劃分快慢車道),柏油,乾燥,無缺陷,無障礙物,無遮蔽物,良好,無號誌,無號誌,雙向禁止超車線,無標記,未繪設車道線,未繪設快慢車道分隔線,有,人與車,同向通行中,其他,其他不當駕車行為,死亡1;受傷1,4.0,小客車(含客、貨兩用),自用,男,47.0,不明,未使用,車的狀態,靜止(引擎熄火),汽車,左後車尾(身),,,其他,違規(臨時)停車,否,120.540464,23.670863
2026,6.0,20260602.0,210846.0,A1,屏東縣政府警察局,屏東縣長治鄉二高平面道路133-1號橋墩前,晴,無照明,縣道,40.0,單路部分,直路,路段,慢車道,柏油,乾燥,無缺陷,無障礙物,無遮蔽物,良好,無號誌,無號誌,中央分向島,寬式(50公分以上),車道線(無標記),快慢車道分隔線,有,車與車,追撞,駕駛者,恍神、緊張、心不在焉分心駕駛,死亡1;受傷0,1.0,機車,普通重型,女,56.0,戴半罩式安全帽,未使用,車的狀態,向前直行中,機車與自行車,前車頭,,,駕駛者,恍神、緊張、心不在焉分心駕駛,否,120.533804,22.709812
2026,6.0,20260602.0,210846.0,A1,屏東縣政府警察局,屏東縣長治鄉二高平面道路133-1號橋墩前,晴,無照明,縣道,40.0,單路部分,直路,路段,慢車道,柏油,乾燥,無缺陷,無障礙物,無遮蔽物,良好,無號誌,無號誌,中央分向島,寬式(50公分以上),車道線(無標記),快慢車道分隔線,有,車與車,追撞,駕駛者,恍神、緊張、心不在焉分心駕駛,死亡1;受傷0,2.0,大貨車,自用,男,73.0,繫安全帶(使用幼童安全椅),未使用,車的狀態,靜止(引擎熄火),汽車,左後車尾(身),,,其他,車輛拋錨未採安全措施,否,120.533804,22.709812
2026,6.0,20260603.0,61300.0,A1,高雄市政府警察局,高雄市茄萣區濱海路1段 / 高雄市茄萣區民有路,晴,有照明未開啟或故障,市區道路,50.0,交岔路,三岔路,交叉路口,交叉口附近,柏油,乾燥,無缺陷,無障礙物,無遮蔽物,良好,無號誌,無號誌,中央分向島,寬式(50公分以上),車道線(無標記),未繪設快慢車道分隔線,有,車與車,側撞,駕駛者,無號誌路口，轉彎車未讓直行車先行,死亡1;受傷0,1.0,機車,普通重型,男,72.0,戴半罩式安全帽,未使用,車的狀態,左轉彎,機車與自行車,右側車身,,,駕駛者,無號誌路口，轉彎車未讓直行車先行,否,120.258385,22.858101
2026,6.0,20260603.0,61300.0,A1,高雄市政府警察局,高雄市茄萣區濱海路1段 / 高雄市茄萣區民有路,晴,有照明未開啟或故障,市區道路,50.0,交岔路,三岔路,交叉路口,交叉口附近,柏油,乾燥,無缺陷,無障礙物,無遮蔽物,良好,無號誌,無號誌,中央分向島,寬式(50公分以上),車道線(無標記),未繪設快慢車道分隔線,有,車與車,側撞,駕駛者,無號誌路口，轉彎車未讓直行車先行,死亡1;受傷0,2.0,小客車(含客、貨兩用),自用,男,65.0,繫安全帶(使用幼童安全椅),未使用,車的狀態,向前直行中,汽車,左後車尾(身),,,駕駛者,未依規定減速,否,120.258385,22.858101
2026,6.0,20260603.0,62326.0,A1,國道公路警察局,臺中市神岡區國道1號 165公里100.0公尺處南,晴,有照明未開啟或故障,國道,110.0,單路部分,直路,路段,交通島(含槽化線),柏油,乾燥,無缺陷,無障礙物,無遮蔽物,良好,無號誌,無號誌,中央分向島,寬式(50公分以上),車道線(附標記),未繪設快慢車道分隔線,有,車輛本身,撞交通島,駕駛者,超速駕駛,死亡1;受傷0,1.0,小客車(含客、貨兩用),自用,男,33.0,未戴安全帽或未繫安全帶(未使用幼童安全椅),不明,車的狀態,向前直行中,汽車,前車頭,,,駕駛者,超速駕駛,否,120.693316,24.275439
2026,6.0,20260603.0,62326.0,A1,國道公路警察局,臺中市神岡區國道1號 165公里100.0公尺處南,晴,有照明未開啟或故障,國道,110.0,單路部分,直路,路段,交通島(含槽化線),柏油,乾燥,無缺陷,無障礙物,無遮蔽物,良好,無號誌,無號誌,中央分向島,寬式(50公分以上),車道線(附標記),未繪設快慢車道分隔線,有,車輛本身,撞交通島,駕駛者,超速駕駛,死亡1;受傷0,2.0,,,無或物(動物、堆置物),-1.0,,,,,,,,,無(非車輛駕駛人因素),尚未發現肇事因素,否,120.693316,24.275439
2026,6.0,20260603.0,62326.0,A1,國道公路警察局,臺中市神岡區國道1號 165公里100.0公尺處南,晴,有照明未開啟或故障,國道,110.0,單路部分,直路,路段,交通島(含槽化線),柏油,乾燥,無缺陷,無障礙物,無遮蔽物,良好,無號誌,無號誌,中央分向島,寬式(50公分以上),車道線(附標記),未繪設快慢車道分隔線,有,車輛本身,撞交通島,駕駛者,超速駕駛,死亡1;受傷0,3.0,,,無或物(動物、堆置物),-1.0,,,,,,,,,無(非車輛駕駛人因素),尚未發現肇事因素,否,120.693316,24.275439
2026,6.0,20260603.0,83500.0,A1,嘉義縣警察局,嘉義縣新港鄉福德村嘉北路與登雲路111巷路口,晴,無照明,縣道,50.0,交岔路,四岔路,交叉路口,交叉路口內,柏油,乾燥,無缺陷,無障礙物,無遮蔽物,良好,行車管制號誌,正常,無,無分向設施,未繪設車道線,未繪設快慢車道分隔線,無,車輛本身,路上翻車、摔倒,其他,相關跡證不足且無具體影像紀錄，當事人各執一詞，經分析後無法釐清肇事原因,死亡1;受傷0,1.0,機車,普通重型,男,76.0,戴半罩式安全帽,未使用,車的狀態,向前直行中,機車與自行車,左側車身,,,其他,相關跡證不足且無具體影像紀錄，當事人各執一詞，經分析後無法釐清肇事原因,否,120.343967,23.552837
2026,6.0,20260603.0,83500.0,A1,嘉義縣警察局,嘉義縣新港鄉福德村嘉北路與登雲路111巷路口,晴,無照明,縣道,50.0,交岔路,四岔路,交叉路口,交叉路口內,柏油,乾燥,無缺陷,無障礙物,無遮蔽物,良好,行車管制號誌,正常,無,無分向設施,未繪設車道線,未繪設快慢車道分隔線,無,車輛本身,路上翻車、摔倒,其他,相關跡證不足且無具體影像紀錄，當事人各執一詞，經分析後無法釐清肇事原因,死亡1;受傷0,2.0,,,無或物(動物、堆置物),-1.0,,,,,,,,,無(非車輛駕駛人因素),尚未發現肇事因素,否,120.343967,23.552837
2026,6.0,20260603.0,83500.0,A1,嘉義縣警察局,嘉義縣新港鄉福德村嘉北路與登雲路111巷路口,晴,無照明,縣道,50.0,交岔路,四岔路,交叉路口,交叉路口內,柏油,乾燥,無缺陷,無障礙物,無遮蔽物,良好,行車管制號誌,正常,無,無分向設施,未繪設車道線,未繪設快慢車道分隔線,無,車輛本身,路上翻車、摔倒,其他,相關跡證不足且無具體影像紀錄，當事人各執一詞，經分析後無法釐清肇事原因,死亡1;受傷0,3.0,小客車(含客、貨兩用),自用,女,50.0,繫安全帶(使用幼童安全椅),未使用,車的狀態,左轉彎,汽車,左側車身,,,其他,相關跡證不足且無具體影像紀錄，當事人各執一詞，經分析後無法釐清肇事原因,否,120.343967,23.552837
2026,6.0,20260603.0,104500.0,A1,臺南市政府警察局,臺南市龍崎區土崎里1鄰考潭10之5號旁橋墩,晴,有照明未開啟或故障,市區道路,30.0,單路部分,彎曲路及附近,路段,一般車道(未劃分快慢車道),柏油,乾燥,無缺陷,無障礙物,無遮蔽物,良好,無號誌,無號誌,無,無分向設施,未繪設車道線,未繪設快慢車道分隔線,無,車輛本身,撞橋樑(橋墩),駕駛者,恍神、緊張、心不在焉分心駕駛,死亡1;受傷0,1.0,機車,普通重型,男,40.0,戴非半罩式安全帽,未使用,車的狀態,向前直行中,機車與自行車,後車尾,,,駕駛者,恍神、緊張、心不在焉分心駕駛,否,120.392711,22.98554
2026,6.0,20260603.0,104500.0,A1,臺南市政府警察局,臺南市龍崎區土崎里1鄰考潭10之5號旁橋墩,晴,有照明未開啟或故障,市區道路,30.0,單路部分,彎曲路及附近,路段,一般車道(未劃分快慢車道),柏油,乾燥,無缺陷,無障礙物,無遮蔽物,良好,無號誌,無號誌,無,無分向設施,未繪設車道線,未繪設快慢車道分隔線,無,車輛本身,撞橋樑(橋墩),駕駛者,恍神、緊張、心不在焉分心駕駛,死亡1;受傷0,2.0,,,無或物(動物、堆置物),-1.0,,,,,,,,,無(非車輛駕駛人因素),尚未發現肇事因素,否,120.392711,22.98554
2026,6.0,20260603.0,115600.0,A1,高雄市政府警察局,高雄市鳥松區村中正路 / 高雄市鳥松區中正路,晴,有照明未開啟或故障,市區道路,60.0,交岔路,三岔路,交叉路口,交叉路口內,柏油,乾燥,無缺陷,無障礙物,無遮蔽物,良好,閃光號誌,正常,中央分向島,寬式(50公分以上),未繪設車道線,未繪設快慢車道分隔線,有,車與車,側撞,駕駛者,無號誌路口，轉彎車未讓直行車先行,死亡1;受傷1,1.0,小客車(含客、貨兩用),自用,女,46.0,繫安全帶(使用幼童安全椅),未使用,車的狀態,左轉彎,汽車,右後車尾(身),,,駕駛者,無號誌路口，轉彎車未讓直行車先行,否,120.362909,22.666907
2026,6.0,20260603.0,115600.0,A1,高雄市政府警察局,高雄市鳥松區村中正路 / 高雄市鳥松區中正路,晴,有照明未開啟或故障,市區道路,60.0,交岔路,三岔路,交叉路口,交叉路口內,柏油,乾燥,無缺陷,無障礙物,無遮蔽物,良好,閃光號誌,正常,中央分向島,寬式(50公分以上),未繪設車道線,未繪設快慢車道分隔線,有,車與車,側撞,駕駛者,無號誌路口，轉彎車未讓直行車先行,死亡1;受傷1,2.0,機車,普通重型,男,69.0,戴半罩式安全帽,未使用,車的狀態,向前直行中,機車與自行車,前車頭,,,無(車輛駕駛者因素),尚未發現肇事因素,否,120.362909,22.666907
2026,6.0,20260603.0,165600.0,A1,新北市政府警察局,新北市蘆洲區成蘆橋道路前0.0公尺,晴,無照明,市區道路,50.0,單路部分,橋樑,路段,一般車道(未劃分快慢車道),柏油,乾燥,無缺陷,無障礙物,無遮蔽物,良好,無號誌,無號誌,中央分向島,寬式(50公分以上),車道線(無標記),未繪設快慢車道分隔線,無,車與車,同向擦撞,駕駛者,其他未依規定讓車,死亡1;受傷0,1.0,小客車(含客、貨兩用),自用,男,73.0,不明,不明,車的狀態,向左變換車道,汽車,左後車尾(身),,,駕駛者,其他未依規定讓車,否,121.458707,25.096547
2026,6.0,20260603.0,165600.0,A1,新北市政府警察局,新北市蘆洲區成蘆橋道路前0.0公尺,晴,無照明,市區道路,50.0,單路部分,橋樑,路段,一般車道(未劃分快慢車道),柏油,乾燥,無缺陷,無障礙物,無遮蔽物,良好,無號誌,無號誌,中央分向島,寬式(50公分以上),車道線(無標記),未繪設快慢車道分隔線,無,車與車,同向擦撞,駕駛者,其他未依規定讓車,死亡1;受傷0,2.0,機車,普通重型,女,46.0,戴半罩式安全帽,不明,車的狀態,向前直行中,機車與自行車,右側車身,,,無(車輛駕駛者因素),尚未發現肇事因素,否,121.458707,25.096547
2026,6.0,20260603.0,185351.0,A1,桃園市政府警察局,桃園市中壢區自強一路口 / 桃園市中壢區自強四路口,陰,有照明未開啟或故障,市區道路,50.0,交岔路,四岔路,交叉路口,交叉路口內,柏油,乾燥,無缺陷,無障礙物,無遮蔽物,良好,行車管制號誌(附設行人專用號誌),正常,無,無分向設施,未繪設車道線,未繪設快慢車道分隔線,無,車與車,側撞,駕駛者,有號誌路口，轉彎車未讓直行車先行,死亡1;受傷0,1.0,小客車(含客、貨兩用),自用,男,76.0,繫安全帶(使用幼童安全椅),未使用,車的狀態,左轉彎,汽車,右前車頭(身),,,駕駛者,有號誌路口，轉彎車未讓直行車先行,否,121.244408,24.972565
2026,6.0,20260603.0,185351.0,A1,桃園市政府警察局,桃園市中壢區自強一路口 / 桃園市中壢區自強四路口,陰,有照明未開啟或故障,市區道路,50.0,交岔路,四岔路,交叉路口,交叉路口內,柏油,乾燥,無缺陷,無障礙物,無遮蔽物,良好,行車管制號誌(附設行人專用號誌),正常,無,無分向設施,未繪設車道線,未繪設快慢車道分隔線,無,車與車,側撞,駕駛者,有號誌路口，轉彎車未讓直行車先行,死亡1;受傷0,2.0,機車,普通重型,男,25.0,戴非半罩式安全帽,未使用,車的狀態,向前直行中,機車與自行車,前車頭,,,駕駛者,恍神、緊張、心不在焉分心駕駛,否,121.244408,24.972565
2026,6.0,20260603.0,231600.0,A1,南投縣政府警察局,南投縣竹山鎮集山路一段1065巷119路燈,晴,有照明且開啟,村里道路,30.0,單路部分,直路,路段,路肩、路緣,柏油,乾燥,無缺陷,無障礙物,無遮蔽物,良好,無號誌,無號誌,無,無分向設施,未繪設車道線,未繪設快慢車道分隔線,無,車輛本身,撞電桿,其他,車輛或機械操作不當(慎),死亡1;受傷0,1.0,機車,普通重型,男,51.0,未戴安全帽或未繫安全帶(未使用幼童安全椅),未使用,車的狀態,向前直行中,機車與自行車,前車頭,,,其他,車輛或機械操作不當(慎),否,120.734738,23.812214
2026,6.0,20260603.0,231600.0,A1,南投縣政府警察局,南投縣竹山鎮集山路一段1065巷119路燈,晴,有照明且開啟,村里道路,30.0,單路部分,直路,路段,路肩、路緣,柏油,乾燥,無缺陷,無障礙物,無遮蔽物,良好,無號誌,無號誌,無,無分向設施,未繪設車道線,未繪設快慢車道分隔線,無,車輛本身,撞電桿,其他,車輛或機械操作不當(慎),死亡1;受傷0,2.0,,,無或物(動物、堆置物),-1.0,,,,,,,,,無(非車輛駕駛人因素),尚未發現肇事因素,否,120.734738,23.812214
2026,6.0,20260603.0,231600.0,A1,南投縣政府警察局,南投縣竹山鎮集山路一段1065巷119路燈,晴,有照明且開啟,村里道路,30.0,單路部分,直路,路段,路肩、路緣,柏油,乾燥,無缺陷,無障礙物,無遮蔽物,良好,無號誌,無號誌,無,無分向設施,未繪設車道線,未繪設快慢車道分隔線,無,車輛本身,撞電桿,其他,車輛或機械操作不當(慎),死亡1;受傷0,3.0,,,無或物(動物、堆置物),-1.0,,,,,,,,,無(非車輛駕駛人因素),尚未發現肇事因素,否,120.734738,23.812214
2026,6.0,20260604.0,124544.0,A1,苗栗縣警察局,苗栗縣頭份市尖豐路1355號對面,晴,有照明未開啟或故障,市區道路,60.0,交岔路,三岔路,路段,路肩、路緣,柏油,乾燥,無缺陷,無障礙物,無遮蔽物,良好,閃光號誌,正常,無,無分向設施,未繪設車道線,未繪設快慢車道分隔線,有,車輛本身,撞號誌、標誌桿,駕駛者,恍神、緊張、心不在焉分心駕駛,死亡1;受傷0,1.0,機車,普通重型,女,77.0,戴半罩式安全帽,未使用,車的狀態,向前直行中,機車與自行車,右側車身,機車與自行車,前車頭,駕駛者,恍神、緊張、心不在焉分心駕駛,否,120.888109,24.627683
2026,6.0,20260604.0,124544.0,A1,苗栗縣警察局,苗栗縣頭份市尖豐路1355號對面,晴,有照明未開啟或故障,市區道路,60.0,交岔路,三岔路,路段,路肩、路緣,柏油,乾燥,無缺陷,無障礙物,無遮蔽物,良好,閃光號誌,正常,無,無分向設施,未繪設車道線,未繪設快慢車道分隔線,有,車輛本身,撞號誌、標誌桿,駕駛者,恍神、緊張、心不在焉分心駕駛,死亡1;受傷0,2.0,,,無或物(動物、堆置物),-1.0,,,,,,,,,無(非車輛駕駛人因素),尚未發現肇事因素,否,120.888109,24.627683
2026,6.0,20260604.0,192400.0,A1,嘉義縣警察局,嘉義縣水上鄉中庄村中庄60之4號,雨,有照明且開啟,縣道,50.0,單路部分,直路,路段,快車道,柏油,濕潤,無缺陷,無障礙物,有遮蔽物,路上停放車輛,無號誌,無號誌,雙向禁止超車線,附標記,禁止變換車道線(附標記),快慢車道分隔線,有,車與車,追撞,駕駛者,違反其他標誌(線)禁制,死亡1;受傷0,1.0,慢車,腳踏自行車,女,84.0,未戴安全帽或未繫安全帶(未使用幼童安全椅),未使用,車的狀態,向前直行中,機車與自行車,後車尾,,,駕駛者,違反其他標誌(線)禁制,否,120.432699,23.420123
2026,6.0,20260604.0,192400.0,A1,嘉義縣警察局,嘉義縣水上鄉中庄村中庄60之4號,雨,有照明且開啟,縣道,50.0,單路部分,直路,路段,快車道,柏油,濕潤,無缺陷,無障礙物,有遮蔽物,路上停放車輛,無號誌,無號誌,雙向禁止超車線,附標記,禁止變換車道線(附標記),快慢車道分隔線,有,車與車,追撞,駕駛者,違反其他標誌(線)禁制,死亡1;受傷0,2.0,小客車(含客、貨兩用),自用,男,38.0,繫安全帶(使用幼童安全椅),未使用,車的狀態,向前直行中,汽車,前車頭,,,駕駛者,恍神、緊張、心不在焉分心駕駛,否,120.432699,23.420123
2026,6.0,20260605.0,71641.0,A1,桃園市政府警察局,桃園市大溪區瑞安路二段與瑞安路二段48巷口附近,雨,有照明未開啟或故障,市區道路,60.0,單路部分,直路,路段,路肩、路緣,柏油,濕潤,無缺陷,無障礙物,無遮蔽物,良好,無號誌,無號誌,中央分向島,寬式(50公分以上),車道線(無標記),未繪設快慢車道分隔線,有,車輛本身,撞護欄(樁),駕駛者,未依規定減速,死亡1;受傷0,1.0,小客車(含客、貨兩用),自用,女,53.0,不明,不明,車的狀態,向前直行中,汽車,前車頭,,,駕駛者,未依規定減速,否,121.281615,24.871609
2026,6.0,20260605.0,71641.0,A1,桃園市政府警察局,桃園市大溪區瑞安路二段與瑞安路二段48巷口附近,雨,有照明未開啟或故障,市區道路,60.0,單路部分,直路,路段,路肩、路緣,柏油,濕潤,無缺陷,無障礙物,無遮蔽物,良好,無號誌,無號誌,中央分向島,寬式(50公分以上),車道線(無標記),未繪設快慢車道分隔線,有,車輛本身,撞護欄(樁),駕駛者,未依規定減速,死亡1;受傷0,2.0,,,無或物(動物、堆置物),-1.0,,,,,,,,,無(非車輛駕駛人因素),尚未發現肇事因素,否,121.281615,24.871609
2026,6.0,20260605.0,75900.0,A1,宜蘭縣政府警察局,宜蘭縣礁溪鄉南北三路口 / 宜蘭縣礁溪鄉東西5路口,雨,有照明未開啟或故障,村里道路,50.0,交岔路,四岔路,交叉路口,交叉路口內,柏油,濕潤,無缺陷,無障礙物,無遮蔽物,良好,無號誌,無號誌,無,無分向設施,未繪設車道線,未繪設快慢車道分隔線,無,人與車,穿越道路中,駕駛者,車輛未依規定暫停讓行人先行,死亡1;受傷2,1.0,小客車(含客、貨兩用),自用,女,24.0,繫安全帶(使用幼童安全椅),未使用,車的狀態,向前直行中,汽車,前車頭,,,駕駛者,車輛未依規定暫停讓行人先行,否,121.761618,24.813757
2026,6.0,20260605.0,75900.0,A1,宜蘭縣政府警察局,宜蘭縣礁溪鄉南北三路口 / 宜蘭縣礁溪鄉東西5路口,雨,有照明未開啟或故障,村里道路,50.0,交岔路,四岔路,交叉路口,交叉路口內,柏油,濕潤,無缺陷,無障礙物,無遮蔽物,良好,無號誌,無號誌,無,無分向設施,未繪設車道線,未繪設快慢車道分隔線,無,人與車,穿越道路中,駕駛者,車輛未依規定暫停讓行人先行,死亡1;受傷2,2.0,人,輔助代步器材,女,81.0,其他(無需使用保護裝備之人),非駕駛人,人的狀態,其他,其他,非汽、機及自行車,,,非駕駛者,穿越道路未注意左右來車,否,121.761618,24.813757
2026,6.0,20260605.0,75900.0,A1,宜蘭縣政府警察局,宜蘭縣礁溪鄉南北三路口 / 宜蘭縣礁溪鄉東西5路口,雨,有照明未開啟或故障,村里道路,50.0,交岔路,四岔路,交叉路口,交叉路口內,柏油,濕潤,無缺陷,無障礙物,無遮蔽物,良好,無號誌,無號誌,無,無分向設施,未繪設車道線,未繪設快慢車道分隔線,無,人與車,穿越道路中,駕駛者,車輛未依規定暫停讓行人先行,死亡1;受傷2,3.0,人,乘客,男,1.0,未戴安全帽或未繫安全帶(未使用幼童安全椅),非駕駛人,人的狀態,其他,其他,非汽、機及自行車,,,無(非車輛駕駛人因素),尚未發現肇事因素,否,121.761618,24.813757
2026,6.0,20260605.0,75900.0,A1,宜蘭縣政府警察局,宜蘭縣礁溪鄉南北三路口 / 宜蘭縣礁溪鄉東西5路口,雨,有照明未開啟或故障,村里道路,50.0,交岔路,四岔路,交叉路口,交叉路口內,柏油,濕潤,無缺陷,無障礙物,無遮蔽物,良好,無號誌,無號誌,無,無分向設施,未繪設車道線,未繪設快慢車道分隔線,無,人與車,穿越道路中,駕駛者,車輛未依規定暫停讓行人先行,死亡1;受傷2,4.0,,,無或物(動物、堆置物),-1.0,,,,,,,,,無(非車輛駕駛人因素),尚未發現肇事因素,否,121.761618,24.813757
2026,6.0,20260605.0,75900.0,A1,宜蘭縣政府警察局,宜蘭縣礁溪鄉南北三路口 / 宜蘭縣礁溪鄉東西5路口,雨,有照明未開啟或故障,村里道路,50.0,交岔路,四岔路,交叉路口,交叉路口內,柏油,濕潤,無缺陷,無障礙物,無遮蔽物,良好,無號誌,無號誌,無,無分向設施,未繪設車道線,未繪設快慢車道分隔線,無,人與車,穿越道路中,駕駛者,車輛未依規定暫停讓行人先行,死亡1;受傷2,5.0,,,無或物(動物、堆置物),-1.0,,,,,,,,,無(非車輛駕駛人因素),尚未發現肇事因素,否,121.761618,24.813757
2026,6.0,20260605.0,90200.0,A1,新北市政府警察局,新北市三重區正義北路 / 新北市三重區大榮街,雨,有照明未開啟或故障,市區道路,50.0,交岔路,四岔路,交叉路口,交叉路口內,柏油,濕潤,無缺陷,無障礙物,無遮蔽物,良好,行車管制號誌(附設行人專用號誌),正常,無,無分向設施,未繪設車道線,未繪設快慢車道分隔線,無,車與車,其他,其他,車輛或機械操作不當(慎),死亡1;受傷0,1.0,小客車(含客、貨兩用),租賃車,男,25.0,不明,不明,車的狀態,倒車,汽車,後車尾,,,其他,車輛或機械操作不當(慎),否,121.497577,25.063224