發生年度,發生月份,發生日期,發生時間,事故類別名稱,處理單位名稱警局層,發生地點,天候名稱,光線名稱,道路類別-第1當事者-名稱,速限-第1當事者,道路型態大類別名稱,道路型態子類別名稱,事故位置大類別名稱,事故位置子類別名稱,路面狀況-路面鋪裝名稱,路面狀況-路面狀態名稱,路面狀況-路面缺陷名稱,道路障礙-障礙物名稱,道路障礙-視距品質名稱,道路障礙-視距名稱,號誌-號誌種類名稱,號誌-號誌動作名稱,車道劃分設施-分向設施大類別名稱,車道劃分設施-分向設施子類別名稱,車道劃分設施-分道設施-快車道或一般車道間名稱,車道劃分設施-分道設施-快慢車道間名稱,車道劃分設施-分道設施-路面邊線名稱,事故類型及型態大類別名稱,事故類型及型態子類別名稱,肇因研判大類別名稱-主要,肇因研判子類別名稱-主要,死亡受傷人數,當事者順位,當事者區分-類別-大類別名稱-車種,當事者區分-類別-子類別名稱-車種,當事者屬-性-別名稱,當事者事故發生時年齡,保護裝備名稱,行動電話或電腦或其他相類功能裝置名稱,當事者行動狀態大類別名稱,當事者行動狀態子類別名稱,車輛撞擊部位大類別名稱-最初,車輛撞擊部位子類別名稱-最初,車輛撞擊部位大類別名稱-其他,車輛撞擊部位子類別名稱-其他,肇因研判大類別名稱-個別,肇因研判子類別名稱-個別,肇事逃逸類別名稱-是否肇逃,經度,緯度
2026,6.0,20260605.0,90200.0,A1,新北市政府警察局,新北市三重區正義北路 / 新北市三重區大榮街,雨,有照明未開啟或故障,市區道路,50.0,交岔路,四岔路,交叉路口,交叉路口內,柏油,濕潤,無缺陷,無障礙物,無遮蔽物,良好,行車管制號誌(附設行人專用號誌),正常,無,無分向設施,未繪設車道線,未繪設快慢車道分隔線,無,車與車,其他,其他,車輛或機械操作不當(慎),死亡1;受傷0,2.0,機車,普通重型,男,43.0,不明,不明,車的狀態,向前直行中,機車與自行車,右側車身,,,無(車輛駕駛者因素),尚未發現肇事因素,否,121.497577,25.063224
2026,6.0,20260605.0,90200.0,A1,新北市政府警察局,新北市三重區正義北路 / 新北市三重區大榮街,雨,有照明未開啟或故障,市區道路,50.0,交岔路,四岔路,交叉路口,交叉路口內,柏油,濕潤,無缺陷,無障礙物,無遮蔽物,良好,行車管制號誌(附設行人專用號誌),正常,無,無分向設施,未繪設車道線,未繪設快慢車道分隔線,無,車與車,其他,其他,車輛或機械操作不當(慎),死亡1;受傷0,3.0,小客車(含客、貨兩用),自用,女,54.0,不明,不明,車的狀態,向前直行中,汽車,右前車頭(身),,,無(車輛駕駛者因素),尚未發現肇事因素,否,121.497577,25.063224
2026,6.0,20260605.0,102000.0,A1,高雄市政府警察局,高雄市田寮區無名路附近 / 高雄市田寮區西德路附近,陰,有照明未開啟或故障,市區道路,30.0,交岔路,四岔路,交叉路口,交叉口附近,柏油,濕潤,無缺陷,無障礙物,無遮蔽物,良好,無號誌,無號誌,無,無分向設施,未繪設車道線,未繪設快慢車道分隔線,有,車輛本身,撞路樹,其他,其他不當駕車行為,死亡1;受傷0,1.0,機車,普通重型,女,75.0,不明,不明,車的狀態,向前直行中,機車與自行車,前車頭,,,其他,其他不當駕車行為,否,120.366078,22.87804
2026,6.0,20260605.0,102000.0,A1,高雄市政府警察局,高雄市田寮區無名路附近 / 高雄市田寮區西德路附近,陰,有照明未開啟或故障,市區道路,30.0,交岔路,四岔路,交叉路口,交叉口附近,柏油,濕潤,無缺陷,無障礙物,無遮蔽物,良好,無號誌,無號誌,無,無分向設施,未繪設車道線,未繪設快慢車道分隔線,有,車輛本身,撞路樹,其他,其他不當駕車行為,死亡1;受傷0,2.0,,,無或物(動物、堆置物),0.0,,,,,,,,,無(非車輛駕駛人因素),尚未發現肇事因素,否,120.366078,22.87804
2026,6.0,20260605.0,111528.0,A1,臺南市政府警察局,臺南市歸仁區六甲里台三九、中正南路一段,晴,有照明未開啟或故障,市區道路,70.0,交岔路,四岔路,交叉路口,交叉路口內,柏油,乾燥,無缺陷,無障礙物,無遮蔽物,良好,行車管制號誌,正常,無,無分向設施,車道線(無標記),寬式快慢車道分隔島(50公分以上),有,車與車,同向擦撞,駕駛者,右轉彎未依規定,死亡1;受傷0,1.0,小客車(含客、貨兩用),自用,男,62.0,繫安全帶(使用幼童安全椅),未使用,車的狀態,右轉彎,汽車,右後車尾(身),,,駕駛者,右轉彎未依規定,否,120.277284,22.943017
2026,6.0,20260605.0,111528.0,A1,臺南市政府警察局,臺南市歸仁區六甲里台三九、中正南路一段,晴,有照明未開啟或故障,市區道路,70.0,交岔路,四岔路,交叉路口,交叉路口內,柏油,乾燥,無缺陷,無障礙物,無遮蔽物,良好,行車管制號誌,正常,無,無分向設施,車道線(無標記),寬式快慢車道分隔島(50公分以上),有,車與車,同向擦撞,駕駛者,右轉彎未依規定,死亡1;受傷0,2.0,機車,普通重型,男,43.0,戴非半罩式安全帽,未使用,車的狀態,向前直行中,機車與自行車,前車頭,,,無(車輛駕駛者因素),尚未發現肇事因素,否,120.277284,22.943017
2026,6.0,20260605.0,144100.0,A1,臺中市政府警察局,臺中市太平區中政里太平路488號前0.0公尺,晴,有照明未開啟或故障,市區道路,50.0,單路部分,直路,其他,其他,柏油,乾燥,無缺陷,無障礙物,無遮蔽物,良好,無號誌,無號誌,無,無分向設施,未繪設車道線,未繪設快慢車道分隔線,無,車與車,側撞,駕駛者,其他未依規定讓車,死亡1;受傷1,1.0,機車,普通重型,女,81.0,戴半罩式安全帽,未使用,車的狀態,左轉彎,機車與自行車,右側車身,,,駕駛者,其他未依規定讓車,否,120.714994,24.124783
2026,6.0,20260605.0,144100.0,A1,臺中市政府警察局,臺中市太平區中政里太平路488號前0.0公尺,晴,有照明未開啟或故障,市區道路,50.0,單路部分,直路,其他,其他,柏油,乾燥,無缺陷,無障礙物,無遮蔽物,良好,無號誌,無號誌,無,無分向設施,未繪設車道線,未繪設快慢車道分隔線,無,車與車,側撞,駕駛者,其他未依規定讓車,死亡1;受傷1,2.0,機車,普通重型,女,66.0,戴半罩式安全帽,未使用,車的狀態,向前直行中,機車與自行車,前車頭,,,其他,其他不當駕車行為,否,120.714994,24.124783
2026,6.0,20260605.0,214840.0,A1,新竹縣政府警察局,新竹縣竹東鎮東榮路14號,雨,有照明且開啟,市區道路,50.0,單路部分,直路,路段,一般車道(未劃分快慢車道),柏油,濕潤,無缺陷,無障礙物,無遮蔽物,良好,無號誌,無號誌,雙向禁止超車線,無標記,未繪設車道線,未繪設快慢車道分隔線,有,人與車,穿越道路中,非駕駛者,未依標誌或標線穿越道路,死亡1;受傷0,1.0,人,行人,女,76.0,其他(無需使用保護裝備之人),非駕駛人,人的狀態,步行,其他,非汽、機及自行車,其他,非汽、機及自行車,非駕駛者,未依標誌或標線穿越道路,否,121.097965,24.722327
2026,6.0,20260605.0,214840.0,A1,新竹縣政府警察局,新竹縣竹東鎮東榮路14號,雨,有照明且開啟,市區道路,50.0,單路部分,直路,路段,一般車道(未劃分快慢車道),柏油,濕潤,無缺陷,無障礙物,無遮蔽物,良好,無號誌,無號誌,雙向禁止超車線,無標記,未繪設車道線,未繪設快慢車道分隔線,有,人與車,穿越道路中,非駕駛者,未依標誌或標線穿越道路,死亡1;受傷0,2.0,小客車(含客、貨兩用),自用,男,39.0,不明,不明,車的狀態,向前直行中,汽車,右前車頭(身),其他,不明,駕駛者,恍神、緊張、心不在焉分心駕駛,否,121.097965,24.722327
2026,6.0,20260606.0,1022.0,A1,屏東縣政府警察局,屏東縣泰武鄉屏106線下坡處,晴,無照明,鄉道,50.0,單路部分,彎曲路及附近,路段,一般車道(未劃分快慢車道),柏油,濕潤,無缺陷,無障礙物,無遮蔽物,良好,無號誌,無號誌,行車分向線,無標記,未繪設車道線,未繪設快慢車道分隔線,有,車輛本身,路上翻車、摔倒,駕駛者,恍神、緊張、心不在焉分心駕駛,死亡1;受傷0,1.0,慢車,腳踏自行車,男,54.0,未戴安全帽或未繫安全帶(未使用幼童安全椅),未使用,車的狀態,向前直行中,其他,不明,其他,不明,駕駛者,恍神、緊張、心不在焉分心駕駛,否,120.661533,22.588944
2026,6.0,20260606.0,1022.0,A1,屏東縣政府警察局,屏東縣泰武鄉屏106線下坡處,晴,無照明,鄉道,50.0,單路部分,彎曲路及附近,路段,一般車道(未劃分快慢車道),柏油,濕潤,無缺陷,無障礙物,無遮蔽物,良好,無號誌,無號誌,行車分向線,無標記,未繪設車道線,未繪設快慢車道分隔線,有,車輛本身,路上翻車、摔倒,駕駛者,恍神、緊張、心不在焉分心駕駛,死亡1;受傷0,2.0,,,無或物(動物、堆置物),-1.0,,,,,,,,,無(非車輛駕駛人因素),尚未發現肇事因素,否,120.661533,22.588944
2026,6.0,20260606.0,112004.0,A1,嘉義縣警察局,嘉義縣義竹鄉東光村台19線92.9公里處南下,晴,無照明,省道,30.0,交岔路,三岔路,交叉路口,交叉口附近,柏油,乾燥,無缺陷,無障礙物,無遮蔽物,良好,無號誌,無號誌,中央分向島,寬式(50公分以上),車道線(無標記),未繪設快慢車道分隔線,有,車與車,側撞,駕駛者,無號誌路口，支線道未讓幹線道先行,死亡1;受傷0,1.0,機車,普通重型,男,92.0,戴半罩式安全帽,未使用,車的狀態,左轉彎,機車與自行車,左側車身,,,駕駛者,無號誌路口，支線道未讓幹線道先行,否,120.245889,23.385911
2026,6.0,20260606.0,112004.0,A1,嘉義縣警察局,嘉義縣義竹鄉東光村台19線92.9公里處南下,晴,無照明,省道,30.0,交岔路,三岔路,交叉路口,交叉口附近,柏油,乾燥,無缺陷,無障礙物,無遮蔽物,良好,無號誌,無號誌,中央分向島,寬式(50公分以上),車道線(無標記),未繪設快慢車道分隔線,有,車與車,側撞,駕駛者,無號誌路口，支線道未讓幹線道先行,死亡1;受傷0,2.0,小客車(含客、貨兩用),自用,男,25.0,繫安全帶(使用幼童安全椅),未使用,車的狀態,向前直行中,汽車,左前車頭(身),,,駕駛者,超速駕駛,否,120.245889,23.385911
2026,6.0,20260606.0,183100.0,A1,南投縣政府警察局,南投縣埔里鎮合成里西安路三段電桿136附近,陰,有照明且開啟,省道,40.0,單路部分,彎曲路及附近,其他,其他,柏油,濕潤,無缺陷,無障礙物,無遮蔽物,良好,無號誌,無號誌,雙向禁止超車線,附標記,未繪設車道線,未繪設快慢車道分隔線,有,車輛本身,路上翻車、摔倒,駕駛者,酒醉(後)駕駛,死亡1;受傷0,1.0,機車,普通重型,女,-1.0,戴半罩式安全帽,不明,車的狀態,向前直行中,機車與自行車,左側車身,,,駕駛者,酒醉(後)駕駛,否,120.935153,24.025885
2026,6.0,20260606.0,183100.0,A1,南投縣政府警察局,南投縣埔里鎮合成里西安路三段電桿136附近,陰,有照明且開啟,省道,40.0,單路部分,彎曲路及附近,其他,其他,柏油,濕潤,無缺陷,無障礙物,無遮蔽物,良好,無號誌,無號誌,雙向禁止超車線,附標記,未繪設車道線,未繪設快慢車道分隔線,有,車輛本身,路上翻車、摔倒,駕駛者,酒醉(後)駕駛,死亡1;受傷0,2.0,,,無或物(動物、堆置物),-1.0,,,,,,,,,無(非車輛駕駛人因素),尚未發現肇事因素,否,120.935153,24.025885
2026,6.0,20260607.0,72000.0,A1,高雄市政府警察局,高雄市楠梓區鳳楠路 / 高雄市楠梓區楠興東路,晴,無照明,市區道路,50.0,交岔路,四岔路,交叉路口,交叉路口內,柏油,乾燥,無缺陷,無障礙物,無遮蔽物,良好,行車管制號誌,正常,無,無分向設施,車道線(附標記),未繪設快慢車道分隔線,有,車與車,路口交岔撞,駕駛者,闖紅燈直行,死亡1;受傷0,1.0,機車,普通重型,男,22.0,戴非半罩式安全帽,不明,車的狀態,向前直行中,機車與自行車,前車頭,,,駕駛者,闖紅燈直行,否,120.3327,22.72032
2026,6.0,20260607.0,72000.0,A1,高雄市政府警察局,高雄市楠梓區鳳楠路 / 高雄市楠梓區楠興東路,晴,無照明,市區道路,50.0,交岔路,四岔路,交叉路口,交叉路口內,柏油,乾燥,無缺陷,無障礙物,無遮蔽物,良好,行車管制號誌,正常,無,無分向設施,車道線(附標記),未繪設快慢車道分隔線,有,車與車,路口交岔撞,駕駛者,闖紅燈直行,死亡1;受傷0,2.0,小客車(含客、貨兩用),自用,男,37.0,不明,未使用,車的狀態,向前直行中,汽車,左前車頭(身),,,無(車輛駕駛者因素),尚未發現肇事因素,否,120.3327,22.72032
2026,6.0,20260607.0,114916.0,A1,雲林縣警察局,雲林縣崙背鄉大有村大有路350之20號,晴,無照明,縣道,50.0,單路部分,直路,路段,路肩、路緣,柏油,乾燥,無缺陷,無障礙物,無遮蔽物,良好,無號誌,無號誌,行車分向線,附標記,未繪設車道線,快慢車道分隔線,有,車輛本身,衝出路外,其他,相關跡證不足且無具體影像紀錄，當事人各執一詞，經分析後無法釐清肇事原因,死亡1;受傷0,1.0,小客車(含客、貨兩用),自用,男,40.0,未戴安全帽或未繫安全帶(未使用幼童安全椅),不明,車的狀態,其他,汽車,左前車頭(身),,,其他,相關跡證不足且無具體影像紀錄，當事人各執一詞，經分析後無法釐清肇事原因,否,120.317166,23.765011
2026,6.0,20260607.0,114916.0,A1,雲林縣警察局,雲林縣崙背鄉大有村大有路350之20號,晴,無照明,縣道,50.0,單路部分,直路,路段,路肩、路緣,柏油,乾燥,無缺陷,無障礙物,無遮蔽物,良好,無號誌,無號誌,行車分向線,附標記,未繪設車道線,快慢車道分隔線,有,車輛本身,衝出路外,其他,相關跡證不足且無具體影像紀錄，當事人各執一詞，經分析後無法釐清肇事原因,死亡1;受傷0,2.0,,,無或物(動物、堆置物),-1.0,,,,,,,,,無(非車輛駕駛人因素),尚未發現肇事因素,否,120.317166,23.765011
2026,6.0,20260607.0,172200.0,A1,高雄市政府警察局,高雄市鳥松區松藝路12號燈桿號前0.0公尺,晴,有照明未開啟或故障,市區道路,50.0,單路部分,直路,路段,慢車道,柏油,乾燥,無缺陷,無障礙物,無遮蔽物,良好,無號誌,無號誌,雙向禁止超車線,附標記,未繪設車道線,快慢車道分隔線,無,車輛本身,路上翻車、摔倒,駕駛者,恍神、緊張、心不在焉分心駕駛,死亡1;受傷0,1.0,機車,普通重型,男,25.0,戴非半罩式安全帽,不明,車的狀態,向前直行中,機車與自行車,右側車身,,,駕駛者,恍神、緊張、心不在焉分心駕駛,否,120.342824,22.668221
2026,6.0,20260607.0,172200.0,A1,高雄市政府警察局,高雄市鳥松區松藝路12號燈桿號前0.0公尺,晴,有照明未開啟或故障,市區道路,50.0,單路部分,直路,路段,慢車道,柏油,乾燥,無缺陷,無障礙物,無遮蔽物,良好,無號誌,無號誌,雙向禁止超車線,附標記,未繪設車道線,快慢車道分隔線,無,車輛本身,路上翻車、摔倒,駕駛者,恍神、緊張、心不在焉分心駕駛,死亡1;受傷0,2.0,,,無或物(動物、堆置物),0.0,,,,,,,,,無(非車輛駕駛人因素),尚未發現肇事因素,否,120.342824,22.668221
2026,6.0,20260607.0,173700.0,A1,屏東縣政府警察局,屏東縣麟洛鄉民生路興農巷,晴,有照明未開啟或故障,鄉道,30.0,單路部分,直路,路段,一般車道(未劃分快慢車道),柏油,乾燥,無缺陷,無障礙物,無遮蔽物,良好,無號誌,無號誌,無,無分向設施,未繪設車道線,未繪設快慢車道分隔線,有,車輛本身,衝出路外,駕駛者,恍神、緊張、心不在焉分心駕駛,死亡1;受傷0,1.0,機車,普通重型,女,70.0,戴半罩式安全帽,不明,車的狀態,向前直行中,其他,不明,,,駕駛者,恍神、緊張、心不在焉分心駕駛,否,120.545746,22.66058
2026,6.0,20260607.0,173700.0,A1,屏東縣政府警察局,屏東縣麟洛鄉民生路興農巷,晴,有照明未開啟或故障,鄉道,30.0,單路部分,直路,路段,一般車道(未劃分快慢車道),柏油,乾燥,無缺陷,無障礙物,無遮蔽物,良好,無號誌,無號誌,無,無分向設施,未繪設車道線,未繪設快慢車道分隔線,有,車輛本身,衝出路外,駕駛者,恍神、緊張、心不在焉分心駕駛,死亡1;受傷0,2.0,,,無或物(動物、堆置物),-1.0,,,,,,,,,無(非車輛駕駛人因素),尚未發現肇事因素,否,120.545746,22.66058
2026,6.0,20260607.0,210234.0,A1,嘉義縣警察局,嘉義縣朴子市崁前里嘉16鄉道與村里道路路口,晴,有照明且開啟,鄉道,30.0,單路部分,直路,路段,路肩、路緣,柏油,乾燥,無缺陷,無障礙物,無遮蔽物,良好,無號誌,無號誌,無,無分向設施,未繪設車道線,未繪設快慢車道分隔線,有,車輛本身,撞電桿,其他,車輛或機械操作不當(慎),死亡1;受傷0,1.0,機車,普通重型,男,64.0,戴半罩式安全帽,不明,不明,不明,機車與自行車,右側車身,,,其他,車輛或機械操作不當(慎),否,120.23798,23.436866
2026,6.0,20260607.0,210234.0,A1,嘉義縣警察局,嘉義縣朴子市崁前里嘉16鄉道與村里道路路口,晴,有照明且開啟,鄉道,30.0,單路部分,直路,路段,路肩、路緣,柏油,乾燥,無缺陷,無障礙物,無遮蔽物,良好,無號誌,無號誌,無,無分向設施,未繪設車道線,未繪設快慢車道分隔線,有,車輛本身,撞電桿,其他,車輛或機械操作不當(慎),死亡1;受傷0,2.0,,,無或物(動物、堆置物),-1.0,,,,,,,,,無(非車輛駕駛人因素),尚未發現肇事因素,否,120.23798,23.436866
2026,6.0,20260608.0,32307.0,A1,臺南市政府警察局,臺南市安南區公學路六段509號(153887路燈),雨,有照明且開啟,市區道路,50.0,交岔路,三岔路,交叉路口,交叉口附近,柏油,濕潤,無缺陷,無障礙物,無遮蔽物,良好,閃光號誌,無動作,雙向禁止超車線,無標記,車道線(無標記),未繪設快慢車道分隔線,有,車輛本身,其他,駕駛者,恍神、緊張、心不在焉分心駕駛,死亡1;受傷0,1.0,小客車(含客、貨兩用),自用,男,58.0,不明,不明,車的狀態,向前直行中,汽車,前車頭,,,駕駛者,恍神、緊張、心不在焉分心駕駛,否,120.146459,23.078223
2026,6.0,20260608.0,32307.0,A1,臺南市政府警察局,臺南市安南區公學路六段509號(153887路燈),雨,有照明且開啟,市區道路,50.0,交岔路,三岔路,交叉路口,交叉口附近,柏油,濕潤,無缺陷,無障礙物,無遮蔽物,良好,閃光號誌,無動作,雙向禁止超車線,無標記,車道線(無標記),未繪設快慢車道分隔線,有,車輛本身,其他,駕駛者,恍神、緊張、心不在焉分心駕駛,死亡1;受傷0,2.0,,,無或物(動物、堆置物),-1.0,,,,,,,,,無(非車輛駕駛人因素),尚未發現肇事因素,否,120.146459,23.078223
2026,6.0,20260608.0,63100.0,A1,臺中市政府警察局,臺中市龍井區山腳里中山二路二段 / 臺中市龍井區山腳里中山二路二段,晴,有照明未開啟或故障,市區道路,30.0,交岔路,四岔路,交叉路口,交叉路口內,柏油,乾燥,無缺陷,無障礙物,無遮蔽物,良好,無號誌,無號誌,無,無分向設施,未繪設車道線,未繪設快慢車道分隔線,無,車與車,路口交岔撞,其他,其他不當駕車行為,死亡1;受傷1,1.0,小客車(含客、貨兩用),自用,男,68.0,不明,不明,車的狀態,向前直行中,汽車,右後車尾(身),,,其他,其他不當駕車行為,否,120.538235,24.210819
2026,6.0,20260608.0,63100.0,A1,臺中市政府警察局,臺中市龍井區山腳里中山二路二段 / 臺中市龍井區山腳里中山二路二段,晴,有照明未開啟或故障,市區道路,30.0,交岔路,四岔路,交叉路口,交叉路口內,柏油,乾燥,無缺陷,無障礙物,無遮蔽物,良好,無號誌,無號誌,無,無分向設施,未繪設車道線,未繪設快慢車道分隔線,無,車與車,路口交岔撞,其他,其他不當駕車行為,死亡1;受傷1,2.0,小客車(含客、貨兩用),自用,男,48.0,繫安全帶(使用幼童安全椅),未使用,車的狀態,向前直行中,汽車,前車頭,,,其他,其他不當駕車行為,否,120.538235,24.210819
2026,6.0,20260608.0,154000.0,A1,臺南市政府警察局,臺南市安南區安中路二段與安吉路一段口,晴,有照明未開啟或故障,市區道路,60.0,交岔路,四岔路,交叉路口,交叉路口內,柏油,乾燥,無缺陷,無障礙物,無遮蔽物,良好,行車管制號誌,正常,無,無分向設施,未繪設車道線,未繪設快慢車道分隔線,無,車與車,側撞,駕駛者,右轉彎未依規定,死亡1;受傷0,1.0,曳引車,營業用,男,40.0,繫安全帶(使用幼童安全椅),未使用,車的狀態,右轉彎,汽車,右側車身,,,駕駛者,右轉彎未依規定,否,120.188386,23.046224
2026,6.0,20260608.0,154000.0,A1,臺南市政府警察局,臺南市安南區安中路二段與安吉路一段口,晴,有照明未開啟或故障,市區道路,60.0,交岔路,四岔路,交叉路口,交叉路口內,柏油,乾燥,無缺陷,無障礙物,無遮蔽物,良好,行車管制號誌,正常,無,無分向設施,未繪設車道線,未繪設快慢車道分隔線,無,車與車,側撞,駕駛者,右轉彎未依規定,死亡1;受傷0,2.0,機車,普通重型,女,52.0,戴非半罩式安全帽,未使用,車的狀態,向前直行中,機車與自行車,左側車身,,,無(車輛駕駛者因素),尚未發現肇事因素,否,120.188386,23.046224
2026,6.0,20260609.0,34800.0,A1,新北市政府警察局,新北市蘆洲區中原路59號前0.0公尺,雨,有照明且開啟,市區道路,50.0,單路部分,直路,路段,一般車道(未劃分快慢車道),柏油,濕潤,無缺陷,無障礙物,無遮蔽物,良好,無號誌,無號誌,雙向禁止超車線,無標記,車道線(無標記),未繪設快慢車道分隔線,有,人與車,穿越道路中,非駕駛者,未依標誌或標線穿越道路,死亡1;受傷0,1.0,人,行人,男,73.0,其他(無需使用保護裝備之人),非駕駛人,人的狀態,步行,其他,非汽、機及自行車,,,非駕駛者,未依標誌或標線穿越道路,否,121.457773,25.08161
2026,6.0,20260609.0,34800.0,A1,新北市政府警察局,新北市蘆洲區中原路59號前0.0公尺,雨,有照明且開啟,市區道路,50.0,單路部分,直路,路段,一般車道(未劃分快慢車道),柏油,濕潤,無缺陷,無障礙物,無遮蔽物,良好,無號誌,無號誌,雙向禁止超車線,無標記,車道線(無標記),未繪設快慢車道分隔線,有,人與車,穿越道路中,非駕駛者,未依標誌或標線穿越道路,死亡1;受傷0,2.0,小客車(含客、貨兩用),租賃車,女,47.0,繫安全帶(使用幼童安全椅),未使用,車的狀態,向前直行中,汽車,前車頭,,,駕駛者,吸食違禁物駕駛,否,121.457773,25.08161
2026,6.0,20260609.0,34800.0,A1,新北市政府警察局,新北市蘆洲區中原路59號前0.0公尺,雨,有照明且開啟,市區道路,50.0,單路部分,直路,路段,一般車道(未劃分快慢車道),柏油,濕潤,無缺陷,無障礙物,無遮蔽物,良好,無號誌,無號誌,雙向禁止超車線,無標記,車道線(無標記),未繪設快慢車道分隔線,有,人與車,穿越道路中,非駕駛者,未依標誌或標線穿越道路,死亡1;受傷0,3.0,小客車(含客、貨兩用),自用,男,66.0,繫安全帶(使用幼童安全椅),未使用,車的狀態,向前直行中,其他,不明,,,其他,因光線、視線遮蔽致生事故,否,121.457773,25.08161
2026,6.0,20260609.0,85800.0,A1,臺中市政府警察局,臺中市外埔區大東里大馬路 / 臺中市外埔區大東里大馬路,雨,有照明未開啟或故障,市區道路,30.0,交岔路,四岔路,交叉路口,交叉路口內,柏油,濕潤,無缺陷,無障礙物,無遮蔽物,良好,無號誌,無號誌,行車分向線,無標記,未繪設車道線,未繪設快慢車道分隔線,有,車與車,路口交岔撞,駕駛者,無號誌路口，左方車未讓右方車先行,死亡1;受傷0,1.0,機車,普通重型,男,65.0,戴半罩式安全帽,未使用,車的狀態,向前直行中,機車與自行車,前車頭,,,駕駛者,無號誌路口，左方車未讓右方車先行,否,120.650073,24.339531
2026,6.0,20260609.0,85800.0,A1,臺中市政府警察局,臺中市外埔區大東里大馬路 / 臺中市外埔區大東里大馬路,雨,有照明未開啟或故障,市區道路,30.0,交岔路,四岔路,交叉路口,交叉路口內,柏油,濕潤,無缺陷,無障礙物,無遮蔽物,良好,無號誌,無號誌,行車分向線,無標記,未繪設車道線,未繪設快慢車道分隔線,有,車與車,路口交岔撞,駕駛者,無號誌路口，左方車未讓右方車先行,死亡1;受傷0,2.0,小客車(含客、貨兩用),自用,女,66.0,繫安全帶(使用幼童安全椅),未使用,車的狀態,向前直行中,汽車,左後車尾(身),,,其他,其他不當駕車行為,否,120.650073,24.339531
2026,6.0,20260609.0,172400.0,A1,高雄市政府警察局,高雄市左營區勝利路 / 高雄市左營區蓮潭路,雨,有照明未開啟或故障,市區道路,50.0,交岔路,四岔路,交叉路口,交叉路口內,柏油,濕潤,無缺陷,無障礙物,無遮蔽物,良好,行車管制號誌(附設行人專用號誌),正常,雙向禁止超車線,無標記,車道線(無標記),未繪設快慢車道分隔線,無,車與車,側撞,駕駛者,右轉彎未依規定,死亡1;受傷0,1.0,小客車(含客、貨兩用),自用,女,39.0,繫安全帶(使用幼童安全椅),未使用,車的狀態,右轉彎,汽車,右前車頭(身),,,駕駛者,右轉彎未依規定,否,120.2885,22.68304
2026,6.0,20260609.0,172400.0,A1,高雄市政府警察局,高雄市左營區勝利路 / 高雄市左營區蓮潭路,雨,有照明未開啟或故障,市區道路,50.0,交岔路,四岔路,交叉路口,交叉路口內,柏油,濕潤,無缺陷,無障礙物,無遮蔽物,良好,行車管制號誌(附設行人專用號誌),正常,雙向禁止超車線,無標記,車道線(無標記),未繪設快慢車道分隔線,無,車與車,側撞,駕駛者,右轉彎未依規定,死亡1;受傷0,2.0,機車,普通重型,男,50.0,戴半罩式安全帽,未使用,車的狀態,向前直行中,機車與自行車,左側車身,,,無(車輛駕駛者因素),尚未發現肇事因素,否,120.2885,22.68304
2026,6.0,20260609.0,192600.0,A1,臺北市政府警察局,臺北市信義區莊敬路 / 臺北市信義區吳興街,雨,有照明且開啟,市區道路,50.0,交岔路,三岔路,交叉路口,交叉路口內,柏油,濕潤,無缺陷,無障礙物,無遮蔽物,良好,無號誌,無號誌,行車分向線,無標記,未繪設車道線,未繪設快慢車道分隔線,無,人與車,穿越道路中,駕駛者,車輛未依規定暫停讓行人先行,死亡1;受傷0,1.0,機車,普通重型,男,57.0,戴非半罩式安全帽,未使用,車的狀態,向前直行中,機車與自行車,前車頭,,,駕駛者,車輛未依規定暫停讓行人先行,否,121.567282,25.02696
2026,6.0,20260609.0,192600.0,A1,臺北市政府警察局,臺北市信義區莊敬路 / 臺北市信義區吳興街,雨,有照明且開啟,市區道路,50.0,交岔路,三岔路,交叉路口,交叉路口內,柏油,濕潤,無缺陷,無障礙物,無遮蔽物,良好,無號誌,無號誌,行車分向線,無標記,未繪設車道線,未繪設快慢車道分隔線,無,人與車,穿越道路中,駕駛者,車輛未依規定暫停讓行人先行,死亡1;受傷0,2.0,人,行人,女,79.0,其他(無需使用保護裝備之人),非駕駛人,人的狀態,步行,其他,非汽、機及自行車,,,無(非車輛駕駛人因素),尚未發現肇事因素,否,121.567282,25.02696
2026,6.0,20260610.0,85500.0,A1,臺南市政府警察局,臺南市永康區永大路2段口 / 臺南市永康區國光二街口,陰,有照明未開啟或故障,市區道路,50.0,交岔路,三岔路,交叉路口,交叉路口內,柏油,乾燥,無缺陷,無障礙物,無遮蔽物,良好,行車管制號誌,正常,無,無分向設施,未繪設車道線,未繪設快慢車道分隔線,無,車與車,側撞,駕駛者,違反二段式左(右)轉標誌(線),死亡1;受傷0,1.0,慢車,腳踏自行車,男,71.0,未戴安全帽或未繫安全帶(未使用幼童安全椅),未使用,車的狀態,左轉彎,機車與自行車,右側車身,,,駕駛者,違反二段式左(右)轉標誌(線),否,120.259788,23.00158
2026,6.0,20260610.0,85500.0,A1,臺南市政府警察局,臺南市永康區永大路2段口 / 臺南市永康區國光二街口,陰,有照明未開啟或故障,市區道路,50.0,交岔路,三岔路,交叉路口,交叉路口內,柏油,乾燥,無缺陷,無障礙物,無遮蔽物,良好,行車管制號誌,正常,無,無分向設施,未繪設車道線,未繪設快慢車道分隔線,無,車與車,側撞,駕駛者,違反二段式左(右)轉標誌(線),死亡1;受傷0,2.0,小客車(含客、貨兩用),自用,男,28.0,繫安全帶(使用幼童安全椅),未使用,車的狀態,向前直行中,汽車,左前車頭(身),,,駕駛者,超速駕駛,否,120.259788,23.00158