發生年度,發生月份,發生日期,發生時間,事故類別名稱,處理單位名稱警局層,發生地點,天候名稱,光線名稱,道路類別-第1當事者-名稱,速限-第1當事者,道路型態大類別名稱,道路型態子類別名稱,事故位置大類別名稱,事故位置子類別名稱,路面狀況-路面鋪裝名稱,路面狀況-路面狀態名稱,路面狀況-路面缺陷名稱,道路障礙-障礙物名稱,道路障礙-視距品質名稱,道路障礙-視距名稱,號誌-號誌種類名稱,號誌-號誌動作名稱,車道劃分設施-分向設施大類別名稱,車道劃分設施-分向設施子類別名稱,車道劃分設施-分道設施-快車道或一般車道間名稱,車道劃分設施-分道設施-快慢車道間名稱,車道劃分設施-分道設施-路面邊線名稱,事故類型及型態大類別名稱,事故類型及型態子類別名稱,肇因研判大類別名稱-主要,肇因研判子類別名稱-主要,死亡受傷人數,當事者順位,當事者區分-類別-大類別名稱-車種,當事者區分-類別-子類別名稱-車種,當事者屬-性-別名稱,當事者事故發生時年齡,保護裝備名稱,行動電話或電腦或其他相類功能裝置名稱,當事者行動狀態大類別名稱,當事者行動狀態子類別名稱,車輛撞擊部位大類別名稱-最初,車輛撞擊部位子類別名稱-最初,車輛撞擊部位大類別名稱-其他,車輛撞擊部位子類別名稱-其他,肇因研判大類別名稱-個別,肇因研判子類別名稱-個別,肇事逃逸類別名稱-是否肇逃,經度,緯度
2026,6.0,20260610.0,94938.0,A1,嘉義縣警察局,嘉義縣朴子市大葛里村里道路路口,陰,無照明,村里道路,30.0,交岔路,四岔路,交叉路口,交叉路口內,柏油,乾燥,無缺陷,無障礙物,無遮蔽物,良好,無號誌,無號誌,無,無分向設施,未繪設車道線,未繪設快慢車道分隔線,無,車與車,路口交岔撞,駕駛者,無號誌路口，左方車未讓右方車先行,死亡1;受傷1,1.0,機車,普通重型,男,55.0,戴半罩式安全帽,不明,車的狀態,向前直行中,機車與自行車,前車頭,,,駕駛者,無號誌路口，左方車未讓右方車先行,否,120.273954,23.457079
2026,6.0,20260610.0,94938.0,A1,嘉義縣警察局,嘉義縣朴子市大葛里村里道路路口,陰,無照明,村里道路,30.0,交岔路,四岔路,交叉路口,交叉路口內,柏油,乾燥,無缺陷,無障礙物,無遮蔽物,良好,無號誌,無號誌,無,無分向設施,未繪設車道線,未繪設快慢車道分隔線,無,車與車,路口交岔撞,駕駛者,無號誌路口，左方車未讓右方車先行,死亡1;受傷1,2.0,小客車(含客、貨兩用),自用,男,61.0,繫安全帶(使用幼童安全椅),未使用,車的狀態,向前直行中,汽車,左前車頭(身),,,駕駛者,未依規定減速,否,120.273954,23.457079
2026,6.0,20260610.0,120454.0,A1,桃園市政府警察局,桃園市新屋區中山西路二段692號前0.0公尺,雨,無照明,市區道路,60.0,單路部分,直路,路段,一般車道(未劃分快慢車道),柏油,濕潤,無缺陷,無障礙物,無遮蔽物,良好,無號誌,無號誌,雙向禁止超車線,無標記,車道線(無標記),未繪設快慢車道分隔線,有,車與車,對撞,駕駛者,違反其他標誌(線)禁制,死亡4;受傷2,1.0,小客車(含客、貨兩用),自用,女,60.0,繫安全帶(使用幼童安全椅),不明,車的狀態,向前直行中,汽車,前車頭,,,駕駛者,違反其他標誌(線)禁制,否,121.061474,24.982514
2026,6.0,20260610.0,120454.0,A1,桃園市政府警察局,桃園市新屋區中山西路二段692號前0.0公尺,雨,無照明,市區道路,60.0,單路部分,直路,路段,一般車道(未劃分快慢車道),柏油,濕潤,無缺陷,無障礙物,無遮蔽物,良好,無號誌,無號誌,雙向禁止超車線,無標記,車道線(無標記),未繪設快慢車道分隔線,有,車與車,對撞,駕駛者,違反其他標誌(線)禁制,死亡4;受傷2,2.0,曳引車,營業用,男,35.0,繫安全帶(使用幼童安全椅),未使用,車的狀態,向前直行中,汽車,前車頭,,,無(車輛駕駛者因素),尚未發現肇事因素,否,121.061474,24.982514
2026,6.0,20260610.0,120454.0,A1,桃園市政府警察局,桃園市新屋區中山西路二段692號前0.0公尺,雨,無照明,市區道路,60.0,單路部分,直路,路段,一般車道(未劃分快慢車道),柏油,濕潤,無缺陷,無障礙物,無遮蔽物,良好,無號誌,無號誌,雙向禁止超車線,無標記,車道線(無標記),未繪設快慢車道分隔線,有,車與車,對撞,駕駛者,違反其他標誌(線)禁制,死亡4;受傷2,3.0,人,乘客,女,73.0,繫安全帶(使用幼童安全椅),非駕駛人,人的狀態,其他,其他,非汽、機及自行車,,,無(非車輛駕駛人因素),尚未發現肇事因素,否,121.061474,24.982514
2026,6.0,20260610.0,120454.0,A1,桃園市政府警察局,桃園市新屋區中山西路二段692號前0.0公尺,雨,無照明,市區道路,60.0,單路部分,直路,路段,一般車道(未劃分快慢車道),柏油,濕潤,無缺陷,無障礙物,無遮蔽物,良好,無號誌,無號誌,雙向禁止超車線,無標記,車道線(無標記),未繪設快慢車道分隔線,有,車與車,對撞,駕駛者,違反其他標誌(線)禁制,死亡4;受傷2,4.0,人,乘客,男,65.0,繫安全帶(使用幼童安全椅),非駕駛人,人的狀態,其他,其他,非汽、機及自行車,,,無(非車輛駕駛人因素),尚未發現肇事因素,否,121.061474,24.982514
2026,6.0,20260610.0,120454.0,A1,桃園市政府警察局,桃園市新屋區中山西路二段692號前0.0公尺,雨,無照明,市區道路,60.0,單路部分,直路,路段,一般車道(未劃分快慢車道),柏油,濕潤,無缺陷,無障礙物,無遮蔽物,良好,無號誌,無號誌,雙向禁止超車線,無標記,車道線(無標記),未繪設快慢車道分隔線,有,車與車,對撞,駕駛者,違反其他標誌(線)禁制,死亡4;受傷2,5.0,人,乘客,女,64.0,繫安全帶(使用幼童安全椅),非駕駛人,人的狀態,其他,其他,非汽、機及自行車,,,無(非車輛駕駛人因素),尚未發現肇事因素,否,121.061474,24.982514
2026,6.0,20260610.0,120454.0,A1,桃園市政府警察局,桃園市新屋區中山西路二段692號前0.0公尺,雨,無照明,市區道路,60.0,單路部分,直路,路段,一般車道(未劃分快慢車道),柏油,濕潤,無缺陷,無障礙物,無遮蔽物,良好,無號誌,無號誌,雙向禁止超車線,無標記,車道線(無標記),未繪設快慢車道分隔線,有,車與車,對撞,駕駛者,違反其他標誌(線)禁制,死亡4;受傷2,6.0,人,乘客,女,61.0,繫安全帶(使用幼童安全椅),非駕駛人,人的狀態,其他,其他,非汽、機及自行車,,,無(非車輛駕駛人因素),尚未發現肇事因素,否,121.061474,24.982514
2026,6.0,20260610.0,120454.0,A1,桃園市政府警察局,桃園市新屋區中山西路二段692號前0.0公尺,雨,無照明,市區道路,60.0,單路部分,直路,路段,一般車道(未劃分快慢車道),柏油,濕潤,無缺陷,無障礙物,無遮蔽物,良好,無號誌,無號誌,雙向禁止超車線,無標記,車道線(無標記),未繪設快慢車道分隔線,有,車與車,對撞,駕駛者,違反其他標誌(線)禁制,死亡4;受傷2,7.0,,,無或物(動物、堆置物),-1.0,,,,,,,,,無(非車輛駕駛人因素),尚未發現肇事因素,否,121.061474,24.982514
2026,6.0,20260610.0,141729.0,A1,國道公路警察局,新北市三重區國道1號 28公里100.0公尺處南向輔助,雨,有照明未開啟或故障,國道,100.0,單路部分,直路,路段,快車道,柏油,濕潤,無缺陷,無障礙物,無遮蔽物,良好,無號誌,無號誌,中央分向島,寬式(50公分以上),車道線(附標記),未繪設快慢車道分隔線,有,車與車,追撞,駕駛者,恍神、緊張、心不在焉分心駕駛,死亡1;受傷1,1.0,小貨車,自用,男,49.0,繫安全帶(使用幼童安全椅),未使用,車的狀態,向前直行中,汽車,前車頭,,,駕駛者,恍神、緊張、心不在焉分心駕駛,否,121.489919,25.074959
2026,6.0,20260610.0,141729.0,A1,國道公路警察局,新北市三重區國道1號 28公里100.0公尺處南向輔助,雨,有照明未開啟或故障,國道,100.0,單路部分,直路,路段,快車道,柏油,濕潤,無缺陷,無障礙物,無遮蔽物,良好,無號誌,無號誌,中央分向島,寬式(50公分以上),車道線(附標記),未繪設快慢車道分隔線,有,車與車,追撞,駕駛者,恍神、緊張、心不在焉分心駕駛,死亡1;受傷1,2.0,小客車(含客、貨兩用),自用,男,48.0,繫安全帶(使用幼童安全椅),未使用,車的狀態,向前直行中,汽車,左後車尾(身),汽車,右前車頭(身),無(車輛駕駛者因素),尚未發現肇事因素,否,121.489919,25.074959
2026,6.0,20260610.0,141729.0,A1,國道公路警察局,新北市三重區國道1號 28公里100.0公尺處南向輔助,雨,有照明未開啟或故障,國道,100.0,單路部分,直路,路段,快車道,柏油,濕潤,無缺陷,無障礙物,無遮蔽物,良好,無號誌,無號誌,中央分向島,寬式(50公分以上),車道線(附標記),未繪設快慢車道分隔線,有,車與車,追撞,駕駛者,恍神、緊張、心不在焉分心駕駛,死亡1;受傷1,3.0,小貨車,營業用,男,22.0,繫安全帶(使用幼童安全椅),未使用,車的狀態,等待(引擎未熄火),汽車,後車尾,汽車,右前車頭(身),無(車輛駕駛者因素),尚未發現肇事因素,否,121.489919,25.074959
2026,6.0,20260610.0,141729.0,A1,國道公路警察局,新北市三重區國道1號 28公里100.0公尺處南向輔助,雨,有照明未開啟或故障,國道,100.0,單路部分,直路,路段,快車道,柏油,濕潤,無缺陷,無障礙物,無遮蔽物,良好,無號誌,無號誌,中央分向島,寬式(50公分以上),車道線(附標記),未繪設快慢車道分隔線,有,車與車,追撞,駕駛者,恍神、緊張、心不在焉分心駕駛,死亡1;受傷1,4.0,小客車(含客、貨兩用),自用,女,62.0,繫安全帶(使用幼童安全椅),未使用,車的狀態,等待(引擎未熄火),汽車,後車尾,,,無(車輛駕駛者因素),尚未發現肇事因素,否,121.489919,25.074959
2026,6.0,20260610.0,141729.0,A1,國道公路警察局,新北市三重區國道1號 28公里100.0公尺處南向輔助,雨,有照明未開啟或故障,國道,100.0,單路部分,直路,路段,快車道,柏油,濕潤,無缺陷,無障礙物,無遮蔽物,良好,無號誌,無號誌,中央分向島,寬式(50公分以上),車道線(附標記),未繪設快慢車道分隔線,有,車與車,追撞,駕駛者,恍神、緊張、心不在焉分心駕駛,死亡1;受傷1,5.0,,,無或物(動物、堆置物),-1.0,,,,,,,,,無(非車輛駕駛人因素),尚未發現肇事因素,否,121.489919,25.074959
2026,6.0,20260611.0,60700.0,A1,臺南市政府警察局,臺南市官田區隆田里中山路一段201號前,陰,無照明,市區道路,40.0,單路部分,直路,路段,慢車道,柏油,乾燥,無缺陷,無障礙物,無遮蔽物,良好,無號誌,無號誌,行車分向線,無標記,車道線(無標記),快慢車道分隔線,有,人與車,同向通行中,駕駛者,恍神、緊張、心不在焉分心駕駛,死亡1;受傷1,1.0,機車,普通重型,男,28.0,戴非半罩式安全帽,未使用,車的狀態,向前直行中,機車與自行車,前車頭,,,駕駛者,恍神、緊張、心不在焉分心駕駛,否,120.309518,23.193711
2026,6.0,20260611.0,60700.0,A1,臺南市政府警察局,臺南市官田區隆田里中山路一段201號前,陰,無照明,市區道路,40.0,單路部分,直路,路段,慢車道,柏油,乾燥,無缺陷,無障礙物,無遮蔽物,良好,無號誌,無號誌,行車分向線,無標記,車道線(無標記),快慢車道分隔線,有,人與車,同向通行中,駕駛者,恍神、緊張、心不在焉分心駕駛,死亡1;受傷1,2.0,人,輔助代步器材,女,91.0,其他(無需使用保護裝備之人),非駕駛人,人的狀態,其他,其他,非汽、機及自行車,,,非駕駛者,其他引起事故之疏失或行為,否,120.309518,23.193711
2026,6.0,20260611.0,75200.0,A1,臺南市政府警察局,臺南市下營區中營1282號前路口(南58線上),陰,有照明未開啟或故障,市區道路,30.0,交岔路,三岔路,交叉路口,交叉路口內,柏油,乾燥,無缺陷,無障礙物,無遮蔽物,良好,無號誌,無號誌,無,無分向設施,未繪設車道線,未繪設快慢車道分隔線,無,車與車,側撞,駕駛者,無號誌路口，支線道未讓幹線道先行,死亡1;受傷1,1.0,機車,普通重型,男,79.0,戴非半罩式安全帽,未使用,車的狀態,左轉彎,機車與自行車,左側車身,,,駕駛者,無號誌路口，支線道未讓幹線道先行,否,120.272488,23.216173
2026,6.0,20260611.0,75200.0,A1,臺南市政府警察局,臺南市下營區中營1282號前路口(南58線上),陰,有照明未開啟或故障,市區道路,30.0,交岔路,三岔路,交叉路口,交叉路口內,柏油,乾燥,無缺陷,無障礙物,無遮蔽物,良好,無號誌,無號誌,無,無分向設施,未繪設車道線,未繪設快慢車道分隔線,無,車與車,側撞,駕駛者,無號誌路口，支線道未讓幹線道先行,死亡1;受傷1,2.0,機車,普通重型,女,44.0,戴半罩式安全帽,未使用,車的狀態,向前直行中,機車與自行車,前車頭,,,駕駛者,未依規定減速,否,120.272488,23.216173
2026,6.0,20260611.0,101910.0,A1,臺南市政府警察局,臺南市學甲區新達里山寮70號附近,晴,有照明未開啟或故障,市區道路,50.0,交岔路,三岔路,路段,一般車道(未劃分快慢車道),柏油,乾燥,無缺陷,無障礙物,無遮蔽物,良好,無號誌,無號誌,雙向禁止超車線,附標記,未繪設車道線,未繪設快慢車道分隔線,有,車輛本身,撞路樹,駕駛者,恍神、緊張、心不在焉分心駕駛,死亡1;受傷0,1.0,小客車(含客、貨兩用),自用,男,67.0,繫安全帶(使用幼童安全椅),未使用,車的狀態,向前直行中,汽車,前車頭,,,駕駛者,恍神、緊張、心不在焉分心駕駛,否,120.205456,23.238357
2026,6.0,20260611.0,101910.0,A1,臺南市政府警察局,臺南市學甲區新達里山寮70號附近,晴,有照明未開啟或故障,市區道路,50.0,交岔路,三岔路,路段,一般車道(未劃分快慢車道),柏油,乾燥,無缺陷,無障礙物,無遮蔽物,良好,無號誌,無號誌,雙向禁止超車線,附標記,未繪設車道線,未繪設快慢車道分隔線,有,車輛本身,撞路樹,駕駛者,恍神、緊張、心不在焉分心駕駛,死亡1;受傷0,2.0,,,無或物(動物、堆置物),-1.0,,,,,,,,,無(非車輛駕駛人因素),尚未發現肇事因素,否,120.205456,23.238357
2026,6.0,20260611.0,101910.0,A1,臺南市政府警察局,臺南市學甲區新達里山寮70號附近,晴,有照明未開啟或故障,市區道路,50.0,交岔路,三岔路,路段,一般車道(未劃分快慢車道),柏油,乾燥,無缺陷,無障礙物,無遮蔽物,良好,無號誌,無號誌,雙向禁止超車線,附標記,未繪設車道線,未繪設快慢車道分隔線,有,車輛本身,撞路樹,駕駛者,恍神、緊張、心不在焉分心駕駛,死亡1;受傷0,3.0,,,無或物(動物、堆置物),-1.0,,,,,,,,,無(非車輛駕駛人因素),尚未發現肇事因素,否,120.205456,23.238357
2026,6.0,20260611.0,183900.0,A1,臺中市政府警察局,臺中市梧棲區永安里中華路一段237號前0.0公尺南,晴,有照明且開啟,市區道路,70.0,單路部分,直路,路段,快車道,柏油,乾燥,無缺陷,無障礙物,無遮蔽物,良好,無號誌,無號誌,中央分向島,寬式(50公分以上),車道線(無標記),快慢車道分隔線,有,車與車,其他,駕駛者,吸食違禁物駕駛,死亡2;受傷0,1.0,小客車(含客、貨兩用),自用,男,28.0,不明,不明,車的狀態,向前直行中,汽車,前車頭,,,駕駛者,吸食違禁物駕駛,否,120.543956,24.224019
2026,6.0,20260611.0,183900.0,A1,臺中市政府警察局,臺中市梧棲區永安里中華路一段237號前0.0公尺南,晴,有照明且開啟,市區道路,70.0,單路部分,直路,路段,快車道,柏油,乾燥,無缺陷,無障礙物,無遮蔽物,良好,無號誌,無號誌,中央分向島,寬式(50公分以上),車道線(無標記),快慢車道分隔線,有,車與車,其他,駕駛者,吸食違禁物駕駛,死亡2;受傷0,2.0,小客車(含客、貨兩用),自用,男,42.0,未戴安全帽或未繫安全帶(未使用幼童安全椅),未使用,車的狀態,靜止(引擎熄火),汽車,後車尾,,,無(車輛駕駛者因素),尚未發現肇事因素,否,120.543956,24.224019
2026,6.0,20260611.0,183900.0,A1,臺中市政府警察局,臺中市梧棲區永安里中華路一段237號前0.0公尺南,晴,有照明且開啟,市區道路,70.0,單路部分,直路,路段,快車道,柏油,乾燥,無缺陷,無障礙物,無遮蔽物,良好,無號誌,無號誌,中央分向島,寬式(50公分以上),車道線(無標記),快慢車道分隔線,有,車與車,其他,駕駛者,吸食違禁物駕駛,死亡2;受傷0,3.0,,,無或物(動物、堆置物),0.0,,,,,,,,,無(非車輛駕駛人因素),尚未發現肇事因素,否,120.543956,24.224019
2026,6.0,20260611.0,183900.0,A1,臺中市政府警察局,臺中市梧棲區永安里中華路一段237號前0.0公尺南,晴,有照明且開啟,市區道路,70.0,單路部分,直路,路段,快車道,柏油,乾燥,無缺陷,無障礙物,無遮蔽物,良好,無號誌,無號誌,中央分向島,寬式(50公分以上),車道線(無標記),快慢車道分隔線,有,車與車,其他,駕駛者,吸食違禁物駕駛,死亡2;受傷0,4.0,人,乘客,男,18.0,不明,非駕駛人,人的狀態,其他,其他,非汽、機及自行車,,,無(非車輛駕駛人因素),尚未發現肇事因素,否,120.543956,24.224019
2026,6.0,20260611.0,183900.0,A1,臺中市政府警察局,臺中市梧棲區永安里中華路一段237號前0.0公尺南,晴,有照明且開啟,市區道路,70.0,單路部分,直路,路段,快車道,柏油,乾燥,無缺陷,無障礙物,無遮蔽物,良好,無號誌,無號誌,中央分向島,寬式(50公分以上),車道線(無標記),快慢車道分隔線,有,車與車,其他,駕駛者,吸食違禁物駕駛,死亡2;受傷0,5.0,人,乘客,男,19.0,繫安全帶(使用幼童安全椅),非駕駛人,人的狀態,其他,其他,非汽、機及自行車,,,無(非車輛駕駛人因素),尚未發現肇事因素,否,120.543956,24.224019
2026,6.0,20260611.0,183900.0,A1,臺中市政府警察局,臺中市梧棲區永安里中華路一段237號前0.0公尺南,晴,有照明且開啟,市區道路,70.0,單路部分,直路,路段,快車道,柏油,乾燥,無缺陷,無障礙物,無遮蔽物,良好,無號誌,無號誌,中央分向島,寬式(50公分以上),車道線(無標記),快慢車道分隔線,有,車與車,其他,駕駛者,吸食違禁物駕駛,死亡2;受傷0,6.0,小客車(含客、貨兩用),自用,男,36.0,繫安全帶(使用幼童安全椅),未使用,車的狀態,向前直行中,其他,無撞擊,,,其他,相關跡證不足且無具體影像紀錄，當事人各執一詞，經分析後無法釐清肇事原因,否,120.543956,24.224019
2026,6.0,20260611.0,200900.0,A1,嘉義市政府警察局,嘉義市東區新開里市宅街 / 嘉義市東區新開里市宅街,雨,有照明且開啟,市區道路,50.0,交岔路,四岔路,交叉路口,交叉路口內,柏油,濕潤,無缺陷,無障礙物,無遮蔽物,良好,行車管制號誌,正常,無,無分向設施,未繪設車道線,未繪設快慢車道分隔線,無,車與車,路口交岔撞,駕駛者,闖紅燈直行,死亡1;受傷1,1.0,慢車,電動輔助自行車,女,75.0,未戴安全帽或未繫安全帶(未使用幼童安全椅),未使用,車的狀態,向前直行中,機車與自行車,右側車身,,,駕駛者,闖紅燈直行,否,120.459846,23.473677
2026,6.0,20260611.0,200900.0,A1,嘉義市政府警察局,嘉義市東區新開里市宅街 / 嘉義市東區新開里市宅街,雨,有照明且開啟,市區道路,50.0,交岔路,四岔路,交叉路口,交叉路口內,柏油,濕潤,無缺陷,無障礙物,無遮蔽物,良好,行車管制號誌,正常,無,無分向設施,未繪設車道線,未繪設快慢車道分隔線,無,車與車,路口交岔撞,駕駛者,闖紅燈直行,死亡1;受傷1,2.0,機車,普通重型,男,22.0,戴非半罩式安全帽,未使用,車的狀態,向前直行中,機車與自行車,前車頭,,,無(車輛駕駛者因素),尚未發現肇事因素,否,120.459846,23.473677
2026,6.0,20260611.0,220000.0,A1,南投縣政府警察局,南投縣竹山鎮江西路3之58號前,雨,有照明且開啟,村里道路,50.0,單路部分,直路,路段,一般車道(未劃分快慢車道),柏油,濕潤,無缺陷,無障礙物,無遮蔽物,良好,無號誌,無號誌,行車分向線,附標記,車道線(無標記),快慢車道分隔線,有,車輛本身,撞電桿,駕駛者,打瞌睡或疲勞駕駛(包括連續駕車8小時),死亡1;受傷1,1.0,小客車(含客、貨兩用),自用,女,52.0,繫安全帶(使用幼童安全椅),未使用,車的狀態,向前直行中,汽車,前車頭,,,駕駛者,打瞌睡或疲勞駕駛(包括連續駕車8小時),否,120.697818,23.765519
2026,6.0,20260611.0,220000.0,A1,南投縣政府警察局,南投縣竹山鎮江西路3之58號前,雨,有照明且開啟,村里道路,50.0,單路部分,直路,路段,一般車道(未劃分快慢車道),柏油,濕潤,無缺陷,無障礙物,無遮蔽物,良好,無號誌,無號誌,行車分向線,附標記,車道線(無標記),快慢車道分隔線,有,車輛本身,撞電桿,駕駛者,打瞌睡或疲勞駕駛(包括連續駕車8小時),死亡1;受傷1,2.0,,,無或物(動物、堆置物),-1.0,,,,,,,,,無(非車輛駕駛人因素),尚未發現肇事因素,否,120.697818,23.765519
2026,6.0,20260611.0,220000.0,A1,南投縣政府警察局,南投縣竹山鎮江西路3之58號前,雨,有照明且開啟,村里道路,50.0,單路部分,直路,路段,一般車道(未劃分快慢車道),柏油,濕潤,無缺陷,無障礙物,無遮蔽物,良好,無號誌,無號誌,行車分向線,附標記,車道線(無標記),快慢車道分隔線,有,車輛本身,撞電桿,駕駛者,打瞌睡或疲勞駕駛(包括連續駕車8小時),死亡1;受傷1,3.0,人,乘客,女,4.0,繫安全帶(使用幼童安全椅),非駕駛人,人的狀態,其他,其他,非汽、機及自行車,,,無(非車輛駕駛人因素),尚未發現肇事因素,否,120.697818,23.765519
2026,6.0,20260611.0,220000.0,A1,南投縣政府警察局,南投縣竹山鎮江西路3之58號前,雨,有照明且開啟,村里道路,50.0,單路部分,直路,路段,一般車道(未劃分快慢車道),柏油,濕潤,無缺陷,無障礙物,無遮蔽物,良好,無號誌,無號誌,行車分向線,附標記,車道線(無標記),快慢車道分隔線,有,車輛本身,撞電桿,駕駛者,打瞌睡或疲勞駕駛(包括連續駕車8小時),死亡1;受傷1,4.0,,,無或物(動物、堆置物),-1.0,,,,,,,,,無(非車輛駕駛人因素),尚未發現肇事因素,否,120.697818,23.765519
2026,6.0,20260611.0,224743.0,A1,屏東縣政府警察局,屏東縣萬巒鄉新榮路208號,雨,無照明,村里道路,50.0,單路部分,直路,路段,一般車道(未劃分快慢車道),柏油,濕潤,無缺陷,無障礙物,無遮蔽物,良好,無號誌,無號誌,行車分向線,無標記,未繪設車道線,未繪設快慢車道分隔線,有,車與車,追撞,駕駛者,恍神、緊張、心不在焉分心駕駛,死亡1;受傷0,1.0,小客車(含客、貨兩用),自用,女,58.0,繫安全帶(使用幼童安全椅),未使用,車的狀態,向前直行中,汽車,前車頭,汽車,前車頭,駕駛者,恍神、緊張、心不在焉分心駕駛,是,120.622144,22.536766
2026,6.0,20260611.0,224743.0,A1,屏東縣政府警察局,屏東縣萬巒鄉新榮路208號,雨,無照明,村里道路,50.0,單路部分,直路,路段,一般車道(未劃分快慢車道),柏油,濕潤,無缺陷,無障礙物,無遮蔽物,良好,無號誌,無號誌,行車分向線,無標記,未繪設車道線,未繪設快慢車道分隔線,有,車與車,追撞,駕駛者,恍神、緊張、心不在焉分心駕駛,死亡1;受傷0,2.0,慢車,腳踏自行車,男,47.0,未戴安全帽或未繫安全帶(未使用幼童安全椅),未使用,車的狀態,向前直行中,機車與自行車,後車尾,機車與自行車,後車尾,無(車輛駕駛者因素),尚未發現肇事因素,否,120.622144,22.536766
2026,6.0,20260612.0,63900.0,A1,彰化縣警察局,彰化縣彰化市磚󿾨里芳草街126號,雨,有照明未開啟或故障,村里道路,50.0,單路部分,直路,路段,一般車道(未劃分快慢車道),柏油,濕潤,無缺陷,無障礙物,無遮蔽物,良好,無號誌,無號誌,單向禁止超車線,無標記,未繪設車道線,未繪設快慢車道分隔線,有,車輛本身,撞電桿,駕駛者,恍神、緊張、心不在焉分心駕駛,死亡1;受傷0,1.0,機車,普通重型,女,67.0,戴半罩式安全帽,不明,車的狀態,向前直行中,機車與自行車,前車頭,,,駕駛者,恍神、緊張、心不在焉分心駕駛,否,120.515313,24.076567
2026,6.0,20260612.0,63900.0,A1,彰化縣警察局,彰化縣彰化市磚󿾨里芳草街126號,雨,有照明未開啟或故障,村里道路,50.0,單路部分,直路,路段,一般車道(未劃分快慢車道),柏油,濕潤,無缺陷,無障礙物,無遮蔽物,良好,無號誌,無號誌,單向禁止超車線,無標記,未繪設車道線,未繪設快慢車道分隔線,有,車輛本身,撞電桿,駕駛者,恍神、緊張、心不在焉分心駕駛,死亡1;受傷0,2.0,,,無或物(動物、堆置物),-1.0,,,,,,,,,無(非車輛駕駛人因素),尚未發現肇事因素,否,120.515313,24.076567
2026,6.0,20260612.0,74700.0,A1,屏東縣政府警察局,屏東縣屏東市前進里環河路前0.0公尺附近,陰,有照明未開啟或故障,市區道路,60.0,交岔路,三岔路,交叉路口,交叉路口內,柏油,乾燥,無缺陷,無障礙物,無遮蔽物,良好,行車管制號誌,無動作,中央分向島,寬式(50公分以上),車道線(無標記),快慢車道分隔線,有,車與車,側撞,駕駛者,迴轉未依規定,死亡1;受傷1,1.0,機車,普通重型,女,31.0,戴非半罩式安全帽,未使用,車的狀態,迴轉或橫越道路中,機車與自行車,左側車身,,,駕駛者,迴轉未依規定,否,120.446069,22.660836
2026,6.0,20260612.0,74700.0,A1,屏東縣政府警察局,屏東縣屏東市前進里環河路前0.0公尺附近,陰,有照明未開啟或故障,市區道路,60.0,交岔路,三岔路,交叉路口,交叉路口內,柏油,乾燥,無缺陷,無障礙物,無遮蔽物,良好,行車管制號誌,無動作,中央分向島,寬式(50公分以上),車道線(無標記),快慢車道分隔線,有,車與車,側撞,駕駛者,迴轉未依規定,死亡1;受傷1,2.0,小客車(含客、貨兩用),自用,男,32.0,繫安全帶(使用幼童安全椅),未使用,車的狀態,其他,汽車,前車頭,,,無(車輛駕駛者因素),尚未發現肇事因素,否,120.446069,22.660836
2026,6.0,20260613.0,124100.0,A1,高雄市政府警察局,高雄市永安區保安路 / 高雄市永安區保安路,晴,無照明,市區道路,50.0,交岔路,三岔路,交叉路口,交叉口附近,柏油,乾燥,無缺陷,無障礙物,無遮蔽物,良好,行車管制號誌,正常,雙向禁止超車線,無標記,車道線(無標記),未繪設快慢車道分隔線,有,車與車,其他,駕駛者,恍神、緊張、心不在焉分心駕駛,死亡1;受傷2,1.0,小客車(含客、貨兩用),自用,男,27.0,繫安全帶(使用幼童安全椅),未使用,車的狀態,向右變換車道,汽車,前車頭,,,駕駛者,恍神、緊張、心不在焉分心駕駛,否,120.234669,22.833827
2026,6.0,20260613.0,124100.0,A1,高雄市政府警察局,高雄市永安區保安路 / 高雄市永安區保安路,晴,無照明,市區道路,50.0,交岔路,三岔路,交叉路口,交叉口附近,柏油,乾燥,無缺陷,無障礙物,無遮蔽物,良好,行車管制號誌,正常,雙向禁止超車線,無標記,車道線(無標記),未繪設快慢車道分隔線,有,車與車,其他,駕駛者,恍神、緊張、心不在焉分心駕駛,死亡1;受傷2,2.0,機車,普通重型,女,65.0,戴非半罩式安全帽,不明,車的狀態,等待(引擎未熄火),機車與自行車,左側車身,,,無(車輛駕駛者因素),尚未發現肇事因素,否,120.234669,22.833827