發生年度,發生月份,發生日期,發生時間,事故類別名稱,處理單位名稱警局層,發生地點,天候名稱,光線名稱,道路類別-第1當事者-名稱,速限-第1當事者,道路型態大類別名稱,道路型態子類別名稱,事故位置大類別名稱,事故位置子類別名稱,路面狀況-路面鋪裝名稱,路面狀況-路面狀態名稱,路面狀況-路面缺陷名稱,道路障礙-障礙物名稱,道路障礙-視距品質名稱,道路障礙-視距名稱,號誌-號誌種類名稱,號誌-號誌動作名稱,車道劃分設施-分向設施大類別名稱,車道劃分設施-分向設施子類別名稱,車道劃分設施-分道設施-快車道或一般車道間名稱,車道劃分設施-分道設施-快慢車道間名稱,車道劃分設施-分道設施-路面邊線名稱,事故類型及型態大類別名稱,事故類型及型態子類別名稱,肇因研判大類別名稱-主要,肇因研判子類別名稱-主要,死亡受傷人數,當事者順位,當事者區分-類別-大類別名稱-車種,當事者區分-類別-子類別名稱-車種,當事者屬-性-別名稱,當事者事故發生時年齡,保護裝備名稱,行動電話或電腦或其他相類功能裝置名稱,當事者行動狀態大類別名稱,當事者行動狀態子類別名稱,車輛撞擊部位大類別名稱-最初,車輛撞擊部位子類別名稱-最初,車輛撞擊部位大類別名稱-其他,車輛撞擊部位子類別名稱-其他,肇因研判大類別名稱-個別,肇因研判子類別名稱-個別,肇事逃逸類別名稱-是否肇逃,經度,緯度
2026,6.0,20260613.0,124100.0,A1,高雄市政府警察局,高雄市永安區保安路 / 高雄市永安區保安路,晴,無照明,市區道路,50.0,交岔路,三岔路,交叉路口,交叉口附近,柏油,乾燥,無缺陷,無障礙物,無遮蔽物,良好,行車管制號誌,正常,雙向禁止超車線,無標記,車道線(無標記),未繪設快慢車道分隔線,有,車與車,其他,駕駛者,恍神、緊張、心不在焉分心駕駛,死亡1;受傷2,3.0,小客車(含客、貨兩用),自用,男,54.0,不明,不明,車的狀態,靜止(引擎熄火),汽車,後車尾,,,無(車輛駕駛者因素),尚未發現肇事因素,否,120.234669,22.833827
2026,6.0,20260613.0,124100.0,A1,高雄市政府警察局,高雄市永安區保安路 / 高雄市永安區保安路,晴,無照明,市區道路,50.0,交岔路,三岔路,交叉路口,交叉口附近,柏油,乾燥,無缺陷,無障礙物,無遮蔽物,良好,行車管制號誌,正常,雙向禁止超車線,無標記,車道線(無標記),未繪設快慢車道分隔線,有,車與車,其他,駕駛者,恍神、緊張、心不在焉分心駕駛,死亡1;受傷2,4.0,小客車(含客、貨兩用),自用,男,55.0,不明,不明,車的狀態,靜止(引擎熄火),汽車,左前車頭(身),,,無(車輛駕駛者因素),尚未發現肇事因素,否,120.234669,22.833827
2026,6.0,20260613.0,124100.0,A1,高雄市政府警察局,高雄市永安區保安路 / 高雄市永安區保安路,晴,無照明,市區道路,50.0,交岔路,三岔路,交叉路口,交叉口附近,柏油,乾燥,無缺陷,無障礙物,無遮蔽物,良好,行車管制號誌,正常,雙向禁止超車線,無標記,車道線(無標記),未繪設快慢車道分隔線,有,車與車,其他,駕駛者,恍神、緊張、心不在焉分心駕駛,死亡1;受傷2,5.0,,,無或物(動物、堆置物),0.0,,,,,,,,,無(非車輛駕駛人因素),尚未發現肇事因素,否,120.234669,22.833827
2026,6.0,20260613.0,124100.0,A1,高雄市政府警察局,高雄市永安區保安路 / 高雄市永安區保安路,晴,無照明,市區道路,50.0,交岔路,三岔路,交叉路口,交叉口附近,柏油,乾燥,無缺陷,無障礙物,無遮蔽物,良好,行車管制號誌,正常,雙向禁止超車線,無標記,車道線(無標記),未繪設快慢車道分隔線,有,車與車,其他,駕駛者,恍神、緊張、心不在焉分心駕駛,死亡1;受傷2,6.0,人,乘客,男,24.0,繫安全帶(使用幼童安全椅),非駕駛人,人的狀態,其他,其他,非汽、機及自行車,,,無(非車輛駕駛人因素),尚未發現肇事因素,否,120.234669,22.833827
2026,6.0,20260613.0,130600.0,A1,南投縣政府警察局,南投縣信義鄉投97線10公里,晴,無照明,其他,30.0,單路部分,彎曲路及附近,路段,一般車道(未劃分快慢車道),柏油,乾燥,無缺陷,無障礙物,無遮蔽物,良好,無號誌,無號誌,無,無分向設施,未繪設車道線,未繪設快慢車道分隔線,有,車輛本身,撞電桿,駕駛者,未依規定減速,死亡1;受傷0,1.0,機車,普通重型,男,15.0,未戴安全帽或未繫安全帶(未使用幼童安全椅),不明,車的狀態,右轉彎,機車與自行車,右側車身,,,駕駛者,未依規定減速,否,120.93913,23.797601
2026,6.0,20260613.0,130600.0,A1,南投縣政府警察局,南投縣信義鄉投97線10公里,晴,無照明,其他,30.0,單路部分,彎曲路及附近,路段,一般車道(未劃分快慢車道),柏油,乾燥,無缺陷,無障礙物,無遮蔽物,良好,無號誌,無號誌,無,無分向設施,未繪設車道線,未繪設快慢車道分隔線,有,車輛本身,撞電桿,駕駛者,未依規定減速,死亡1;受傷0,2.0,,,無或物(動物、堆置物),-1.0,,,,,,,,,無(非車輛駕駛人因素),尚未發現肇事因素,否,120.93913,23.797601
2026,6.0,20260613.0,165246.0,A1,宜蘭縣政府警察局,宜蘭縣宜蘭市環市東路3段口 / 宜蘭縣宜蘭市美宜路口,陰,有照明未開啟或故障,省道,50.0,交岔路,三岔路,交叉路口,交叉路口內,柏油,濕潤,無缺陷,無障礙物,無遮蔽物,良好,行車管制號誌,正常,中央分向島,寬式(50公分以上),車道線(附標記),寬式快慢車道分隔島(50公分以上),有,車輛本身,撞護欄(樁),其他,相關跡證不足且無具體影像紀錄，當事人各執一詞，經分析後無法釐清肇事原因,死亡1;受傷4,1.0,小客車(含客、貨兩用),自用,男,69.0,不明,不明,車的狀態,向前直行中,汽車,前車頭,,,其他,相關跡證不足且無具體影像紀錄，當事人各執一詞，經分析後無法釐清肇事原因,否,121.76899,24.769169
2026,6.0,20260613.0,165246.0,A1,宜蘭縣政府警察局,宜蘭縣宜蘭市環市東路3段口 / 宜蘭縣宜蘭市美宜路口,陰,有照明未開啟或故障,省道,50.0,交岔路,三岔路,交叉路口,交叉路口內,柏油,濕潤,無缺陷,無障礙物,無遮蔽物,良好,行車管制號誌,正常,中央分向島,寬式(50公分以上),車道線(附標記),寬式快慢車道分隔島(50公分以上),有,車輛本身,撞護欄(樁),其他,相關跡證不足且無具體影像紀錄，當事人各執一詞，經分析後無法釐清肇事原因,死亡1;受傷4,2.0,,,無或物(動物、堆置物),-1.0,,,,,,,,,無(非車輛駕駛人因素),尚未發現肇事因素,否,121.76899,24.769169
2026,6.0,20260613.0,165246.0,A1,宜蘭縣政府警察局,宜蘭縣宜蘭市環市東路3段口 / 宜蘭縣宜蘭市美宜路口,陰,有照明未開啟或故障,省道,50.0,交岔路,三岔路,交叉路口,交叉路口內,柏油,濕潤,無缺陷,無障礙物,無遮蔽物,良好,行車管制號誌,正常,中央分向島,寬式(50公分以上),車道線(附標記),寬式快慢車道分隔島(50公分以上),有,車輛本身,撞護欄(樁),其他,相關跡證不足且無具體影像紀錄，當事人各執一詞，經分析後無法釐清肇事原因,死亡1;受傷4,3.0,人,乘客,女,62.0,不明,非駕駛人,不明,不明,其他,非汽、機及自行車,,,無(非車輛駕駛人因素),尚未發現肇事因素,否,121.76899,24.769169
2026,6.0,20260613.0,165246.0,A1,宜蘭縣政府警察局,宜蘭縣宜蘭市環市東路3段口 / 宜蘭縣宜蘭市美宜路口,陰,有照明未開啟或故障,省道,50.0,交岔路,三岔路,交叉路口,交叉路口內,柏油,濕潤,無缺陷,無障礙物,無遮蔽物,良好,行車管制號誌,正常,中央分向島,寬式(50公分以上),車道線(附標記),寬式快慢車道分隔島(50公分以上),有,車輛本身,撞護欄(樁),其他,相關跡證不足且無具體影像紀錄，當事人各執一詞，經分析後無法釐清肇事原因,死亡1;受傷4,4.0,人,乘客,女,59.0,不明,非駕駛人,不明,不明,其他,非汽、機及自行車,,,無(非車輛駕駛人因素),尚未發現肇事因素,否,121.76899,24.769169
2026,6.0,20260613.0,165246.0,A1,宜蘭縣政府警察局,宜蘭縣宜蘭市環市東路3段口 / 宜蘭縣宜蘭市美宜路口,陰,有照明未開啟或故障,省道,50.0,交岔路,三岔路,交叉路口,交叉路口內,柏油,濕潤,無缺陷,無障礙物,無遮蔽物,良好,行車管制號誌,正常,中央分向島,寬式(50公分以上),車道線(附標記),寬式快慢車道分隔島(50公分以上),有,車輛本身,撞護欄(樁),其他,相關跡證不足且無具體影像紀錄，當事人各執一詞，經分析後無法釐清肇事原因,死亡1;受傷4,5.0,人,乘客,女,89.0,不明,非駕駛人,不明,不明,其他,非汽、機及自行車,,,無(非車輛駕駛人因素),尚未發現肇事因素,否,121.76899,24.769169
2026,6.0,20260613.0,165246.0,A1,宜蘭縣政府警察局,宜蘭縣宜蘭市環市東路3段口 / 宜蘭縣宜蘭市美宜路口,陰,有照明未開啟或故障,省道,50.0,交岔路,三岔路,交叉路口,交叉路口內,柏油,濕潤,無缺陷,無障礙物,無遮蔽物,良好,行車管制號誌,正常,中央分向島,寬式(50公分以上),車道線(附標記),寬式快慢車道分隔島(50公分以上),有,車輛本身,撞護欄(樁),其他,相關跡證不足且無具體影像紀錄，當事人各執一詞，經分析後無法釐清肇事原因,死亡1;受傷4,6.0,人,乘客,女,38.0,不明,非駕駛人,不明,不明,其他,非汽、機及自行車,,,無(非車輛駕駛人因素),尚未發現肇事因素,否,121.76899,24.769169
2026,6.0,20260613.0,165246.0,A1,宜蘭縣政府警察局,宜蘭縣宜蘭市環市東路3段口 / 宜蘭縣宜蘭市美宜路口,陰,有照明未開啟或故障,省道,50.0,交岔路,三岔路,交叉路口,交叉路口內,柏油,濕潤,無缺陷,無障礙物,無遮蔽物,良好,行車管制號誌,正常,中央分向島,寬式(50公分以上),車道線(附標記),寬式快慢車道分隔島(50公分以上),有,車輛本身,撞護欄(樁),其他,相關跡證不足且無具體影像紀錄，當事人各執一詞，經分析後無法釐清肇事原因,死亡1;受傷4,7.0,,,無或物(動物、堆置物),-1.0,,,,,,,,,無(非車輛駕駛人因素),尚未發現肇事因素,否,121.76899,24.769169
2026,6.0,20260613.0,213228.0,A1,彰化縣警察局,彰化縣二林鎮竹林路竹塘高幹642285GD75 前,晴,無照明,村里道路,50.0,單路部分,直路,路段,一般車道(未劃分快慢車道),柏油,乾燥,無缺陷,無障礙物,無遮蔽物,良好,無號誌,無號誌,雙向禁止超車線,無標記,未繪設車道線,未繪設快慢車道分隔線,有,車與車,對撞,駕駛者,逆向行駛,死亡2;受傷3,1.0,小客車(含客、貨兩用),自用,男,28.0,不明,不明,車的狀態,向前直行中,汽車,前車頭,,,駕駛者,逆向行駛,否,120.401554,23.887332
2026,6.0,20260613.0,213228.0,A1,彰化縣警察局,彰化縣二林鎮竹林路竹塘高幹642285GD75 前,晴,無照明,村里道路,50.0,單路部分,直路,路段,一般車道(未劃分快慢車道),柏油,乾燥,無缺陷,無障礙物,無遮蔽物,良好,無號誌,無號誌,雙向禁止超車線,無標記,未繪設車道線,未繪設快慢車道分隔線,有,車與車,對撞,駕駛者,逆向行駛,死亡2;受傷3,2.0,小客車(含客、貨兩用),自用,男,62.0,不明,不明,車的狀態,向前直行中,汽車,前車頭,,,無(車輛駕駛者因素),尚未發現肇事因素,否,120.401554,23.887332
2026,6.0,20260613.0,213228.0,A1,彰化縣警察局,彰化縣二林鎮竹林路竹塘高幹642285GD75 前,晴,無照明,村里道路,50.0,單路部分,直路,路段,一般車道(未劃分快慢車道),柏油,乾燥,無缺陷,無障礙物,無遮蔽物,良好,無號誌,無號誌,雙向禁止超車線,無標記,未繪設車道線,未繪設快慢車道分隔線,有,車與車,對撞,駕駛者,逆向行駛,死亡2;受傷3,3.0,人,乘客,女,56.0,不明,非駕駛人,不明,不明,其他,非汽、機及自行車,,,無(非車輛駕駛人因素),尚未發現肇事因素,否,120.401554,23.887332
2026,6.0,20260613.0,213228.0,A1,彰化縣警察局,彰化縣二林鎮竹林路竹塘高幹642285GD75 前,晴,無照明,村里道路,50.0,單路部分,直路,路段,一般車道(未劃分快慢車道),柏油,乾燥,無缺陷,無障礙物,無遮蔽物,良好,無號誌,無號誌,雙向禁止超車線,無標記,未繪設車道線,未繪設快慢車道分隔線,有,車與車,對撞,駕駛者,逆向行駛,死亡2;受傷3,4.0,人,乘客,男,82.0,不明,非駕駛人,不明,不明,其他,非汽、機及自行車,,,無(非車輛駕駛人因素),尚未發現肇事因素,否,120.401554,23.887332
2026,6.0,20260613.0,213228.0,A1,彰化縣警察局,彰化縣二林鎮竹林路竹塘高幹642285GD75 前,晴,無照明,村里道路,50.0,單路部分,直路,路段,一般車道(未劃分快慢車道),柏油,乾燥,無缺陷,無障礙物,無遮蔽物,良好,無號誌,無號誌,雙向禁止超車線,無標記,未繪設車道線,未繪設快慢車道分隔線,有,車與車,對撞,駕駛者,逆向行駛,死亡2;受傷3,5.0,人,乘客,男,62.0,不明,非駕駛人,人的狀態,其他,其他,非汽、機及自行車,,,無(非車輛駕駛人因素),尚未發現肇事因素,否,120.401554,23.887332
2026,6.0,20260614.0,111420.0,A1,雲林縣警察局,雲林縣土庫鎮忠孝街195103號燈桿前,雨,有照明未開啟或故障,鄉道,50.0,單路部分,直路,路段,路肩、路緣,柏油,濕潤,無缺陷,無障礙物,無遮蔽物,良好,無號誌,無號誌,行車分向線,無標記,未繪設車道線,未繪設快慢車道分隔線,有,車與車,其他,其他,其他不當駕車行為,死亡1;受傷1,1.0,小貨車,自用,男,50.0,不明,不明,車的狀態,向前直行中,汽車,前車頭,,,其他,其他不當駕車行為,否,120.355104,23.712108
2026,6.0,20260614.0,111420.0,A1,雲林縣警察局,雲林縣土庫鎮忠孝街195103號燈桿前,雨,有照明未開啟或故障,鄉道,50.0,單路部分,直路,路段,路肩、路緣,柏油,濕潤,無缺陷,無障礙物,無遮蔽物,良好,無號誌,無號誌,行車分向線,無標記,未繪設車道線,未繪設快慢車道分隔線,有,車與車,其他,其他,其他不當駕車行為,死亡1;受傷1,2.0,小貨車,自用,男,52.0,不明,不明,車的狀態,靜止(引擎熄火),汽車,後車尾,,,無(車輛駕駛者因素),尚未發現肇事因素,否,120.355104,23.712108
2026,6.0,20260614.0,111420.0,A1,雲林縣警察局,雲林縣土庫鎮忠孝街195103號燈桿前,雨,有照明未開啟或故障,鄉道,50.0,單路部分,直路,路段,路肩、路緣,柏油,濕潤,無缺陷,無障礙物,無遮蔽物,良好,無號誌,無號誌,行車分向線,無標記,未繪設車道線,未繪設快慢車道分隔線,有,車與車,其他,其他,其他不當駕車行為,死亡1;受傷1,3.0,人,乘客,男,53.0,不明,非駕駛人,人的狀態,靜立(止),其他,非汽、機及自行車,,,無(非車輛駕駛人因素),尚未發現肇事因素,否,120.355104,23.712108
2026,6.0,20260614.0,111420.0,A1,雲林縣警察局,雲林縣土庫鎮忠孝街195103號燈桿前,雨,有照明未開啟或故障,鄉道,50.0,單路部分,直路,路段,路肩、路緣,柏油,濕潤,無缺陷,無障礙物,無遮蔽物,良好,無號誌,無號誌,行車分向線,無標記,未繪設車道線,未繪設快慢車道分隔線,有,車與車,其他,其他,其他不當駕車行為,死亡1;受傷1,4.0,,,無或物(動物、堆置物),-1.0,,,,,,,,,無(非車輛駕駛人因素),尚未發現肇事因素,否,120.355104,23.712108
2026,6.0,20260614.0,111420.0,A1,雲林縣警察局,雲林縣土庫鎮忠孝街195103號燈桿前,雨,有照明未開啟或故障,鄉道,50.0,單路部分,直路,路段,路肩、路緣,柏油,濕潤,無缺陷,無障礙物,無遮蔽物,良好,無號誌,無號誌,行車分向線,無標記,未繪設車道線,未繪設快慢車道分隔線,有,車與車,其他,其他,其他不當駕車行為,死亡1;受傷1,5.0,,,無或物(動物、堆置物),-1.0,,,,,,,,,無(非車輛駕駛人因素),尚未發現肇事因素,否,120.355104,23.712108
2026,6.0,20260614.0,120300.0,A1,臺南市政府警察局,臺南市仁德區長興一街口 / 臺南市仁德區長興二街口,陰,有照明未開啟或故障,市區道路,30.0,交岔路,四岔路,交叉路口,交叉路口內,柏油,乾燥,無缺陷,無障礙物,無遮蔽物,良好,閃光號誌,正常,無,無分向設施,未繪設車道線,未繪設快慢車道分隔線,無,車與車,路口交岔撞,駕駛者,違反閃光號誌,死亡1;受傷0,1.0,機車,普通重型,男,66.0,戴非半罩式安全帽,未使用,車的狀態,向前直行中,機車與自行車,前車頭,,,駕駛者,違反閃光號誌,否,120.265223,22.993308
2026,6.0,20260614.0,120300.0,A1,臺南市政府警察局,臺南市仁德區長興一街口 / 臺南市仁德區長興二街口,陰,有照明未開啟或故障,市區道路,30.0,交岔路,四岔路,交叉路口,交叉路口內,柏油,乾燥,無缺陷,無障礙物,無遮蔽物,良好,閃光號誌,正常,無,無分向設施,未繪設車道線,未繪設快慢車道分隔線,無,車與車,路口交岔撞,駕駛者,違反閃光號誌,死亡1;受傷0,2.0,小客車(含客、貨兩用),自用,男,37.0,繫安全帶(使用幼童安全椅),未使用,車的狀態,向前直行中,汽車,右前車頭(身),,,駕駛者,違反閃光號誌,否,120.265223,22.993308
2026,6.0,20260614.0,155600.0,A1,臺南市政府警察局,臺南市中西區西門路口 / 臺南市中西區民族路口,雨,無照明,市區道路,50.0,交岔路,四岔路,交叉路口,交叉路口內,柏油,濕潤,無缺陷,無障礙物,無遮蔽物,良好,行車管制號誌,正常,無,無分向設施,未繪設車道線,未繪設快慢車道分隔線,無,車與車,側撞,駕駛者,違反其他號誌,死亡1;受傷0,1.0,小客車(含客、貨兩用),自用,男,68.0,繫安全帶(使用幼童安全椅),未使用,車的狀態,左轉彎,汽車,前車頭,,,駕駛者,違反其他號誌,否,120.200071,22.997629
2026,6.0,20260614.0,155600.0,A1,臺南市政府警察局,臺南市中西區西門路口 / 臺南市中西區民族路口,雨,無照明,市區道路,50.0,交岔路,四岔路,交叉路口,交叉路口內,柏油,濕潤,無缺陷,無障礙物,無遮蔽物,良好,行車管制號誌,正常,無,無分向設施,未繪設車道線,未繪設快慢車道分隔線,無,車與車,側撞,駕駛者,違反其他號誌,死亡1;受傷0,2.0,機車,普通重型,男,30.0,戴非半罩式安全帽,未使用,車的狀態,向前直行中,機車與自行車,左側車身,,,無(車輛駕駛者因素),尚未發現肇事因素,否,120.200071,22.997629
2026,6.0,20260614.0,155600.0,A1,臺南市政府警察局,臺南市中西區西門路口 / 臺南市中西區民族路口,雨,無照明,市區道路,50.0,交岔路,四岔路,交叉路口,交叉路口內,柏油,濕潤,無缺陷,無障礙物,無遮蔽物,良好,行車管制號誌,正常,無,無分向設施,未繪設車道線,未繪設快慢車道分隔線,無,車與車,側撞,駕駛者,違反其他號誌,死亡1;受傷0,3.0,小客車(含客、貨兩用),自用,男,48.0,繫安全帶(使用幼童安全椅),未使用,車的狀態,等待(引擎未熄火),汽車,左側車身,,,無(車輛駕駛者因素),尚未發現肇事因素,否,120.200071,22.997629
2026,6.0,20260615.0,32000.0,A1,臺中市政府警察局,臺中市霧峰區甲寅里錦州路240號前0.0公尺,雨,有照明且開啟,市區道路,50.0,單路部分,直路,路段,一般車道(未劃分快慢車道),柏油,濕潤,無缺陷,無障礙物,無遮蔽物,良好,無號誌,無號誌,無,無分向設施,未繪設車道線,未繪設快慢車道分隔線,有,車與車,追撞,其他,其他不當駕車行為,死亡1;受傷0,1.0,小客車(含客、貨兩用),自用,男,37.0,不明,不明,車的狀態,向前直行中,汽車,右前車頭(身),,,其他,其他不當駕車行為,是,120.702962,24.071581
2026,6.0,20260615.0,32000.0,A1,臺中市政府警察局,臺中市霧峰區甲寅里錦州路240號前0.0公尺,雨,有照明且開啟,市區道路,50.0,單路部分,直路,路段,一般車道(未劃分快慢車道),柏油,濕潤,無缺陷,無障礙物,無遮蔽物,良好,無號誌,無號誌,無,無分向設施,未繪設車道線,未繪設快慢車道分隔線,有,車與車,追撞,其他,其他不當駕車行為,死亡1;受傷0,2.0,慢車,腳踏自行車,女,86.0,其他(無需使用保護裝備之人),未使用,車的狀態,向前直行中,機車與自行車,後車尾,,,無(車輛駕駛者因素),尚未發現肇事因素,否,120.702962,24.071581
2026,6.0,20260615.0,32000.0,A1,臺中市政府警察局,臺中市霧峰區甲寅里錦州路240號前0.0公尺,雨,有照明且開啟,市區道路,50.0,單路部分,直路,路段,一般車道(未劃分快慢車道),柏油,濕潤,無缺陷,無障礙物,無遮蔽物,良好,無號誌,無號誌,無,無分向設施,未繪設車道線,未繪設快慢車道分隔線,有,車與車,追撞,其他,其他不當駕車行為,死亡1;受傷0,3.0,人,乘客,女,38.0,不明,非駕駛人,不明,不明,其他,非汽、機及自行車,,,無(非車輛駕駛人因素),尚未發現肇事因素,否,120.702962,24.071581
2026,6.0,20260615.0,54100.0,A1,臺北市政府警察局,臺北市南港區忠孝東路7段 / 臺北市南港區忠孝東路7段口,晴,有照明未開啟或故障,市區道路,40.0,交岔路,三岔路,交叉路口,交叉口附近,柏油,乾燥,無缺陷,無障礙物,無遮蔽物,良好,行車管制號誌(附設行人專用號誌),正常,中央分向島,寬式(50公分以上),車道線(無標記),快慢車道分隔線,無,車輛本身,撞號誌、標誌桿,駕駛者,恍神、緊張、心不在焉分心駕駛,死亡1;受傷0,1.0,機車,普通輕型,男,50.0,不明,不明,車的狀態,向前直行中,機車與自行車,前車頭,,,駕駛者,恍神、緊張、心不在焉分心駕駛,否,121.603502,25.051601
2026,6.0,20260615.0,54100.0,A1,臺北市政府警察局,臺北市南港區忠孝東路7段 / 臺北市南港區忠孝東路7段口,晴,有照明未開啟或故障,市區道路,40.0,交岔路,三岔路,交叉路口,交叉口附近,柏油,乾燥,無缺陷,無障礙物,無遮蔽物,良好,行車管制號誌(附設行人專用號誌),正常,中央分向島,寬式(50公分以上),車道線(無標記),快慢車道分隔線,無,車輛本身,撞號誌、標誌桿,駕駛者,恍神、緊張、心不在焉分心駕駛,死亡1;受傷0,2.0,,,無或物(動物、堆置物),0.0,,,,,,,,,無(非車輛駕駛人因素),尚未發現肇事因素,否,121.603502,25.051601
2026,6.0,20260615.0,73500.0,A1,臺南市政府警察局,臺南市六甲區台1線與174線與台1線路口,雨,有照明未開啟或故障,省道,70.0,交岔路,四岔路,交叉路口,交叉路口內,柏油,濕潤,無缺陷,無障礙物,無遮蔽物,良好,行車管制號誌,正常,無,無分向設施,未繪設車道線,未繪設快慢車道分隔線,無,車與車,追撞,駕駛者,未保持行車安全距離,死亡1;受傷1,1.0,大貨車,營業用,男,30.0,繫安全帶(使用幼童安全椅),未使用,車的狀態,向前直行中,汽車,前車頭,,,駕駛者,未保持行車安全距離,否,120.315475,23.240403
2026,6.0,20260615.0,73500.0,A1,臺南市政府警察局,臺南市六甲區台1線與174線與台1線路口,雨,有照明未開啟或故障,省道,70.0,交岔路,四岔路,交叉路口,交叉路口內,柏油,濕潤,無缺陷,無障礙物,無遮蔽物,良好,行車管制號誌,正常,無,無分向設施,未繪設車道線,未繪設快慢車道分隔線,無,車與車,追撞,駕駛者,未保持行車安全距離,死亡1;受傷1,2.0,小貨車,自用,男,55.0,繫安全帶(使用幼童安全椅),未使用,車的狀態,等待(引擎未熄火),汽車,右側車身,,,無(車輛駕駛者因素),尚未發現肇事因素,否,120.315475,23.240403
2026,6.0,20260615.0,73500.0,A1,臺南市政府警察局,臺南市六甲區台1線與174線與台1線路口,雨,有照明未開啟或故障,省道,70.0,交岔路,四岔路,交叉路口,交叉路口內,柏油,濕潤,無缺陷,無障礙物,無遮蔽物,良好,行車管制號誌,正常,無,無分向設施,未繪設車道線,未繪設快慢車道分隔線,無,車與車,追撞,駕駛者,未保持行車安全距離,死亡1;受傷1,3.0,機車,普通重型,男,47.0,戴非半罩式安全帽,未使用,車的狀態,等待(引擎未熄火),機車與自行車,左側車身,,,無(車輛駕駛者因素),尚未發現肇事因素,否,120.315475,23.240403
2026,6.0,20260615.0,73500.0,A1,臺南市政府警察局,臺南市六甲區台1線與174線與台1線路口,雨,有照明未開啟或故障,省道,70.0,交岔路,四岔路,交叉路口,交叉路口內,柏油,濕潤,無缺陷,無障礙物,無遮蔽物,良好,行車管制號誌,正常,無,無分向設施,未繪設車道線,未繪設快慢車道分隔線,無,車與車,追撞,駕駛者,未保持行車安全距離,死亡1;受傷1,4.0,,,無或物(動物、堆置物),-1.0,,,,,,,,,無(非車輛駕駛人因素),尚未發現肇事因素,否,120.315475,23.240403
2026,6.0,20260615.0,73500.0,A1,臺南市政府警察局,臺南市六甲區台1線與174線與台1線路口,雨,有照明未開啟或故障,省道,70.0,交岔路,四岔路,交叉路口,交叉路口內,柏油,濕潤,無缺陷,無障礙物,無遮蔽物,良好,行車管制號誌,正常,無,無分向設施,未繪設車道線,未繪設快慢車道分隔線,無,車與車,追撞,駕駛者,未保持行車安全距離,死亡1;受傷1,5.0,,,無或物(動物、堆置物),-1.0,,,,,,,,,無(非車輛駕駛人因素),尚未發現肇事因素,否,120.315475,23.240403
2026,6.0,20260615.0,83900.0,A1,新北市政府警察局,新北市三峽區建安路13之3號前0.0公尺,陰,有照明未開啟或故障,縣道,40.0,單路部分,直路,路段,一般車道(未劃分快慢車道),柏油,乾燥,無缺陷,無障礙物,無遮蔽物,良好,無號誌,無號誌,雙向禁止超車線,無標記,未繪設車道線,未繪設快慢車道分隔線,有,車與車,同向擦撞,駕駛者,未保持行車安全間隔,死亡1;受傷0,1.0,機車,普通重型,男,46.0,戴半罩式安全帽,未使用,車的狀態,向前直行中,機車與自行車,左側車身,,,駕駛者,未保持行車安全間隔,否,121.443881,24.926554
2026,6.0,20260615.0,83900.0,A1,新北市政府警察局,新北市三峽區建安路13之3號前0.0公尺,陰,有照明未開啟或故障,縣道,40.0,單路部分,直路,路段,一般車道(未劃分快慢車道),柏油,乾燥,無缺陷,無障礙物,無遮蔽物,良好,無號誌,無號誌,雙向禁止超車線,無標記,未繪設車道線,未繪設快慢車道分隔線,有,車與車,同向擦撞,駕駛者,未保持行車安全間隔,死亡1;受傷0,2.0,大客車,營業用,男,50.0,繫安全帶(使用幼童安全椅),未使用,車的狀態,向前直行中,汽車,右側車身,,,駕駛者,未保持行車安全間隔,否,121.443881,24.926554
2026,6.0,20260615.0,153800.0,A1,高雄市政府警察局,高雄市大寮區村市道188線大寮877燈桿號前0.0公尺,晴,無照明,市區道路,60.0,單路部分,直路,路段,快車道,柏油,乾燥,無缺陷,無障礙物,無遮蔽物,良好,無號誌,無號誌,中央分向島,寬式(50公分以上),車道線(無標記),快慢車道分隔線,無,車與車,其他,駕駛者,起步時未注意安全,死亡1;受傷0,1.0,慢車,腳踏自行車,女,84.0,不明,不明,車的狀態,起步,機車與自行車,左側車身,,,駕駛者,起步時未注意安全,否,120.419413,22.588324
2026,6.0,20260615.0,153800.0,A1,高雄市政府警察局,高雄市大寮區村市道188線大寮877燈桿號前0.0公尺,晴,無照明,市區道路,60.0,單路部分,直路,路段,快車道,柏油,乾燥,無缺陷,無障礙物,無遮蔽物,良好,無號誌,無號誌,中央分向島,寬式(50公分以上),車道線(無標記),快慢車道分隔線,無,車與車,其他,駕駛者,起步時未注意安全,死亡1;受傷0,2.0,小客車(含客、貨兩用),自用,男,39.0,不明,不明,車的狀態,向前直行中,汽車,前車頭,,,駕駛者,恍神、緊張、心不在焉分心駕駛,否,120.419413,22.588324
2026,6.0,20260616.0,1900.0,A1,彰化縣警察局,彰化縣埔鹽鄉永平村柳橋路6段,陰,無照明,村里道路,70.0,單路部分,直路,路段,一般車道(未劃分快慢車道),柏油,濕潤,無缺陷,無障礙物,無遮蔽物,良好,無號誌,無號誌,中央分向島,寬式(50公分以上),車道線(無標記),快慢車道分隔線,有,車與車,追撞,駕駛者,未保持行車安全距離,死亡1;受傷0,1.0,小客車(含客、貨兩用),自用,男,50.0,不明,不明,車的狀態,向前直行中,汽車,右前車頭(身),,,駕駛者,未保持行車安全距離,否,120.444947,24.023433