發生年度,發生月份,發生日期,發生時間,事故類別名稱,處理單位名稱警局層,發生地點,天候名稱,光線名稱,道路類別-第1當事者-名稱,速限-第1當事者,道路型態大類別名稱,道路型態子類別名稱,事故位置大類別名稱,事故位置子類別名稱,路面狀況-路面鋪裝名稱,路面狀況-路面狀態名稱,路面狀況-路面缺陷名稱,道路障礙-障礙物名稱,道路障礙-視距品質名稱,道路障礙-視距名稱,號誌-號誌種類名稱,號誌-號誌動作名稱,車道劃分設施-分向設施大類別名稱,車道劃分設施-分向設施子類別名稱,車道劃分設施-分道設施-快車道或一般車道間名稱,車道劃分設施-分道設施-快慢車道間名稱,車道劃分設施-分道設施-路面邊線名稱,事故類型及型態大類別名稱,事故類型及型態子類別名稱,肇因研判大類別名稱-主要,肇因研判子類別名稱-主要,死亡受傷人數,當事者順位,當事者區分-類別-大類別名稱-車種,當事者區分-類別-子類別名稱-車種,當事者屬-性-別名稱,當事者事故發生時年齡,保護裝備名稱,行動電話或電腦或其他相類功能裝置名稱,當事者行動狀態大類別名稱,當事者行動狀態子類別名稱,車輛撞擊部位大類別名稱-最初,車輛撞擊部位子類別名稱-最初,車輛撞擊部位大類別名稱-其他,車輛撞擊部位子類別名稱-其他,肇因研判大類別名稱-個別,肇因研判子類別名稱-個別,肇事逃逸類別名稱-是否肇逃,經度,緯度
2026,6.0,20260616.0,1900.0,A1,彰化縣警察局,彰化縣埔鹽鄉永平村柳橋路6段,陰,無照明,村里道路,70.0,單路部分,直路,路段,一般車道(未劃分快慢車道),柏油,濕潤,無缺陷,無障礙物,無遮蔽物,良好,無號誌,無號誌,中央分向島,寬式(50公分以上),車道線(無標記),快慢車道分隔線,有,車與車,追撞,駕駛者,未保持行車安全距離,死亡1;受傷0,2.0,慢車,腳踏自行車,男,71.0,不明,不明,車的狀態,向前直行中,機車與自行車,後車尾,,,駕駛者,未靠右行駛,否,120.444947,24.023433
2026,6.0,20260616.0,122000.0,A1,高雄市政府警察局,高雄市鳳山區五甲一路口 / 高雄市鳳山區七聖街口,晴,無照明,市區道路,40.0,交岔路,三岔路,交叉路口,交叉口附近,柏油,乾燥,無缺陷,無障礙物,無遮蔽物,良好,行車管制號誌,正常,無,無分向設施,未繪設車道線,未繪設快慢車道分隔線,無,車與車,同向擦撞,駕駛者,未保持行車安全間隔,死亡1;受傷1,1.0,機車,普通重型,男,68.0,戴半罩式安全帽,未使用,車的狀態,向前直行中,機車與自行車,左側車身,,,駕駛者,未保持行車安全間隔,否,120.3473,22.60755
2026,6.0,20260616.0,122000.0,A1,高雄市政府警察局,高雄市鳳山區五甲一路口 / 高雄市鳳山區七聖街口,晴,無照明,市區道路,40.0,交岔路,三岔路,交叉路口,交叉口附近,柏油,乾燥,無缺陷,無障礙物,無遮蔽物,良好,行車管制號誌,正常,無,無分向設施,未繪設車道線,未繪設快慢車道分隔線,無,車與車,同向擦撞,駕駛者,未保持行車安全間隔,死亡1;受傷1,2.0,機車,普通重型,男,21.0,戴半罩式安全帽,未使用,車的狀態,向前直行中,機車與自行車,右側車身,,,駕駛者,未保持行車安全間隔,否,120.3473,22.60755
2026,6.0,20260616.0,122000.0,A1,高雄市政府警察局,高雄市鳳山區五甲一路口 / 高雄市鳳山區七聖街口,晴,無照明,市區道路,40.0,交岔路,三岔路,交叉路口,交叉口附近,柏油,乾燥,無缺陷,無障礙物,無遮蔽物,良好,行車管制號誌,正常,無,無分向設施,未繪設車道線,未繪設快慢車道分隔線,無,車與車,同向擦撞,駕駛者,未保持行車安全間隔,死亡1;受傷1,3.0,人,行人,女,75.0,其他(無需使用保護裝備之人),非駕駛人,人的狀態,步行,其他,非汽、機及自行車,,,非駕駛者,未依號誌或手勢指揮(示)穿越道路,否,120.3473,22.60755
2026,6.0,20260616.0,131121.0,A1,屏東縣政府警察局,屏東縣南州鄉光華路2巷口,陰,有照明未開啟或故障,村里道路,50.0,交岔路,三岔路,路段,一般車道(未劃分快慢車道),柏油,乾燥,無缺陷,無障礙物,無遮蔽物,良好,無號誌,無號誌,行車分向線,無標記,未繪設車道線,未繪設快慢車道分隔線,有,車與車,路口交岔撞,駕駛者,無號誌路口，支線道未讓幹線道先行,死亡1;受傷0,1.0,機車,普通重型,女,70.0,戴半罩式安全帽,未使用,車的狀態,向前直行中,機車與自行車,後車尾,,,駕駛者,無號誌路口，支線道未讓幹線道先行,否,120.522758,22.48179
2026,6.0,20260616.0,131121.0,A1,屏東縣政府警察局,屏東縣南州鄉光華路2巷口,陰,有照明未開啟或故障,村里道路,50.0,交岔路,三岔路,路段,一般車道(未劃分快慢車道),柏油,乾燥,無缺陷,無障礙物,無遮蔽物,良好,無號誌,無號誌,行車分向線,無標記,未繪設車道線,未繪設快慢車道分隔線,有,車與車,路口交岔撞,駕駛者,無號誌路口，支線道未讓幹線道先行,死亡1;受傷0,2.0,小客車(含客、貨兩用),自用,男,61.0,繫安全帶(使用幼童安全椅),未使用,車的狀態,向前直行中,汽車,前車頭,,,駕駛者,恍神、緊張、心不在焉分心駕駛,否,120.522758,22.48179
2026,6.0,20260616.0,222200.0,A1,臺中市政府警察局,臺中市大雅區四德里中清路三段828號前0.0公尺,陰,有照明且開啟,市區道路,60.0,單路部分,直路,路段,路肩、路緣,柏油,濕潤,無缺陷,無障礙物,無遮蔽物,良好,無號誌,無號誌,中央分向島,寬式(50公分以上),未繪設車道線,快慢車道分隔線,有,人與車,其他,駕駛者,酒醉(後)駕駛,死亡1;受傷0,1.0,小客車(含客、貨兩用),租賃車,男,42.0,繫安全帶(使用幼童安全椅),未使用,車的狀態,向前直行中,汽車,右前車頭(身),,,駕駛者,酒醉(後)駕駛,是,120.649895,24.214085
2026,6.0,20260616.0,222200.0,A1,臺中市政府警察局,臺中市大雅區四德里中清路三段828號前0.0公尺,陰,有照明且開啟,市區道路,60.0,單路部分,直路,路段,路肩、路緣,柏油,濕潤,無缺陷,無障礙物,無遮蔽物,良好,無號誌,無號誌,中央分向島,寬式(50公分以上),未繪設車道線,快慢車道分隔線,有,人與車,其他,駕駛者,酒醉(後)駕駛,死亡1;受傷0,2.0,人,行人,男,71.0,其他(無需使用保護裝備之人),非駕駛人,人的狀態,步行,其他,非汽、機及自行車,,,非駕駛者,其他引起事故之疏失或行為,否,120.649895,24.214085
2026,6.0,20260616.0,222200.0,A1,臺中市政府警察局,臺中市大雅區四德里中清路三段828號前0.0公尺,陰,有照明且開啟,市區道路,60.0,單路部分,直路,路段,路肩、路緣,柏油,濕潤,無缺陷,無障礙物,無遮蔽物,良好,無號誌,無號誌,中央分向島,寬式(50公分以上),未繪設車道線,快慢車道分隔線,有,人與車,其他,駕駛者,酒醉(後)駕駛,死亡1;受傷0,3.0,小貨車,自用,男,54.0,未戴安全帽或未繫安全帶(未使用幼童安全椅),不明,車的狀態,靜止(引擎熄火),汽車,前車頭,,,其他,違規(臨時)停車,否,120.649895,24.214085
2026,6.0,20260616.0,222200.0,A1,臺中市政府警察局,臺中市大雅區四德里中清路三段828號前0.0公尺,陰,有照明且開啟,市區道路,60.0,單路部分,直路,路段,路肩、路緣,柏油,濕潤,無缺陷,無障礙物,無遮蔽物,良好,無號誌,無號誌,中央分向島,寬式(50公分以上),未繪設車道線,快慢車道分隔線,有,人與車,其他,駕駛者,酒醉(後)駕駛,死亡1;受傷0,4.0,小貨車,租賃小貨車,男,36.0,未戴安全帽或未繫安全帶(未使用幼童安全椅),不明,車的狀態,靜止(引擎熄火),汽車,左側車身,,,無(車輛駕駛者因素),尚未發現肇事因素,否,120.649895,24.214085
2026,6.0,20260616.0,222200.0,A1,臺中市政府警察局,臺中市大雅區四德里中清路三段828號前0.0公尺,陰,有照明且開啟,市區道路,60.0,單路部分,直路,路段,路肩、路緣,柏油,濕潤,無缺陷,無障礙物,無遮蔽物,良好,無號誌,無號誌,中央分向島,寬式(50公分以上),未繪設車道線,快慢車道分隔線,有,人與車,其他,駕駛者,酒醉(後)駕駛,死亡1;受傷0,5.0,小貨車,租賃小貨車,男,36.0,未戴安全帽或未繫安全帶(未使用幼童安全椅),不明,車的狀態,靜止(引擎熄火),汽車,左側車身,,,無(車輛駕駛者因素),尚未發現肇事因素,否,120.649895,24.214085
2026,6.0,20260616.0,222200.0,A1,臺中市政府警察局,臺中市大雅區四德里中清路三段828號前0.0公尺,陰,有照明且開啟,市區道路,60.0,單路部分,直路,路段,路肩、路緣,柏油,濕潤,無缺陷,無障礙物,無遮蔽物,良好,無號誌,無號誌,中央分向島,寬式(50公分以上),未繪設車道線,快慢車道分隔線,有,人與車,其他,駕駛者,酒醉(後)駕駛,死亡1;受傷0,6.0,小貨車,租賃小貨車,男,36.0,未戴安全帽或未繫安全帶(未使用幼童安全椅),不明,車的狀態,靜止(引擎熄火),汽車,左側車身,,,無(車輛駕駛者因素),尚未發現肇事因素,否,120.649895,24.214085
2026,6.0,20260617.0,171033.0,A1,保安警察第二總隊,苗栗縣銅鑼鄉銅鑼鄉銅科北路路燈桿A8-2-18號旁,晴,有照明未開啟或故障,市區道路,40.0,單路部分,彎曲路及附近,路段,慢車道,柏油,乾燥,無缺陷,無障礙物,無遮蔽物,良好,無號誌,無號誌,中央分向島,寬式(50公分以上),車道線(附標記),寬式快慢車道分隔島(50公分以上),有,車輛本身,路上翻車、摔倒,其他,其他不當駕車行為,死亡1;受傷0,1.0,機車,普通重型,男,37.0,不明,未使用,車的狀態,左轉彎,機車與自行車,右側車身,,,其他,其他不當駕車行為,否,120.770868,24.469323
2026,6.0,20260617.0,171033.0,A1,保安警察第二總隊,苗栗縣銅鑼鄉銅鑼鄉銅科北路路燈桿A8-2-18號旁,晴,有照明未開啟或故障,市區道路,40.0,單路部分,彎曲路及附近,路段,慢車道,柏油,乾燥,無缺陷,無障礙物,無遮蔽物,良好,無號誌,無號誌,中央分向島,寬式(50公分以上),車道線(附標記),寬式快慢車道分隔島(50公分以上),有,車輛本身,路上翻車、摔倒,其他,其他不當駕車行為,死亡1;受傷0,2.0,,,無或物(動物、堆置物),-1.0,,,,,,,,,無(非車輛駕駛人因素),尚未發現肇事因素,否,120.770868,24.469323
2026,6.0,20260617.0,173400.0,A1,新北市政府警察局,新北市新店區安祥路 / 新北市新店區安祥路,晴,無照明,市區道路,50.0,交岔路,四岔路,交叉路口,交叉口附近,柏油,乾燥,無缺陷,無障礙物,無遮蔽物,良好,閃光號誌,正常,雙向禁止超車線,附標記,未繪設車道線,未繪設快慢車道分隔線,有,車輛本身,撞護欄(樁),駕駛者,未依規定減速,死亡1;受傷2,1.0,小客車(含客、貨兩用),自用,女,74.0,繫安全帶(使用幼童安全椅),未使用,車的狀態,向前直行中,汽車,前車頭,,,駕駛者,未依規定減速,否,121.481259,24.962782
2026,6.0,20260617.0,173400.0,A1,新北市政府警察局,新北市新店區安祥路 / 新北市新店區安祥路,晴,無照明,市區道路,50.0,交岔路,四岔路,交叉路口,交叉口附近,柏油,乾燥,無缺陷,無障礙物,無遮蔽物,良好,閃光號誌,正常,雙向禁止超車線,附標記,未繪設車道線,未繪設快慢車道分隔線,有,車輛本身,撞護欄(樁),駕駛者,未依規定減速,死亡1;受傷2,2.0,,,無或物(動物、堆置物),115.0,,,,,,,,,無(非車輛駕駛人因素),尚未發現肇事因素,否,121.481259,24.962782
2026,6.0,20260617.0,173400.0,A1,新北市政府警察局,新北市新店區安祥路 / 新北市新店區安祥路,晴,無照明,市區道路,50.0,交岔路,四岔路,交叉路口,交叉口附近,柏油,乾燥,無缺陷,無障礙物,無遮蔽物,良好,閃光號誌,正常,雙向禁止超車線,附標記,未繪設車道線,未繪設快慢車道分隔線,有,車輛本身,撞護欄(樁),駕駛者,未依規定減速,死亡1;受傷2,3.0,人,乘客,男,7.0,繫安全帶(使用幼童安全椅),非駕駛人,人的狀態,其他,其他,非汽、機及自行車,,,無(非車輛駕駛人因素),尚未發現肇事因素,否,121.481259,24.962782
2026,6.0,20260617.0,173400.0,A1,新北市政府警察局,新北市新店區安祥路 / 新北市新店區安祥路,晴,無照明,市區道路,50.0,交岔路,四岔路,交叉路口,交叉口附近,柏油,乾燥,無缺陷,無障礙物,無遮蔽物,良好,閃光號誌,正常,雙向禁止超車線,附標記,未繪設車道線,未繪設快慢車道分隔線,有,車輛本身,撞護欄(樁),駕駛者,未依規定減速,死亡1;受傷2,4.0,人,乘客,男,75.0,繫安全帶(使用幼童安全椅),非駕駛人,人的狀態,其他,其他,非汽、機及自行車,,,無(非車輛駕駛人因素),尚未發現肇事因素,否,121.481259,24.962782
2026,6.0,20260617.0,191500.0,A1,臺中市政府警察局,臺中市龍井區新庄里向上路六段 / 臺中市龍井區新庄里西屯路四段,陰,有照明且開啟,市區道路,60.0,交岔路,多岔路,交叉路口,交叉路口內,柏油,乾燥,無缺陷,無障礙物,無遮蔽物,良好,行車管制號誌,正常,無,無分向設施,未繪設車道線,未繪設快慢車道分隔線,無,車與車,側撞,駕駛者,違反禁止左轉、右轉標誌,死亡1;受傷0,1.0,小客車(含客、貨兩用),自用,男,75.0,繫安全帶(使用幼童安全椅),未使用,車的狀態,右轉彎,汽車,右側車身,,,駕駛者,違反禁止左轉、右轉標誌,否,120.574199,24.184125
2026,6.0,20260617.0,191500.0,A1,臺中市政府警察局,臺中市龍井區新庄里向上路六段 / 臺中市龍井區新庄里西屯路四段,陰,有照明且開啟,市區道路,60.0,交岔路,多岔路,交叉路口,交叉路口內,柏油,乾燥,無缺陷,無障礙物,無遮蔽物,良好,行車管制號誌,正常,無,無分向設施,未繪設車道線,未繪設快慢車道分隔線,無,車與車,側撞,駕駛者,違反禁止左轉、右轉標誌,死亡1;受傷0,2.0,機車,普通重型,男,75.0,戴半罩式安全帽,未使用,車的狀態,向前直行中,機車與自行車,前車頭,,,駕駛者,未依規定減速,否,120.574199,24.184125
2026,6.0,20260617.0,220000.0,A1,臺南市政府警察局,臺南市西港區南47 4公里,晴,無照明,市區道路,50.0,單路部分,直路,路段,路肩、路緣,柏油,乾燥,無缺陷,無障礙物,無遮蔽物,良好,無號誌,無號誌,行車分向線,無標記,車道線(無標記),未繪設快慢車道分隔線,有,車輛本身,撞護欄(樁),駕駛者,恍神、緊張、心不在焉分心駕駛,死亡1;受傷0,1.0,機車,普通重型,女,24.0,戴非半罩式安全帽,未使用,車的狀態,向前直行中,機車與自行車,右側車身,,,駕駛者,恍神、緊張、心不在焉分心駕駛,否,120.214669,23.158702
2026,6.0,20260617.0,220000.0,A1,臺南市政府警察局,臺南市西港區南47 4公里,晴,無照明,市區道路,50.0,單路部分,直路,路段,路肩、路緣,柏油,乾燥,無缺陷,無障礙物,無遮蔽物,良好,無號誌,無號誌,行車分向線,無標記,車道線(無標記),未繪設快慢車道分隔線,有,車輛本身,撞護欄(樁),駕駛者,恍神、緊張、心不在焉分心駕駛,死亡1;受傷0,2.0,,,無或物(動物、堆置物),-1.0,,,,,,,,,無(非車輛駕駛人因素),尚未發現肇事因素,否,120.214669,23.158702
2026,6.0,20260618.0,53900.0,A1,臺東縣警察局,臺東縣達仁鄉安朔村台9線口 / 臺東縣達仁鄉安朔村復興路口,晴,有照明未開啟或故障,省道,60.0,交岔路,四岔路,交叉路口,交叉路口內,柏油,乾燥,無缺陷,無障礙物,無遮蔽物,良好,閃光號誌,正常,無,無分向設施,未繪設車道線,未繪設快慢車道分隔線,無,人與車,穿越道路中,非駕駛者,未依標誌或標線穿越道路,死亡1;受傷0,1.0,人,行人,男,98.0,其他(無需使用保護裝備之人),非駕駛人,人的狀態,步行,其他,非汽、機及自行車,,,非駕駛者,未依標誌或標線穿越道路,否,120.883966,22.29456
2026,6.0,20260618.0,53900.0,A1,臺東縣警察局,臺東縣達仁鄉安朔村台9線口 / 臺東縣達仁鄉安朔村復興路口,晴,有照明未開啟或故障,省道,60.0,交岔路,四岔路,交叉路口,交叉路口內,柏油,乾燥,無缺陷,無障礙物,無遮蔽物,良好,閃光號誌,正常,無,無分向設施,未繪設車道線,未繪設快慢車道分隔線,無,人與車,穿越道路中,非駕駛者,未依標誌或標線穿越道路,死亡1;受傷0,2.0,小貨車,自用,男,39.0,繫安全帶(使用幼童安全椅),未使用,車的狀態,向前直行中,汽車,前車頭,,,其他,其他不當駕車行為,否,120.883966,22.29456
2026,6.0,20260618.0,112200.0,A1,臺北市政府警察局,臺北市中正區牯嶺街52號前0.0公尺,晴,有照明未開啟或故障,市區道路,50.0,單路部分,直路,路段,一般車道(未劃分快慢車道),柏油,乾燥,無缺陷,無障礙物,無遮蔽物,良好,無號誌,無號誌,雙向禁止超車線,無標記,車道線(無標記),未繪設快慢車道分隔線,無,車與車,對撞,駕駛者,逆向行駛,死亡1;受傷1,1.0,慢車,電動輔助自行車,女,72.0,其他(無需使用保護裝備之人),未使用,車的狀態,其他,機車與自行車,前車頭,,,駕駛者,逆向行駛,否,121.517007,25.029259
2026,6.0,20260618.0,112200.0,A1,臺北市政府警察局,臺北市中正區牯嶺街52號前0.0公尺,晴,有照明未開啟或故障,市區道路,50.0,單路部分,直路,路段,一般車道(未劃分快慢車道),柏油,乾燥,無缺陷,無障礙物,無遮蔽物,良好,無號誌,無號誌,雙向禁止超車線,無標記,車道線(無標記),未繪設快慢車道分隔線,無,車與車,對撞,駕駛者,逆向行駛,死亡1;受傷1,2.0,機車,普通重型,男,34.0,戴半罩式安全帽,未使用,車的狀態,向前直行中,機車與自行車,前車頭,,,駕駛者,超速駕駛,否,121.517007,25.029259
2026,6.0,20260618.0,120950.0,A1,彰化縣警察局,彰化縣田中鎮東彰南路4段與沙崙路201巷口,晴,有照明未開啟或故障,村里道路,50.0,交岔路,四岔路,其他,其他,柏油,乾燥,無缺陷,無障礙物,無遮蔽物,良好,行車管制號誌,正常,行車分向線,無標記,車道線(無標記),未繪設快慢車道分隔線,有,車輛本身,衝出路外,駕駛者,恍神、緊張、心不在焉分心駕駛,死亡1;受傷0,1.0,機車,普通重型,男,65.0,不明,不明,車的狀態,向前直行中,機車與自行車,左側車身,,,駕駛者,恍神、緊張、心不在焉分心駕駛,否,120.576489,23.847695
2026,6.0,20260618.0,120950.0,A1,彰化縣警察局,彰化縣田中鎮東彰南路4段與沙崙路201巷口,晴,有照明未開啟或故障,村里道路,50.0,交岔路,四岔路,其他,其他,柏油,乾燥,無缺陷,無障礙物,無遮蔽物,良好,行車管制號誌,正常,行車分向線,無標記,車道線(無標記),未繪設快慢車道分隔線,有,車輛本身,衝出路外,駕駛者,恍神、緊張、心不在焉分心駕駛,死亡1;受傷0,2.0,,,無或物(動物、堆置物),-1.0,,,,,,,,,無(非車輛駕駛人因素),尚未發現肇事因素,否,120.576489,23.847695
2026,6.0,20260618.0,205753.0,A1,彰化縣警察局,彰化縣彰化市三民路46號北,晴,有照明且開啟,市區道路,50.0,單路部分,直路,路段,一般車道(未劃分快慢車道),柏油,乾燥,無缺陷,無障礙物,無遮蔽物,良好,無號誌,無號誌,雙向禁止超車線,無標記,車道線(無標記),未繪設快慢車道分隔線,無,車與車,同向擦撞,駕駛者,未保持行車安全間隔,死亡1;受傷0,1.0,慢車,電動輔助自行車,男,73.0,戴半罩式安全帽,未使用,車的狀態,向前直行中,機車與自行車,右側車身,,,駕駛者,未保持行車安全間隔,否,120.539945,24.082914
2026,6.0,20260618.0,205753.0,A1,彰化縣警察局,彰化縣彰化市三民路46號北,晴,有照明且開啟,市區道路,50.0,單路部分,直路,路段,一般車道(未劃分快慢車道),柏油,乾燥,無缺陷,無障礙物,無遮蔽物,良好,無號誌,無號誌,雙向禁止超車線,無標記,車道線(無標記),未繪設快慢車道分隔線,無,車與車,同向擦撞,駕駛者,未保持行車安全間隔,死亡1;受傷0,2.0,小客車(含客、貨兩用),自用,男,58.0,不明,不明,車的狀態,等待(引擎未熄火),汽車,左前車頭(身),,,無(車輛駕駛者因素),尚未發現肇事因素,否,120.539945,24.082914
2026,6.0,20260618.0,235957.0,A1,南投縣政府警察局,南投縣南投市祖祠橋北端(北往南),晴,有照明且開啟,市區道路,50.0,單路部分,橋樑,路段,路肩、路緣,柏油,乾燥,無缺陷,無障礙物,無遮蔽物,良好,無號誌,無號誌,行車分向線,無標記,車道線(無標記),快慢車道分隔線,有,車輛本身,撞橋樑(橋墩),其他,其他不當駕車行為,死亡1;受傷0,1.0,小客車(含客、貨兩用),自用,男,41.0,不明,不明,車的狀態,向前直行中,汽車,前車頭,,,其他,其他不當駕車行為,否,120.68911,23.925118
2026,6.0,20260618.0,235957.0,A1,南投縣政府警察局,南投縣南投市祖祠橋北端(北往南),晴,有照明且開啟,市區道路,50.0,單路部分,橋樑,路段,路肩、路緣,柏油,乾燥,無缺陷,無障礙物,無遮蔽物,良好,無號誌,無號誌,行車分向線,無標記,車道線(無標記),快慢車道分隔線,有,車輛本身,撞橋樑(橋墩),其他,其他不當駕車行為,死亡1;受傷0,2.0,,,無或物(動物、堆置物),-1.0,,,,,,,,,無(非車輛駕駛人因素),尚未發現肇事因素,否,120.68911,23.925118
2026,6.0,20260619.0,121000.0,A1,花蓮縣警察局,花蓮縣吉安鄉海岸路46-2號前0.0公尺附近,晴,有照明未開啟或故障,其他,50.0,單路部分,直路,路段,路肩、路緣,柏油,乾燥,無缺陷,無障礙物,無遮蔽物,良好,無號誌,無號誌,雙向禁止超車線,無標記,車道線(無標記),未繪設快慢車道分隔線,有,車與車,其他,駕駛者,違反其他標誌(線)禁制,死亡1;受傷0,1.0,小客車(含客、貨兩用),自用,男,53.0,繫安全帶(使用幼童安全椅),未使用,車的狀態,其他,汽車,前車頭,,,駕駛者,違反其他標誌(線)禁制,否,121.591248,23.962057
2026,6.0,20260619.0,121000.0,A1,花蓮縣警察局,花蓮縣吉安鄉海岸路46-2號前0.0公尺附近,晴,有照明未開啟或故障,其他,50.0,單路部分,直路,路段,路肩、路緣,柏油,乾燥,無缺陷,無障礙物,無遮蔽物,良好,無號誌,無號誌,雙向禁止超車線,無標記,車道線(無標記),未繪設快慢車道分隔線,有,車與車,其他,駕駛者,違反其他標誌(線)禁制,死亡1;受傷0,2.0,小貨車,自用,女,38.0,不明,不明,車的狀態,靜止(引擎熄火),汽車,左後車尾(身),汽車,右側車身,其他,違規(臨時)停車,否,121.591248,23.962057
2026,6.0,20260619.0,121000.0,A1,花蓮縣警察局,花蓮縣吉安鄉海岸路46-2號前0.0公尺附近,晴,有照明未開啟或故障,其他,50.0,單路部分,直路,路段,路肩、路緣,柏油,乾燥,無缺陷,無障礙物,無遮蔽物,良好,無號誌,無號誌,雙向禁止超車線,無標記,車道線(無標記),未繪設快慢車道分隔線,有,車與車,其他,駕駛者,違反其他標誌(線)禁制,死亡1;受傷0,3.0,小貨車,自用,女,38.0,不明,不明,車的狀態,靜止(引擎熄火),汽車,左後車尾(身),,,無(車輛駕駛者因素),尚未發現肇事因素,否,121.591248,23.962057
2026,6.0,20260619.0,130100.0,A1,臺中市政府警察局,臺中市大安區西安里台61線前0.0公尺,晴,有照明未開啟或故障,快速(公)道,80.0,單路部分,直路,路段,一般車道(未劃分快慢車道),柏油,乾燥,無缺陷,無障礙物,無遮蔽物,良好,無號誌,無號誌,中央分向島,寬式(50公分以上),車道線(無標記),未繪設快慢車道分隔線,有,車輛本身,撞護欄(樁),其他,其他不當駕車行為,死亡1;受傷0,1.0,曳引車,自用,男,64.0,不明,不明,車的狀態,向前直行中,汽車,前車頭,,,其他,其他不當駕車行為,否,120.591221,24.370235
2026,6.0,20260619.0,130100.0,A1,臺中市政府警察局,臺中市大安區西安里台61線前0.0公尺,晴,有照明未開啟或故障,快速(公)道,80.0,單路部分,直路,路段,一般車道(未劃分快慢車道),柏油,乾燥,無缺陷,無障礙物,無遮蔽物,良好,無號誌,無號誌,中央分向島,寬式(50公分以上),車道線(無標記),未繪設快慢車道分隔線,有,車輛本身,撞護欄(樁),其他,其他不當駕車行為,死亡1;受傷0,2.0,,,無或物(動物、堆置物),0.0,,,,,,,,,無(非車輛駕駛人因素),尚未發現肇事因素,否,120.591221,24.370235
2026,6.0,20260619.0,152912.0,A1,屏東縣政府警察局,屏東縣崁頂鄉衙門路7-5號前0.0公尺,晴,有照明且開啟,市區道路,50.0,交岔路,三岔路,交叉路口,交叉路口內,柏油,乾燥,無缺陷,無障礙物,無遮蔽物,良好,無號誌,無號誌,行車分向線,無標記,未繪設車道線,未繪設快慢車道分隔線,有,車與車,側撞,駕駛者,吸食違禁物駕駛,死亡1;受傷0,1.0,小客車(含客、貨兩用),自用,男,47.0,繫安全帶(使用幼童安全椅),未使用,車的狀態,右轉彎,汽車,前車頭,,,駕駛者,吸食違禁物駕駛,否,120.503391,22.512505
2026,6.0,20260619.0,152912.0,A1,屏東縣政府警察局,屏東縣崁頂鄉衙門路7-5號前0.0公尺,晴,有照明且開啟,市區道路,50.0,交岔路,三岔路,交叉路口,交叉路口內,柏油,乾燥,無缺陷,無障礙物,無遮蔽物,良好,無號誌,無號誌,行車分向線,無標記,未繪設車道線,未繪設快慢車道分隔線,有,車與車,側撞,駕駛者,吸食違禁物駕駛,死亡1;受傷0,2.0,機車,普通重型,男,61.0,戴半罩式安全帽,未使用,車的狀態,向前直行中,機車與自行車,前車頭,,,無(車輛駕駛者因素),尚未發現肇事因素,否,120.503391,22.512505
2026,6.0,20260619.0,160500.0,A1,彰化縣警察局,彰化縣福興鄉沿海路3段與管厝街口,晴,有照明未開啟或故障,村里道路,70.0,交岔路,三岔路,交叉路口,交叉路口內,柏油,乾燥,無缺陷,無障礙物,無遮蔽物,良好,行車管制號誌,正常,中央分向島,寬式(50公分以上),車道線(無標記),未繪設快慢車道分隔線,有,車與車,側撞,駕駛者,左轉彎未依規定,死亡1;受傷0,1.0,機車,普通重型,男,86.0,戴半罩式安全帽,未使用,車的狀態,左轉彎,其他,不明,,,駕駛者,左轉彎未依規定,否,120.410442,24.025801
2026,6.0,20260619.0,160500.0,A1,彰化縣警察局,彰化縣福興鄉沿海路3段與管厝街口,晴,有照明未開啟或故障,村里道路,70.0,交岔路,三岔路,交叉路口,交叉路口內,柏油,乾燥,無缺陷,無障礙物,無遮蔽物,良好,行車管制號誌,正常,中央分向島,寬式(50公分以上),車道線(無標記),未繪設快慢車道分隔線,有,車與車,側撞,駕駛者,左轉彎未依規定,死亡1;受傷0,2.0,小客車(含客、貨兩用),自用,女,34.0,繫安全帶(使用幼童安全椅),未使用,車的狀態,向前直行中,其他,不明,,,駕駛者,恍神、緊張、心不在焉分心駕駛,否,120.410442,24.025801
2026,6.0,20260619.0,232000.0,A1,臺北市政府警察局,臺北市士林區仰德大道4段 / 臺北市士林區仰德大道4段,晴,有照明且開啟,市區道路,40.0,交岔路,三岔路,交叉路口,交叉口附近,柏油,乾燥,無缺陷,無障礙物,無遮蔽物,良好,無號誌,無號誌,雙向禁止超車線,附標記,車道線(無標記),未繪設快慢車道分隔線,有,車與車,對撞,駕駛者,逆向行駛,死亡1;受傷1,1.0,小貨車,租賃小貨車,男,38.0,繫安全帶(使用幼童安全椅),未使用,車的狀態,超車(含超越),汽車,右前車頭(身),,,駕駛者,逆向行駛,否,121.547645,25.129566
2026,6.0,20260619.0,232000.0,A1,臺北市政府警察局,臺北市士林區仰德大道4段 / 臺北市士林區仰德大道4段,晴,有照明且開啟,市區道路,40.0,交岔路,三岔路,交叉路口,交叉口附近,柏油,乾燥,無缺陷,無障礙物,無遮蔽物,良好,無號誌,無號誌,雙向禁止超車線,附標記,車道線(無標記),未繪設快慢車道分隔線,有,車與車,對撞,駕駛者,逆向行駛,死亡1;受傷1,2.0,機車,普通重型,男,21.0,戴非半罩式安全帽,未使用,車的狀態,向前直行中,機車與自行車,前車頭,,,駕駛者,超速駕駛,否,121.547645,25.129566