發生年度,發生月份,發生日期,發生時間,事故類別名稱,處理單位名稱警局層,發生地點,天候名稱,光線名稱,道路類別-第1當事者-名稱,速限-第1當事者,道路型態大類別名稱,道路型態子類別名稱,事故位置大類別名稱,事故位置子類別名稱,路面狀況-路面鋪裝名稱,路面狀況-路面狀態名稱,路面狀況-路面缺陷名稱,道路障礙-障礙物名稱,道路障礙-視距品質名稱,道路障礙-視距名稱,號誌-號誌種類名稱,號誌-號誌動作名稱,車道劃分設施-分向設施大類別名稱,車道劃分設施-分向設施子類別名稱,車道劃分設施-分道設施-快車道或一般車道間名稱,車道劃分設施-分道設施-快慢車道間名稱,車道劃分設施-分道設施-路面邊線名稱,事故類型及型態大類別名稱,事故類型及型態子類別名稱,肇因研判大類別名稱-主要,肇因研判子類別名稱-主要,死亡受傷人數,當事者順位,當事者區分-類別-大類別名稱-車種,當事者區分-類別-子類別名稱-車種,當事者屬-性-別名稱,當事者事故發生時年齡,保護裝備名稱,行動電話或電腦或其他相類功能裝置名稱,當事者行動狀態大類別名稱,當事者行動狀態子類別名稱,車輛撞擊部位大類別名稱-最初,車輛撞擊部位子類別名稱-最初,車輛撞擊部位大類別名稱-其他,車輛撞擊部位子類別名稱-其他,肇因研判大類別名稱-個別,肇因研判子類別名稱-個別,肇事逃逸類別名稱-是否肇逃,經度,緯度
2026,6.0,20260620.0,71800.0,A1,新竹縣政府警察局,新竹縣竹北市蓮花路與蓮花路455巷交叉路口,晴,有照明未開啟或故障,市區道路,30.0,交岔路,四岔路,交叉路口,交叉路口內,柏油,乾燥,無缺陷,無障礙物,無遮蔽物,良好,閃光號誌,正常,無,無分向設施,未繪設車道線,未繪設快慢車道分隔線,有,車與車,路口交岔撞,駕駛者,違反閃光號誌,死亡1;受傷1,1.0,機車,普通重型,女,77.0,戴半罩式安全帽,未使用,車的狀態,向前直行中,機車與自行車,右側車身,,,駕駛者,違反閃光號誌,否,120.956825,24.872489
2026,6.0,20260620.0,71800.0,A1,新竹縣政府警察局,新竹縣竹北市蓮花路與蓮花路455巷交叉路口,晴,有照明未開啟或故障,市區道路,30.0,交岔路,四岔路,交叉路口,交叉路口內,柏油,乾燥,無缺陷,無障礙物,無遮蔽物,良好,閃光號誌,正常,無,無分向設施,未繪設車道線,未繪設快慢車道分隔線,有,車與車,路口交岔撞,駕駛者,違反閃光號誌,死亡1;受傷1,2.0,小客車(含客、貨兩用),自用,男,28.0,不明,不明,車的狀態,向前直行中,汽車,前車頭,,,駕駛者,超速駕駛,否,120.956825,24.872489
2026,6.0,20260620.0,112042.0,A1,南投縣政府警察局,南投縣仁愛鄉投85 9公里附近向中內,晴,無照明,鄉道,10.0,單路部分,坡路,路段,一般車道(未劃分快慢車道),柏油,乾燥,無缺陷,無障礙物,無遮蔽物,良好,無號誌,無號誌,無,無分向設施,未繪設車道線,未繪設快慢車道分隔線,有,車與車,對撞,駕駛者,未靠右行駛,死亡1;受傷1,1.0,大貨車,營業用,男,34.0,繫安全帶(使用幼童安全椅),未使用,車的狀態,向前直行中,汽車,左前車頭(身),,,駕駛者,未靠右行駛,否,121.189899,24.043616
2026,6.0,20260620.0,112042.0,A1,南投縣政府警察局,南投縣仁愛鄉投85 9公里附近向中內,晴,無照明,鄉道,10.0,單路部分,坡路,路段,一般車道(未劃分快慢車道),柏油,乾燥,無缺陷,無障礙物,無遮蔽物,良好,無號誌,無號誌,無,無分向設施,未繪設車道線,未繪設快慢車道分隔線,有,車與車,對撞,駕駛者,未靠右行駛,死亡1;受傷1,2.0,機車,普通重型,男,45.0,未戴安全帽或未繫安全帶(未使用幼童安全椅),未使用,車的狀態,向前直行中,機車與自行車,前車頭,,,駕駛者,未依規定減速,否,121.189899,24.043616
2026,6.0,20260620.0,112042.0,A1,南投縣政府警察局,南投縣仁愛鄉投85 9公里附近向中內,晴,無照明,鄉道,10.0,單路部分,坡路,路段,一般車道(未劃分快慢車道),柏油,乾燥,無缺陷,無障礙物,無遮蔽物,良好,無號誌,無號誌,無,無分向設施,未繪設車道線,未繪設快慢車道分隔線,有,車與車,對撞,駕駛者,未靠右行駛,死亡1;受傷1,3.0,人,乘客,女,46.0,未戴安全帽或未繫安全帶(未使用幼童安全椅),非駕駛人,人的狀態,其他,其他,無撞擊,,,無(非車輛駕駛人因素),尚未發現肇事因素,否,121.189899,24.043616
2026,6.0,20260620.0,134100.0,A1,南投縣政府警察局,南投縣南投市大庄路口 / 南投縣南投市樂利路口,晴,有照明未開啟或故障,市區道路,50.0,交岔路,三岔路,交叉路口,交叉路口內,柏油,乾燥,無缺陷,無障礙物,無遮蔽物,良好,行車管制號誌,正常,無,無分向設施,未繪設車道線,未繪設快慢車道分隔線,有,車與車,側撞,駕駛者,有號誌路口，轉彎車未讓直行車先行,死亡1;受傷2,1.0,小客車(含客、貨兩用),自用,男,69.0,繫安全帶(使用幼童安全椅),未使用,車的狀態,左轉彎,汽車,右前車頭(身),,,駕駛者,有號誌路口，轉彎車未讓直行車先行,否,120.68176,23.892554
2026,6.0,20260620.0,134100.0,A1,南投縣政府警察局,南投縣南投市大庄路口 / 南投縣南投市樂利路口,晴,有照明未開啟或故障,市區道路,50.0,交岔路,三岔路,交叉路口,交叉路口內,柏油,乾燥,無缺陷,無障礙物,無遮蔽物,良好,行車管制號誌,正常,無,無分向設施,未繪設車道線,未繪設快慢車道分隔線,有,車與車,側撞,駕駛者,有號誌路口，轉彎車未讓直行車先行,死亡1;受傷2,2.0,機車,大型重型1(550C.C.以上),男,41.0,戴半罩式安全帽,未使用,車的狀態,向前直行中,機車與自行車,前車頭,,,駕駛者,未依規定減速,否,120.68176,23.892554
2026,6.0,20260620.0,134100.0,A1,南投縣政府警察局,南投縣南投市大庄路口 / 南投縣南投市樂利路口,晴,有照明未開啟或故障,市區道路,50.0,交岔路,三岔路,交叉路口,交叉路口內,柏油,乾燥,無缺陷,無障礙物,無遮蔽物,良好,行車管制號誌,正常,無,無分向設施,未繪設車道線,未繪設快慢車道分隔線,有,車與車,側撞,駕駛者,有號誌路口，轉彎車未讓直行車先行,死亡1;受傷2,3.0,人,乘客,女,63.0,繫安全帶(使用幼童安全椅),非駕駛人,人的狀態,其他,其他,非汽、機及自行車,,,無(非車輛駕駛人因素),尚未發現肇事因素,否,120.68176,23.892554
2026,6.0,20260620.0,153400.0,A1,臺北市政府警察局,臺北市大安區敦化南路2段 / 臺北市大安區安和路2段,晴,有照明且開啟,市區道路,50.0,交岔路,多岔路,交叉路口,交叉路口內,柏油,乾燥,無缺陷,無障礙物,無遮蔽物,良好,行車管制號誌(附設行人專用號誌),正常,中央分向島,寬式(50公分以上),車道線(無標記),寬式快慢車道分隔島(50公分以上),無,車與車,側撞,駕駛者,有號誌路口，轉彎車未讓直行車先行,死亡1;受傷0,1.0,小客車(含客、貨兩用),自用,女,37.0,繫安全帶(使用幼童安全椅),未使用,車的狀態,左轉彎,汽車,右前車頭(身),,,駕駛者,有號誌路口，轉彎車未讓直行車先行,否,121.549022,25.028065
2026,6.0,20260620.0,153400.0,A1,臺北市政府警察局,臺北市大安區敦化南路2段 / 臺北市大安區安和路2段,晴,有照明且開啟,市區道路,50.0,交岔路,多岔路,交叉路口,交叉路口內,柏油,乾燥,無缺陷,無障礙物,無遮蔽物,良好,行車管制號誌(附設行人專用號誌),正常,中央分向島,寬式(50公分以上),車道線(無標記),寬式快慢車道分隔島(50公分以上),無,車與車,側撞,駕駛者,有號誌路口，轉彎車未讓直行車先行,死亡1;受傷0,2.0,機車,普通重型,男,43.0,戴半罩式安全帽,未使用,車的狀態,向前直行中,機車與自行車,前車頭,,,無(車輛駕駛者因素),尚未發現肇事因素,否,121.549022,25.028065
2026,6.0,20260620.0,194400.0,A1,彰化縣警察局,彰化縣永靖鄉西興路(永靖高幹 55Y8 K4194 CB46)旁,晴,有照明且開啟,村里道路,50.0,單路部分,直路,路段,一般車道(未劃分快慢車道),柏油,乾燥,無缺陷,無障礙物,無遮蔽物,良好,無號誌,無號誌,無,無分向設施,未繪設車道線,未繪設快慢車道分隔線,有,車輛本身,路上翻車、摔倒,駕駛者,恍神、緊張、心不在焉分心駕駛,死亡1;受傷0,1.0,機車,普通重型,男,63.0,戴非半罩式安全帽,不明,車的狀態,向前直行中,機車與自行車,右側車身,,,駕駛者,恍神、緊張、心不在焉分心駕駛,否,120.546968,23.926314
2026,6.0,20260620.0,194400.0,A1,彰化縣警察局,彰化縣永靖鄉西興路(永靖高幹 55Y8 K4194 CB46)旁,晴,有照明且開啟,村里道路,50.0,單路部分,直路,路段,一般車道(未劃分快慢車道),柏油,乾燥,無缺陷,無障礙物,無遮蔽物,良好,無號誌,無號誌,無,無分向設施,未繪設車道線,未繪設快慢車道分隔線,有,車輛本身,路上翻車、摔倒,駕駛者,恍神、緊張、心不在焉分心駕駛,死亡1;受傷0,2.0,,,無或物(動物、堆置物),-1.0,,,,,,,,,無(非車輛駕駛人因素),尚未發現肇事因素,否,120.546968,23.926314
2026,6.0,20260621.0,71939.0,A1,屏東縣政府警察局,屏東縣佳冬鄉大豐路786號前0.0公尺附近,晴,有照明未開啟或故障,省道,70.0,交岔路,三岔路,交叉路口,交叉路口內,柏油,乾燥,無缺陷,無障礙物,無遮蔽物,良好,無號誌,無號誌,中央分向島,窄式無柵欄,車道線(附標記),快慢車道分隔線,有,車與車,側撞,駕駛者,左轉彎未依規定,死亡1;受傷1,1.0,機車,普通重型,男,77.0,未戴安全帽或未繫安全帶(未使用幼童安全椅),未使用,車的狀態,左轉彎,機車與自行車,左側車身,,,駕駛者,左轉彎未依規定,否,120.558648,22.447454
2026,6.0,20260621.0,71939.0,A1,屏東縣政府警察局,屏東縣佳冬鄉大豐路786號前0.0公尺附近,晴,有照明未開啟或故障,省道,70.0,交岔路,三岔路,交叉路口,交叉路口內,柏油,乾燥,無缺陷,無障礙物,無遮蔽物,良好,無號誌,無號誌,中央分向島,窄式無柵欄,車道線(附標記),快慢車道分隔線,有,車與車,側撞,駕駛者,左轉彎未依規定,死亡1;受傷1,2.0,機車,大型重型2(250-550C.C.),男,25.0,戴半罩式安全帽,未使用,車的狀態,向前直行中,機車與自行車,前車頭,,,駕駛者,未依規定減速,否,120.558648,22.447454
2026,6.0,20260622.0,144800.0,A1,臺北市政府警察局,臺北市內湖區民權東路6段 / 臺北市內湖區民權東路6段,晴,有照明未開啟或故障,市區道路,40.0,交岔路,三岔路,交叉路口,交叉路口內,柏油,乾燥,無缺陷,無障礙物,無遮蔽物,良好,無號誌,無號誌,雙向禁止超車線,無標記,車道線(無標記),未繪設快慢車道分隔線,無,車與車,側撞,駕駛者,其他未依規定讓車,死亡1;受傷0,1.0,小客車(含客、貨兩用),自用,女,61.0,繫安全帶(使用幼童安全椅),未使用,車的狀態,左轉彎,汽車,左前車頭(身),,,駕駛者,其他未依規定讓車,否,121.5979,25.068154
2026,6.0,20260622.0,144800.0,A1,臺北市政府警察局,臺北市內湖區民權東路6段 / 臺北市內湖區民權東路6段,晴,有照明未開啟或故障,市區道路,40.0,交岔路,三岔路,交叉路口,交叉路口內,柏油,乾燥,無缺陷,無障礙物,無遮蔽物,良好,無號誌,無號誌,雙向禁止超車線,無標記,車道線(無標記),未繪設快慢車道分隔線,無,車與車,側撞,駕駛者,其他未依規定讓車,死亡1;受傷0,2.0,機車,普通重型,男,75.0,戴半罩式安全帽,未使用,車的狀態,其他,其他,不明,,,無(車輛駕駛者因素),尚未發現肇事因素,否,121.5979,25.068154
2026,6.0,20260622.0,151000.0,A1,高雄市政府警察局,高雄市仁武區水管路3段22號燈桿號前0.0公尺,晴,無照明,市區道路,60.0,單路部分,直路,路段,一般車道(未劃分快慢車道),柏油,乾燥,無缺陷,路上有停車,無遮蔽物,良好,無號誌,無號誌,中央分向島,寬式(50公分以上),禁止變換車道線(附標記),未繪設快慢車道分隔線,有,車與車,同向擦撞,駕駛者,未保持行車安全間隔,死亡1;受傷0,1.0,曳引車,營業用,男,36.0,繫安全帶(使用幼童安全椅),未使用,車的狀態,超車(含超越),汽車,右前車頭(身),,,駕駛者,未保持行車安全間隔,否,120.349087,22.701772
2026,6.0,20260622.0,151000.0,A1,高雄市政府警察局,高雄市仁武區水管路3段22號燈桿號前0.0公尺,晴,無照明,市區道路,60.0,單路部分,直路,路段,一般車道(未劃分快慢車道),柏油,乾燥,無缺陷,路上有停車,無遮蔽物,良好,無號誌,無號誌,中央分向島,寬式(50公分以上),禁止變換車道線(附標記),未繪設快慢車道分隔線,有,車與車,同向擦撞,駕駛者,未保持行車安全間隔,死亡1;受傷0,2.0,機車,普通重型,女,73.0,戴非半罩式安全帽,未使用,車的狀態,向前直行中,機車與自行車,左側車身,,,無(車輛駕駛者因素),尚未發現肇事因素,否,120.349087,22.701772
2026,6.0,20260622.0,151000.0,A1,高雄市政府警察局,高雄市仁武區水管路3段22號燈桿號前0.0公尺,晴,無照明,市區道路,60.0,單路部分,直路,路段,一般車道(未劃分快慢車道),柏油,乾燥,無缺陷,路上有停車,無遮蔽物,良好,無號誌,無號誌,中央分向島,寬式(50公分以上),禁止變換車道線(附標記),未繪設快慢車道分隔線,有,車與車,同向擦撞,駕駛者,未保持行車安全間隔,死亡1;受傷0,3.0,小客車(含客、貨兩用),自用,男,55.0,繫安全帶(使用幼童安全椅),未使用,車的狀態,靜止(引擎熄火),汽車,左側車身,,,無(車輛駕駛者因素),尚未發現肇事因素,否,120.349087,22.701772
2026,6.0,20260622.0,160400.0,A1,臺南市政府警察局,臺南市西港區金砂里燈桿090905號旁四岔路口,晴,有照明未開啟或故障,市區道路,30.0,交岔路,四岔路,交叉路口,交叉路口內,柏油,乾燥,無缺陷,無障礙物,無遮蔽物,良好,無號誌,無號誌,無,無分向設施,未繪設車道線,未繪設快慢車道分隔線,無,車與車,路口交岔撞,駕駛者,其他未依規定讓車,死亡1;受傷1,1.0,機車,普通重型,女,60.0,戴非半罩式安全帽,未使用,車的狀態,向前直行中,機車與自行車,前車頭,,,駕駛者,其他未依規定讓車,否,120.20205,23.159291
2026,6.0,20260622.0,160400.0,A1,臺南市政府警察局,臺南市西港區金砂里燈桿090905號旁四岔路口,晴,有照明未開啟或故障,市區道路,30.0,交岔路,四岔路,交叉路口,交叉路口內,柏油,乾燥,無缺陷,無障礙物,無遮蔽物,良好,無號誌,無號誌,無,無分向設施,未繪設車道線,未繪設快慢車道分隔線,無,車與車,路口交岔撞,駕駛者,其他未依規定讓車,死亡1;受傷1,2.0,小客車(含客、貨兩用),自用,男,55.0,繫安全帶(使用幼童安全椅),未使用,車的狀態,向前直行中,汽車,左前車頭(身),,,駕駛者,未依規定減速,否,120.20205,23.159291
2026,6.0,20260622.0,160400.0,A1,臺南市政府警察局,臺南市西港區金砂里燈桿090905號旁四岔路口,晴,有照明未開啟或故障,市區道路,30.0,交岔路,四岔路,交叉路口,交叉路口內,柏油,乾燥,無缺陷,無障礙物,無遮蔽物,良好,無號誌,無號誌,無,無分向設施,未繪設車道線,未繪設快慢車道分隔線,無,車與車,路口交岔撞,駕駛者,其他未依規定讓車,死亡1;受傷1,3.0,人,乘客,男,67.0,戴非半罩式安全帽,非駕駛人,人的狀態,其他,其他,非汽、機及自行車,,,無(非車輛駕駛人因素),尚未發現肇事因素,否,120.20205,23.159291
2026,6.0,20260622.0,162501.0,A1,雲林縣警察局,雲林縣斗南鎮延平路2段口 / 雲林縣斗南鎮中正路口,晴,有照明未開啟或故障,村里道路,50.0,交岔路,四岔路,交叉路口,交叉路口內,柏油,乾燥,無缺陷,無障礙物,無遮蔽物,良好,行車管制號誌(附設行人專用號誌),正常,中央分向島,寬式(50公分以上),車道線(無標記),快慢車道分隔線,有,人與車,穿越道路中,駕駛者,左轉彎未依規定,死亡1;受傷0,1.0,小貨車,自用,男,20.0,不明,不明,車的狀態,左轉彎,汽車,前車頭,,,駕駛者,左轉彎未依規定,否,120.476168,23.676145
2026,6.0,20260622.0,162501.0,A1,雲林縣警察局,雲林縣斗南鎮延平路2段口 / 雲林縣斗南鎮中正路口,晴,有照明未開啟或故障,村里道路,50.0,交岔路,四岔路,交叉路口,交叉路口內,柏油,乾燥,無缺陷,無障礙物,無遮蔽物,良好,行車管制號誌(附設行人專用號誌),正常,中央分向島,寬式(50公分以上),車道線(無標記),快慢車道分隔線,有,人與車,穿越道路中,駕駛者,左轉彎未依規定,死亡1;受傷0,2.0,人,行人,女,69.0,其他(無需使用保護裝備之人),非駕駛人,人的狀態,步行,其他,非汽、機及自行車,,,非駕駛者,穿越道路未注意左右來車,否,120.476168,23.676145
2026,6.0,20260622.0,163500.0,A1,臺東縣警察局,臺東縣池上鄉福原村仁愛路口 / 臺東縣池上鄉福原村通水巷口,晴,有照明未開啟或故障,村里道路,50.0,交岔路,四岔路,交叉路口,交叉路口內,柏油,乾燥,無缺陷,無障礙物,無遮蔽物,良好,無號誌,無號誌,無,無分向設施,未繪設車道線,未繪設快慢車道分隔線,無,車與車,路口交岔撞,駕駛者,無號誌路口，支線道未讓幹線道先行,死亡1;受傷0,1.0,機車,普通重型,男,71.0,戴非半罩式安全帽,未使用,車的狀態,向前直行中,機車與自行車,右側車身,,,駕駛者,無號誌路口，支線道未讓幹線道先行,否,121.22075,23.123124
2026,6.0,20260622.0,163500.0,A1,臺東縣警察局,臺東縣池上鄉福原村仁愛路口 / 臺東縣池上鄉福原村通水巷口,晴,有照明未開啟或故障,村里道路,50.0,交岔路,四岔路,交叉路口,交叉路口內,柏油,乾燥,無缺陷,無障礙物,無遮蔽物,良好,無號誌,無號誌,無,無分向設施,未繪設車道線,未繪設快慢車道分隔線,無,車與車,路口交岔撞,駕駛者,無號誌路口，支線道未讓幹線道先行,死亡1;受傷0,2.0,小客車(含客、貨兩用),自用,男,73.0,繫安全帶(使用幼童安全椅),未使用,車的狀態,向前直行中,汽車,前車頭,,,駕駛者,未依規定減速,否,121.22075,23.123124
2026,6.0,20260622.0,223217.0,A1,國道公路警察局,嘉義縣太保市國道1號 262公里400.0公尺處北向內側,晴,無照明,國道,110.0,單路部分,直路,路段,快車道,柏油,乾燥,無缺陷,無障礙物,無遮蔽物,良好,無號誌,無號誌,中央分向島,寬式(50公分以上),車道線(附標記),未繪設快慢車道分隔線,有,車與車,追撞,駕駛者,恍神、緊張、心不在焉分心駕駛,死亡2;受傷3,1.0,小客車(含客、貨兩用),自用,男,35.0,繫安全帶(使用幼童安全椅),未使用,車的狀態,向前直行中,汽車,前車頭,汽車,左後車尾(身),駕駛者,恍神、緊張、心不在焉分心駕駛,否,120.403139,23.512105
2026,6.0,20260622.0,223217.0,A1,國道公路警察局,嘉義縣太保市國道1號 262公里400.0公尺處北向內側,晴,無照明,國道,110.0,單路部分,直路,路段,快車道,柏油,乾燥,無缺陷,無障礙物,無遮蔽物,良好,無號誌,無號誌,中央分向島,寬式(50公分以上),車道線(附標記),未繪設快慢車道分隔線,有,車與車,追撞,駕駛者,恍神、緊張、心不在焉分心駕駛,死亡2;受傷3,2.0,小客車(含客、貨兩用),自用,女,41.0,繫安全帶(使用幼童安全椅),未使用,車的狀態,向前直行中,汽車,後車尾,汽車,左前車頭(身),無(車輛駕駛者因素),尚未發現肇事因素,否,120.403139,23.512105
2026,6.0,20260622.0,223217.0,A1,國道公路警察局,嘉義縣太保市國道1號 262公里400.0公尺處北向內側,晴,無照明,國道,110.0,單路部分,直路,路段,快車道,柏油,乾燥,無缺陷,無障礙物,無遮蔽物,良好,無號誌,無號誌,中央分向島,寬式(50公分以上),車道線(附標記),未繪設快慢車道分隔線,有,車與車,追撞,駕駛者,恍神、緊張、心不在焉分心駕駛,死亡2;受傷3,3.0,,,無或物(動物、堆置物),-1.0,,,,,,,,,無(非車輛駕駛人因素),尚未發現肇事因素,否,120.403139,23.512105
2026,6.0,20260622.0,223217.0,A1,國道公路警察局,嘉義縣太保市國道1號 262公里400.0公尺處北向內側,晴,無照明,國道,110.0,單路部分,直路,路段,快車道,柏油,乾燥,無缺陷,無障礙物,無遮蔽物,良好,無號誌,無號誌,中央分向島,寬式(50公分以上),車道線(附標記),未繪設快慢車道分隔線,有,車與車,追撞,駕駛者,恍神、緊張、心不在焉分心駕駛,死亡2;受傷3,4.0,小客車(含客、貨兩用),自用,男,49.0,繫安全帶(使用幼童安全椅),未使用,車的狀態,等待(引擎未熄火),汽車,後車尾,,,無(車輛駕駛者因素),尚未發現肇事因素,是,120.403139,23.512105
2026,6.0,20260622.0,223217.0,A1,國道公路警察局,嘉義縣太保市國道1號 262公里400.0公尺處北向內側,晴,無照明,國道,110.0,單路部分,直路,路段,快車道,柏油,乾燥,無缺陷,無障礙物,無遮蔽物,良好,無號誌,無號誌,中央分向島,寬式(50公分以上),車道線(附標記),未繪設快慢車道分隔線,有,車與車,追撞,駕駛者,恍神、緊張、心不在焉分心駕駛,死亡2;受傷3,5.0,小客車(含客、貨兩用),自用,女,51.0,繫安全帶(使用幼童安全椅),未使用,車的狀態,向前直行中,汽車,左後車尾(身),,,無(車輛駕駛者因素),尚未發現肇事因素,否,120.403139,23.512105
2026,6.0,20260622.0,223217.0,A1,國道公路警察局,嘉義縣太保市國道1號 262公里400.0公尺處北向內側,晴,無照明,國道,110.0,單路部分,直路,路段,快車道,柏油,乾燥,無缺陷,無障礙物,無遮蔽物,良好,無號誌,無號誌,中央分向島,寬式(50公分以上),車道線(附標記),未繪設快慢車道分隔線,有,車與車,追撞,駕駛者,恍神、緊張、心不在焉分心駕駛,死亡2;受傷3,6.0,,,無或物(動物、堆置物),-1.0,,,,,,,,,無(非車輛駕駛人因素),尚未發現肇事因素,否,120.403139,23.512105
2026,6.0,20260622.0,223217.0,A1,國道公路警察局,嘉義縣太保市國道1號 262公里400.0公尺處北向內側,晴,無照明,國道,110.0,單路部分,直路,路段,快車道,柏油,乾燥,無缺陷,無障礙物,無遮蔽物,良好,無號誌,無號誌,中央分向島,寬式(50公分以上),車道線(附標記),未繪設快慢車道分隔線,有,車與車,追撞,駕駛者,恍神、緊張、心不在焉分心駕駛,死亡2;受傷3,7.0,人,乘客,男,33.0,繫安全帶(使用幼童安全椅),非駕駛人,人的狀態,其他,其他,非汽、機及自行車,,,無(非車輛駕駛人因素),尚未發現肇事因素,否,120.403139,23.512105
2026,6.0,20260622.0,223217.0,A1,國道公路警察局,嘉義縣太保市國道1號 262公里400.0公尺處北向內側,晴,無照明,國道,110.0,單路部分,直路,路段,快車道,柏油,乾燥,無缺陷,無障礙物,無遮蔽物,良好,無號誌,無號誌,中央分向島,寬式(50公分以上),車道線(附標記),未繪設快慢車道分隔線,有,車與車,追撞,駕駛者,恍神、緊張、心不在焉分心駕駛,死亡2;受傷3,8.0,人,乘客,女,66.0,繫安全帶(使用幼童安全椅),非駕駛人,人的狀態,其他,其他,非汽、機及自行車,,,無(非車輛駕駛人因素),尚未發現肇事因素,否,120.403139,23.512105
2026,6.0,20260622.0,223217.0,A1,國道公路警察局,嘉義縣太保市國道1號 262公里400.0公尺處北向內側,晴,無照明,國道,110.0,單路部分,直路,路段,快車道,柏油,乾燥,無缺陷,無障礙物,無遮蔽物,良好,無號誌,無號誌,中央分向島,寬式(50公分以上),車道線(附標記),未繪設快慢車道分隔線,有,車與車,追撞,駕駛者,恍神、緊張、心不在焉分心駕駛,死亡2;受傷3,9.0,人,乘客,女,31.0,繫安全帶(使用幼童安全椅),非駕駛人,人的狀態,其他,其他,非汽、機及自行車,,,無(非車輛駕駛人因素),尚未發現肇事因素,否,120.403139,23.512105
2026,6.0,20260623.0,13508.0,A1,新竹縣政府警察局,新竹縣芎林鄉光明路45號旁,晴,有照明且開啟,縣道,50.0,單路部分,直路,路段,一般車道(未劃分快慢車道),柏油,乾燥,無缺陷,無障礙物,無遮蔽物,良好,無號誌,無號誌,行車分向線,無標記,未繪設車道線,未繪設快慢車道分隔線,有,人與車,其他,駕駛者,恍神、緊張、心不在焉分心駕駛,死亡1;受傷1,1.0,機車,普通重型,男,27.0,不明,不明,車的狀態,向前直行中,機車與自行車,前車頭,機車與自行車,前車頭,駕駛者,恍神、緊張、心不在焉分心駕駛,否,121.075977,24.778624
2026,6.0,20260623.0,13508.0,A1,新竹縣政府警察局,新竹縣芎林鄉光明路45號旁,晴,有照明且開啟,縣道,50.0,單路部分,直路,路段,一般車道(未劃分快慢車道),柏油,乾燥,無缺陷,無障礙物,無遮蔽物,良好,無號誌,無號誌,行車分向線,無標記,未繪設車道線,未繪設快慢車道分隔線,有,人與車,其他,駕駛者,恍神、緊張、心不在焉分心駕駛,死亡1;受傷1,2.0,人,行人,女,55.0,其他(無需使用保護裝備之人),非駕駛人,人的狀態,靜立(止),其他,非汽、機及自行車,其他,非汽、機及自行車,非駕駛者,其他引起事故之疏失或行為,否,121.075977,24.778624
2026,6.0,20260624.0,82400.0,A1,新北市政府警察局,新北市板橋區北門街 / 新北市板橋區西門街,晴,有照明未開啟或故障,市區道路,30.0,交岔路,三岔路,交叉路口,交叉口附近,柏油,乾燥,無缺陷,無障礙物,無遮蔽物,良好,無號誌,無號誌,雙向禁止超車線,無標記,未繪設車道線,未繪設快慢車道分隔線,無,人與車,穿越道路中,駕駛者,車輛未依規定暫停讓行人先行,死亡1;受傷0,1.0,大客車,公營公車,男,53.0,繫安全帶(使用幼童安全椅),未使用,車的狀態,右轉彎,汽車,右前車頭(身),,,駕駛者,車輛未依規定暫停讓行人先行,否,121.456137,25.011611
2026,6.0,20260624.0,82400.0,A1,新北市政府警察局,新北市板橋區北門街 / 新北市板橋區西門街,晴,有照明未開啟或故障,市區道路,30.0,交岔路,三岔路,交叉路口,交叉口附近,柏油,乾燥,無缺陷,無障礙物,無遮蔽物,良好,無號誌,無號誌,雙向禁止超車線,無標記,未繪設車道線,未繪設快慢車道分隔線,無,人與車,穿越道路中,駕駛者,車輛未依規定暫停讓行人先行,死亡1;受傷0,2.0,人,行人,女,67.0,其他(無需使用保護裝備之人),非駕駛人,人的狀態,步行,其他,非汽、機及自行車,,,非駕駛者,穿越道路未注意左右來車,否,121.456137,25.011611
2026,6.0,20260624.0,110900.0,A1,南投縣政府警察局,南投縣國姓鄉台14線 48公里100.0公尺處東向外側,晴,有照明未開啟或故障,省道,70.0,單路部分,直路,路段,一般車道(未劃分快慢車道),柏油,乾燥,無缺陷,無障礙物,無遮蔽物,良好,無號誌,無號誌,中央分向島,窄式無柵欄,禁止變換車道線(附標記),未繪設快慢車道分隔線,有,車輛本身,撞電桿,其他,其他不當駕車行為,死亡1;受傷0,1.0,機車,普通重型,女,23.0,戴半罩式安全帽,未使用,車的狀態,向前直行中,機車與自行車,前車頭,機車與自行車,左側車身,其他,其他不當駕車行為,否,120.894553,23.981969
2026,6.0,20260624.0,110900.0,A1,南投縣政府警察局,南投縣國姓鄉台14線 48公里100.0公尺處東向外側,晴,有照明未開啟或故障,省道,70.0,單路部分,直路,路段,一般車道(未劃分快慢車道),柏油,乾燥,無缺陷,無障礙物,無遮蔽物,良好,無號誌,無號誌,中央分向島,窄式無柵欄,禁止變換車道線(附標記),未繪設快慢車道分隔線,有,車輛本身,撞電桿,其他,其他不當駕車行為,死亡1;受傷0,2.0,,,無或物(動物、堆置物),-1.0,,,,,,,,,無(非車輛駕駛人因素),尚未發現肇事因素,否,120.894553,23.981969