發生年度,發生月份,發生日期,發生時間,事故類別名稱,處理單位名稱警局層,發生地點,天候名稱,光線名稱,道路類別-第1當事者-名稱,速限-第1當事者,道路型態大類別名稱,道路型態子類別名稱,事故位置大類別名稱,事故位置子類別名稱,路面狀況-路面鋪裝名稱,路面狀況-路面狀態名稱,路面狀況-路面缺陷名稱,道路障礙-障礙物名稱,道路障礙-視距品質名稱,道路障礙-視距名稱,號誌-號誌種類名稱,號誌-號誌動作名稱,車道劃分設施-分向設施大類別名稱,車道劃分設施-分向設施子類別名稱,車道劃分設施-分道設施-快車道或一般車道間名稱,車道劃分設施-分道設施-快慢車道間名稱,車道劃分設施-分道設施-路面邊線名稱,事故類型及型態大類別名稱,事故類型及型態子類別名稱,肇因研判大類別名稱-主要,肇因研判子類別名稱-主要,死亡受傷人數,當事者順位,當事者區分-類別-大類別名稱-車種,當事者區分-類別-子類別名稱-車種,當事者屬-性-別名稱,當事者事故發生時年齡,保護裝備名稱,行動電話或電腦或其他相類功能裝置名稱,當事者行動狀態大類別名稱,當事者行動狀態子類別名稱,車輛撞擊部位大類別名稱-最初,車輛撞擊部位子類別名稱-最初,車輛撞擊部位大類別名稱-其他,車輛撞擊部位子類別名稱-其他,肇因研判大類別名稱-個別,肇因研判子類別名稱-個別,肇事逃逸類別名稱-是否肇逃,經度,緯度
2026,6.0,20260624.0,113900.0,A1,花蓮縣警察局,花蓮縣光復鄉台九線243公里400公尺南向內側車道,晴,有照明且開啟,省道,70.0,單路部分,直路,路段,一般車道(未劃分快慢車道),柏油,乾燥,無缺陷,無障礙物,無遮蔽物,良好,行車管制號誌,正常,行車分向線,無標記,車道線(無標記),快慢車道分隔線,有,車與車,追撞,駕駛者,恍神、緊張、心不在焉分心駕駛,死亡1;受傷1,1.0,小客車(含客、貨兩用),自用,女,74.0,未戴安全帽或未繫安全帶(未使用幼童安全椅),未使用,車的狀態,向前直行中,汽車,前車頭,汽車,前車頭,駕駛者,恍神、緊張、心不在焉分心駕駛,否,121.374326,23.512521
2026,6.0,20260624.0,113900.0,A1,花蓮縣警察局,花蓮縣光復鄉台九線243公里400公尺南向內側車道,晴,有照明且開啟,省道,70.0,單路部分,直路,路段,一般車道(未劃分快慢車道),柏油,乾燥,無缺陷,無障礙物,無遮蔽物,良好,行車管制號誌,正常,行車分向線,無標記,車道線(無標記),快慢車道分隔線,有,車與車,追撞,駕駛者,恍神、緊張、心不在焉分心駕駛,死亡1;受傷1,2.0,小客車(含客、貨兩用),自用,男,39.0,繫安全帶(使用幼童安全椅),未使用,車的狀態,等待(引擎未熄火),汽車,後車尾,汽車,後車尾,無(車輛駕駛者因素),尚未發現肇事因素,否,121.374326,23.512521
2026,6.0,20260624.0,203800.0,A1,臺南市政府警察局,臺南市柳營區柳營路3段1巷前0.0公尺口,晴,有照明且開啟,市區道路,50.0,單路部分,直路,路段,機車優先道,柏油,乾燥,無缺陷,無障礙物,無遮蔽物,良好,無號誌,無號誌,中央分向島,寬式(50公分以上),車道線(無標記),快慢車道分隔線,有,車輛本身,撞動物,無(車輛駕駛者因素),尚未發現肇事因素,死亡1;受傷0,1.0,機車,普通重型,男,39.0,戴非半罩式安全帽,未使用,車的狀態,向前直行中,機車與自行車,前車頭,,,無(車輛駕駛者因素),尚未發現肇事因素,否,120.3123,23.28707
2026,6.0,20260624.0,203800.0,A1,臺南市政府警察局,臺南市柳營區柳營路3段1巷前0.0公尺口,晴,有照明且開啟,市區道路,50.0,單路部分,直路,路段,機車優先道,柏油,乾燥,無缺陷,無障礙物,無遮蔽物,良好,無號誌,無號誌,中央分向島,寬式(50公分以上),車道線(無標記),快慢車道分隔線,有,車輛本身,撞動物,無(車輛駕駛者因素),尚未發現肇事因素,死亡1;受傷0,2.0,,,無或物(動物、堆置物),-1.0,,,,,,,,,無(物或動物),動物竄出,否,120.3123,23.28707
2026,6.0,20260625.0,84300.0,A1,臺中市政府警察局,臺中市大甲區義和里甲埔大道 / 臺中市大甲區義和里水美街,晴,有照明未開啟或故障,市區道路,50.0,交岔路,四岔路,交叉路口,交叉口附近,柏油,乾燥,無缺陷,無障礙物,無遮蔽物,良好,行車管制號誌,正常,雙向禁止超車線,無標記,車道線(無標記),未繪設快慢車道分隔線,無,車與車,側撞,駕駛者,違反其他標誌(線)禁制,死亡1;受傷0,1.0,機車,普通重型,男,74.0,戴半罩式安全帽,未使用,車的狀態,左轉彎,機車與自行車,前車頭,,,駕駛者,違反其他標誌(線)禁制,否,120.624881,24.338265
2026,6.0,20260625.0,84300.0,A1,臺中市政府警察局,臺中市大甲區義和里甲埔大道 / 臺中市大甲區義和里水美街,晴,有照明未開啟或故障,市區道路,50.0,交岔路,四岔路,交叉路口,交叉口附近,柏油,乾燥,無缺陷,無障礙物,無遮蔽物,良好,行車管制號誌,正常,雙向禁止超車線,無標記,車道線(無標記),未繪設快慢車道分隔線,無,車與車,側撞,駕駛者,違反其他標誌(線)禁制,死亡1;受傷0,2.0,小客車(含客、貨兩用),自用,男,43.0,繫安全帶(使用幼童安全椅),未使用,車的狀態,向前直行中,汽車,左前車頭(身),,,駕駛者,超速駕駛,否,120.624881,24.338265
2026,6.0,20260625.0,95700.0,A1,臺中市政府警察局,臺中市龍井區忠和里台西南路 / 臺中市龍井區忠和里海尾路,晴,有照明未開啟或故障,市區道路,50.0,交岔路,四岔路,交叉路口,交叉路口內,柏油,乾燥,無缺陷,無障礙物,無遮蔽物,良好,無號誌,無號誌,雙向禁止超車線,無標記,未繪設車道線,未繪設快慢車道分隔線,有,車與車,路口交岔撞,駕駛者,無號誌路口，支線道未讓幹線道先行,死亡1;受傷0,1.0,機車,普通重型,男,72.0,戴半罩式安全帽,未使用,車的狀態,向前直行中,機車與自行車,左側車身,,,駕駛者,無號誌路口，支線道未讓幹線道先行,否,120.518904,24.220727
2026,6.0,20260625.0,95700.0,A1,臺中市政府警察局,臺中市龍井區忠和里台西南路 / 臺中市龍井區忠和里海尾路,晴,有照明未開啟或故障,市區道路,50.0,交岔路,四岔路,交叉路口,交叉路口內,柏油,乾燥,無缺陷,無障礙物,無遮蔽物,良好,無號誌,無號誌,雙向禁止超車線,無標記,未繪設車道線,未繪設快慢車道分隔線,有,車與車,路口交岔撞,駕駛者,無號誌路口，支線道未讓幹線道先行,死亡1;受傷0,2.0,小貨車,自用,男,48.0,繫安全帶(使用幼童安全椅),未使用,車的狀態,向前直行中,汽車,右前車頭(身),,,駕駛者,未依規定減速,否,120.518904,24.220727
2026,6.0,20260625.0,223200.0,A1,臺南市政府警察局,臺南市新市區台1線北往南向電桿善新133,雨,有照明且開啟,市區道路,70.0,單路部分,直路,路段,路肩、路緣,柏油,濕潤,無缺陷,無障礙物,無遮蔽物,良好,無號誌,無號誌,中央分向島,寬式(50公分以上),車道線(無標記),快慢車道分隔線,有,車輛本身,撞路樹,駕駛者,恍神、緊張、心不在焉分心駕駛,死亡1;受傷0,1.0,小客車(含客、貨兩用),自用,男,69.0,不明,不明,車的狀態,向前直行中,汽車,前車頭,,,駕駛者,恍神、緊張、心不在焉分心駕駛,否,120.315449,23.098443
2026,6.0,20260625.0,223200.0,A1,臺南市政府警察局,臺南市新市區台1線北往南向電桿善新133,雨,有照明且開啟,市區道路,70.0,單路部分,直路,路段,路肩、路緣,柏油,濕潤,無缺陷,無障礙物,無遮蔽物,良好,無號誌,無號誌,中央分向島,寬式(50公分以上),車道線(無標記),快慢車道分隔線,有,車輛本身,撞路樹,駕駛者,恍神、緊張、心不在焉分心駕駛,死亡1;受傷0,2.0,,,無或物(動物、堆置物),-1.0,,,,,,,,,無(非車輛駕駛人因素),尚未發現肇事因素,否,120.315449,23.098443
2026,6.0,20260626.0,21900.0,A1,桃園市政府警察局,桃園市桃園區慈文路216號前0.0公尺,雨,有照明且開啟,市區道路,50.0,單路部分,直路,路段,一般車道(未劃分快慢車道),柏油,濕潤,無缺陷,無障礙物,無遮蔽物,良好,無號誌,無號誌,雙向禁止超車線,無標記,未繪設車道線,未繪設快慢車道分隔線,有,人與車,其他,非駕駛者,其他引起事故之疏失或行為,死亡1;受傷0,1.0,人,其他人,男,19.0,其他(無需使用保護裝備之人),非駕駛人,人的狀態,其他,其他,非汽、機及自行車,,,非駕駛者,其他引起事故之疏失或行為,否,121.302681,25.007316
2026,6.0,20260626.0,21900.0,A1,桃園市政府警察局,桃園市桃園區慈文路216號前0.0公尺,雨,有照明且開啟,市區道路,50.0,單路部分,直路,路段,一般車道(未劃分快慢車道),柏油,濕潤,無缺陷,無障礙物,無遮蔽物,良好,無號誌,無號誌,雙向禁止超車線,無標記,未繪設車道線,未繪設快慢車道分隔線,有,人與車,其他,非駕駛者,其他引起事故之疏失或行為,死亡1;受傷0,2.0,小客車(含客、貨兩用),自用,男,27.0,不明,不明,車的狀態,向前直行中,汽車,車底,,,駕駛者,恍神、緊張、心不在焉分心駕駛,否,121.302681,25.007316
2026,6.0,20260626.0,65003.0,A1,國道公路警察局,新北市汐止區國道1號 9公里900.0公尺處北向外側,雨,有照明未開啟或故障,國道,100.0,單路部分,直路,路段,快車道,柏油,濕潤,無缺陷,無障礙物,無遮蔽物,良好,無號誌,無號誌,中央分向島,寬式(50公分以上),車道線(附標記),未繪設快慢車道分隔線,有,車與車,追撞,駕駛者,未保持行車安全距離,死亡1;受傷0,1.0,小貨車,自用,男,37.0,繫安全帶(使用幼童安全椅),未使用,車的狀態,向前直行中,汽車,前車頭,,,駕駛者,未保持行車安全距離,否,121.649447,25.073442
2026,6.0,20260626.0,65003.0,A1,國道公路警察局,新北市汐止區國道1號 9公里900.0公尺處北向外側,雨,有照明未開啟或故障,國道,100.0,單路部分,直路,路段,快車道,柏油,濕潤,無缺陷,無障礙物,無遮蔽物,良好,無號誌,無號誌,中央分向島,寬式(50公分以上),車道線(附標記),未繪設快慢車道分隔線,有,車與車,追撞,駕駛者,未保持行車安全距離,死亡1;受傷0,2.0,大客車,民營客運,男,66.0,繫安全帶(使用幼童安全椅),未使用,車的狀態,向右變換車道,汽車,左後車尾(身),汽車,後車尾,無(車輛駕駛者因素),尚未發現肇事因素,否,121.649447,25.073442
2026,6.0,20260626.0,72700.0,A1,高雄市政府警察局,高雄市橋頭區村里林西路 / 高雄市橋頭區西林路,雨,無照明,市區道路,50.0,交岔路,四岔路,交叉路口,交叉口附近,柏油,濕潤,無缺陷,無障礙物,無遮蔽物,良好,無號誌,無號誌,雙向禁止超車線,無標記,未繪設車道線,未繪設快慢車道分隔線,有,車與車,側撞,駕駛者,恍神、緊張、心不在焉分心駕駛,死亡1;受傷0,1.0,小客車(含客、貨兩用),自用,男,41.0,繫安全帶(使用幼童安全椅),未使用,車的狀態,向前直行中,汽車,前車頭,,,駕駛者,恍神、緊張、心不在焉分心駕駛,否,120.28513,22.763865
2026,6.0,20260626.0,72700.0,A1,高雄市政府警察局,高雄市橋頭區村里林西路 / 高雄市橋頭區西林路,雨,無照明,市區道路,50.0,交岔路,四岔路,交叉路口,交叉口附近,柏油,濕潤,無缺陷,無障礙物,無遮蔽物,良好,無號誌,無號誌,雙向禁止超車線,無標記,未繪設車道線,未繪設快慢車道分隔線,有,車與車,側撞,駕駛者,恍神、緊張、心不在焉分心駕駛,死亡1;受傷0,2.0,慢車,腳踏自行車,女,88.0,不明,不明,車的狀態,左轉彎,機車與自行車,右側車身,,,駕駛者,左轉彎未依規定,否,120.28513,22.763865
2026,6.0,20260626.0,123800.0,A1,臺北市政府警察局,臺北市士林區延平北路7段18-2號前0.0公尺,陰,有照明未開啟或故障,市區道路,50.0,單路部分,直路,路段,一般車道(未劃分快慢車道),柏油,濕潤,無缺陷,無障礙物,無遮蔽物,良好,無號誌,無號誌,中央分向島,窄式無柵欄,車道線(無標記),未繪設快慢車道分隔線,無,車與車,同向擦撞,駕駛者,變換車道不當,死亡1;受傷0,1.0,機車,普通重型,女,79.0,戴非半罩式安全帽,未使用,車的狀態,向左變換車道,機車與自行車,左側車身,,,駕駛者,變換車道不當,否,121.497523,25.094478
2026,6.0,20260626.0,123800.0,A1,臺北市政府警察局,臺北市士林區延平北路7段18-2號前0.0公尺,陰,有照明未開啟或故障,市區道路,50.0,單路部分,直路,路段,一般車道(未劃分快慢車道),柏油,濕潤,無缺陷,無障礙物,無遮蔽物,良好,無號誌,無號誌,中央分向島,窄式無柵欄,車道線(無標記),未繪設快慢車道分隔線,無,車與車,同向擦撞,駕駛者,變換車道不當,死亡1;受傷0,2.0,小客車(含客、貨兩用),計程車,男,59.0,繫安全帶(使用幼童安全椅),未使用,車的狀態,向前直行中,汽車,右側車身,,,無(車輛駕駛者因素),尚未發現肇事因素,否,121.497523,25.094478
2026,6.0,20260626.0,164600.0,A1,臺中市政府警察局,臺中市太平區新光里新福路799號前0.0公尺,晴,有照明未開啟或故障,市區道路,30.0,交岔路,四岔路,交叉路口,交叉路口內,柏油,乾燥,無缺陷,無障礙物,無遮蔽物,良好,無號誌,無號誌,無,無分向設施,未繪設車道線,未繪設快慢車道分隔線,無,車與車,路口交岔撞,駕駛者,無號誌路口，支線道未讓幹線道先行,死亡1;受傷0,1.0,機車,普通重型,男,36.0,戴非半罩式安全帽,未使用,車的狀態,向前直行中,機車與自行車,前車頭,,,駕駛者,無號誌路口，支線道未讓幹線道先行,否,120.706403,24.157906
2026,6.0,20260626.0,164600.0,A1,臺中市政府警察局,臺中市太平區新光里新福路799號前0.0公尺,晴,有照明未開啟或故障,市區道路,30.0,交岔路,四岔路,交叉路口,交叉路口內,柏油,乾燥,無缺陷,無障礙物,無遮蔽物,良好,無號誌,無號誌,無,無分向設施,未繪設車道線,未繪設快慢車道分隔線,無,車與車,路口交岔撞,駕駛者,無號誌路口，支線道未讓幹線道先行,死亡1;受傷0,2.0,小客車(含客、貨兩用),自用,男,56.0,繫安全帶(使用幼童安全椅),未使用,車的狀態,向前直行中,汽車,左前車頭(身),,,駕駛者,未依規定減速,否,120.706403,24.157906
2026,6.0,20260627.0,45200.0,A1,雲林縣警察局,雲林縣臺西鄉台17線南下82.5K處,雨,有照明且開啟,省道,60.0,單路部分,直路,路段,一般車道(未劃分快慢車道),柏油,濕潤,無缺陷,無障礙物,無遮蔽物,良好,無號誌,無號誌,中央分向島,寬式(50公分以上),車道線(附標記),未繪設快慢車道分隔線,有,車輛本身,撞橋樑(橋墩),其他,其他不當駕車行為,死亡1;受傷0,1.0,小客車(含客、貨兩用),租賃車,男,30.0,不明,不明,不明,不明,其他,不明,,,其他,其他不當駕車行為,否,120.203888,23.7142
2026,6.0,20260627.0,45200.0,A1,雲林縣警察局,雲林縣臺西鄉台17線南下82.5K處,雨,有照明且開啟,省道,60.0,單路部分,直路,路段,一般車道(未劃分快慢車道),柏油,濕潤,無缺陷,無障礙物,無遮蔽物,良好,無號誌,無號誌,中央分向島,寬式(50公分以上),車道線(附標記),未繪設快慢車道分隔線,有,車輛本身,撞橋樑(橋墩),其他,其他不當駕車行為,死亡1;受傷0,2.0,,,無或物(動物、堆置物),-1.0,,,,,,,,,無(非車輛駕駛人因素),尚未發現肇事因素,否,120.203888,23.7142
2026,6.0,20260627.0,45200.0,A1,雲林縣警察局,雲林縣臺西鄉台17線南下82.5K處,雨,有照明且開啟,省道,60.0,單路部分,直路,路段,一般車道(未劃分快慢車道),柏油,濕潤,無缺陷,無障礙物,無遮蔽物,良好,無號誌,無號誌,中央分向島,寬式(50公分以上),車道線(附標記),未繪設快慢車道分隔線,有,車輛本身,撞橋樑(橋墩),其他,其他不當駕車行為,死亡1;受傷0,3.0,,,無或物(動物、堆置物),-1.0,,,,,,,,,無(非車輛駕駛人因素),尚未發現肇事因素,否,120.203888,23.7142
2026,6.0,20260627.0,120600.0,A1,南投縣政府警察局,南投縣集集鎮民生路與集賢街口,陰,無照明,鄉道,40.0,交岔路,三岔路,交叉路口,交叉路口內,柏油,乾燥,無缺陷,無障礙物,無遮蔽物,良好,無號誌,無號誌,雙向禁止超車線,無標記,禁止變換車道線(無標記),快慢車道分隔線,有,車與車,側撞,駕駛者,無號誌路口，轉彎車未讓直行車先行,死亡1;受傷1,1.0,慢車,腳踏自行車,男,15.0,其他(無需使用保護裝備之人),未使用,車的狀態,左轉彎,機車與自行車,右側車身,,,駕駛者,無號誌路口，轉彎車未讓直行車先行,否,120.785824,23.828514
2026,6.0,20260627.0,120600.0,A1,南投縣政府警察局,南投縣集集鎮民生路與集賢街口,陰,無照明,鄉道,40.0,交岔路,三岔路,交叉路口,交叉路口內,柏油,乾燥,無缺陷,無障礙物,無遮蔽物,良好,無號誌,無號誌,雙向禁止超車線,無標記,禁止變換車道線(無標記),快慢車道分隔線,有,車與車,側撞,駕駛者,無號誌路口，轉彎車未讓直行車先行,死亡1;受傷1,2.0,機車,普通重型,女,73.0,戴半罩式安全帽,未使用,車的狀態,向前直行中,機車與自行車,前車頭,,,駕駛者,未依規定減速,否,120.785824,23.828514
2026,6.0,20260627.0,201355.0,A1,花蓮縣警察局,花蓮縣花蓮市化道路附近 / 花蓮縣花蓮市府前路附近,雨,有照明未開啟或故障,市區道路,50.0,交岔路,三岔路,交叉路口,交叉路口內,柏油,濕潤,無缺陷,無障礙物,無遮蔽物,良好,行車管制號誌(附設行人專用號誌),正常,無,無分向設施,未繪設車道線,未繪設快慢車道分隔線,無,車與車,側撞,駕駛者,有號誌路口，轉彎車未讓直行車先行,死亡1;受傷0,1.0,小客車(含客、貨兩用),自用,男,43.0,繫安全帶(使用幼童安全椅),未使用,車的狀態,左轉彎,汽車,前車頭,汽車,左前車頭(身),駕駛者,有號誌路口，轉彎車未讓直行車先行,否,121.619667,24.002114
2026,6.0,20260627.0,201355.0,A1,花蓮縣警察局,花蓮縣花蓮市化道路附近 / 花蓮縣花蓮市府前路附近,雨,有照明未開啟或故障,市區道路,50.0,交岔路,三岔路,交叉路口,交叉路口內,柏油,濕潤,無缺陷,無障礙物,無遮蔽物,良好,行車管制號誌(附設行人專用號誌),正常,無,無分向設施,未繪設車道線,未繪設快慢車道分隔線,無,車與車,側撞,駕駛者,有號誌路口，轉彎車未讓直行車先行,死亡1;受傷0,2.0,慢車,電動輔助自行車,女,77.0,戴半罩式安全帽,未使用,車的狀態,向前直行中,機車與自行車,前車頭,機車與自行車,右側車身,燈光,夜間行駛無燈光設備,否,121.619667,24.002114
2026,6.0,20260627.0,213524.0,A1,花蓮縣警察局,花蓮縣吉安鄉永吉橋,晴,有照明且開啟,村里道路,40.0,單路部分,橋樑,路段,機車專用道,柏油,乾燥,無缺陷,無障礙物,無遮蔽物,良好,無號誌,無號誌,雙向禁止超車線,無標記,未繪設車道線,寬式快慢車道分隔島(50公分以上),有,人與車,同向通行中,駕駛者,恍神、緊張、心不在焉分心駕駛,死亡1;受傷2,1.0,機車,普通重型,女,53.0,戴半罩式安全帽,未使用,車的狀態,向前直行中,機車與自行車,前車頭,,,駕駛者,恍神、緊張、心不在焉分心駕駛,否,121.594758,23.980705
2026,6.0,20260627.0,213524.0,A1,花蓮縣警察局,花蓮縣吉安鄉永吉橋,晴,有照明且開啟,村里道路,40.0,單路部分,橋樑,路段,機車專用道,柏油,乾燥,無缺陷,無障礙物,無遮蔽物,良好,無號誌,無號誌,雙向禁止超車線,無標記,未繪設車道線,寬式快慢車道分隔島(50公分以上),有,人與車,同向通行中,駕駛者,恍神、緊張、心不在焉分心駕駛,死亡1;受傷2,2.0,人,行人,男,86.0,其他(無需使用保護裝備之人),非駕駛人,人的狀態,步行,其他,非汽、機及自行車,,,無(非車輛駕駛人因素),尚未發現肇事因素,否,121.594758,23.980705
2026,6.0,20260627.0,213524.0,A1,花蓮縣警察局,花蓮縣吉安鄉永吉橋,晴,有照明且開啟,村里道路,40.0,單路部分,橋樑,路段,機車專用道,柏油,乾燥,無缺陷,無障礙物,無遮蔽物,良好,無號誌,無號誌,雙向禁止超車線,無標記,未繪設車道線,寬式快慢車道分隔島(50公分以上),有,人與車,同向通行中,駕駛者,恍神、緊張、心不在焉分心駕駛,死亡1;受傷2,3.0,人,乘客,男,55.0,戴半罩式安全帽,非駕駛人,人的狀態,其他,其他,非汽、機及自行車,,,無(非車輛駕駛人因素),尚未發現肇事因素,否,121.594758,23.980705
2026,6.0,20260629.0,24559.0,A1,彰化縣警察局,彰化縣埔鹽鄉埔鹽村彰水路2段口 / 彰化縣埔鹽鄉中華路,晴,有照明且開啟,村里道路,50.0,交岔路,四岔路,交叉路口,交叉路口內,柏油,乾燥,無缺陷,無障礙物,無遮蔽物,良好,閃光號誌,正常,無,無分向設施,未繪設車道線,未繪設快慢車道分隔線,無,車與車,路口交岔撞,駕駛者,其他未依規定讓車,死亡1;受傷0,1.0,小客車(含客、貨兩用),計程車,男,40.0,繫安全帶(使用幼童安全椅),未使用,車的狀態,向前直行中,汽車,右前車頭(身),,,駕駛者,其他未依規定讓車,否,120.476794,23.998039
2026,6.0,20260629.0,24559.0,A1,彰化縣警察局,彰化縣埔鹽鄉埔鹽村彰水路2段口 / 彰化縣埔鹽鄉中華路,晴,有照明且開啟,村里道路,50.0,交岔路,四岔路,交叉路口,交叉路口內,柏油,乾燥,無缺陷,無障礙物,無遮蔽物,良好,閃光號誌,正常,無,無分向設施,未繪設車道線,未繪設快慢車道分隔線,無,車與車,路口交岔撞,駕駛者,其他未依規定讓車,死亡1;受傷0,2.0,機車,普通重型,女,39.0,戴非半罩式安全帽,未使用,車的狀態,向前直行中,機車與自行車,左側車身,,,駕駛者,未依規定減速,否,120.476794,23.998039
2026,6.0,20260629.0,82600.0,A1,新北市政府警察局,新北市三峽區龍埔路前0.0公尺,晴,有照明未開啟或故障,市區道路,50.0,單路部分,直路,路段,一般車道(未劃分快慢車道),柏油,乾燥,無缺陷,無障礙物,無遮蔽物,良好,無號誌,無號誌,中央分向島,窄式無柵欄,車道線(無標記),未繪設快慢車道分隔線,無,車輛本身,撞電桿,其他,其他不當駕車行為,死亡1;受傷0,1.0,小客車(含客、貨兩用),自用,男,61.0,不明,不明,車的狀態,向前直行中,汽車,前車頭,,,其他,其他不當駕車行為,否,121.38798,24.937943
2026,6.0,20260629.0,82600.0,A1,新北市政府警察局,新北市三峽區龍埔路前0.0公尺,晴,有照明未開啟或故障,市區道路,50.0,單路部分,直路,路段,一般車道(未劃分快慢車道),柏油,乾燥,無缺陷,無障礙物,無遮蔽物,良好,無號誌,無號誌,中央分向島,窄式無柵欄,車道線(無標記),未繪設快慢車道分隔線,無,車輛本身,撞電桿,其他,其他不當駕車行為,死亡1;受傷0,2.0,,,無或物(動物、堆置物),115.0,,,,,,,,,無(非車輛駕駛人因素),尚未發現肇事因素,否,121.38798,24.937943
2026,6.0,20260629.0,113005.0,A1,臺南市政府警察局,臺南市學甲區新達里中山路6號往東,晴,有照明未開啟或故障,市區道路,50.0,單路部分,直路,路段,路肩、路緣,柏油,乾燥,無缺陷,無障礙物,無遮蔽物,良好,無號誌,無號誌,雙向禁止超車線,無標記,未繪設車道線,快慢車道分隔線,有,車輛本身,撞路樹,駕駛者,恍神、緊張、心不在焉分心駕駛,死亡1;受傷1,1.0,小客車(含客、貨兩用),自用,男,75.0,繫安全帶(使用幼童安全椅),未使用,車的狀態,向前直行中,汽車,前車頭,,,駕駛者,恍神、緊張、心不在焉分心駕駛,否,120.190828,23.23529
2026,6.0,20260629.0,113005.0,A1,臺南市政府警察局,臺南市學甲區新達里中山路6號往東,晴,有照明未開啟或故障,市區道路,50.0,單路部分,直路,路段,路肩、路緣,柏油,乾燥,無缺陷,無障礙物,無遮蔽物,良好,無號誌,無號誌,雙向禁止超車線,無標記,未繪設車道線,快慢車道分隔線,有,車輛本身,撞路樹,駕駛者,恍神、緊張、心不在焉分心駕駛,死亡1;受傷1,2.0,,,無或物(動物、堆置物),-1.0,,,,,,,,,無(非車輛駕駛人因素),尚未發現肇事因素,否,120.190828,23.23529
2026,6.0,20260629.0,113005.0,A1,臺南市政府警察局,臺南市學甲區新達里中山路6號往東,晴,有照明未開啟或故障,市區道路,50.0,單路部分,直路,路段,路肩、路緣,柏油,乾燥,無缺陷,無障礙物,無遮蔽物,良好,無號誌,無號誌,雙向禁止超車線,無標記,未繪設車道線,快慢車道分隔線,有,車輛本身,撞路樹,駕駛者,恍神、緊張、心不在焉分心駕駛,死亡1;受傷1,3.0,人,乘客,女,78.0,繫安全帶(使用幼童安全椅),非駕駛人,人的狀態,其他,其他,非汽、機及自行車,,,無(非車輛駕駛人因素),尚未發現肇事因素,否,120.190828,23.23529
2026,6.0,20260629.0,152600.0,A1,臺中市政府警察局,臺中市霧峰區甲寅里錦州路109號前0.0公尺,晴,有照明未開啟或故障,市區道路,50.0,交岔路,三岔路,路段,一般車道(未劃分快慢車道),柏油,乾燥,無缺陷,無障礙物,無遮蔽物,良好,無號誌,無號誌,無,無分向設施,未繪設車道線,未繪設快慢車道分隔線,有,車與車,其他,其他,其他不當駕車行為,死亡1;受傷0,1.0,機車,普通重型,男,60.0,戴半罩式安全帽,未使用,車的狀態,其他,機車與自行車,前車頭,,,其他,其他不當駕車行為,否,120.70118,24.07045
2026,6.0,20260629.0,152600.0,A1,臺中市政府警察局,臺中市霧峰區甲寅里錦州路109號前0.0公尺,晴,有照明未開啟或故障,市區道路,50.0,交岔路,三岔路,路段,一般車道(未劃分快慢車道),柏油,乾燥,無缺陷,無障礙物,無遮蔽物,良好,無號誌,無號誌,無,無分向設施,未繪設車道線,未繪設快慢車道分隔線,有,車與車,其他,其他,其他不當駕車行為,死亡1;受傷0,2.0,機車,普通重型,男,77.0,戴半罩式安全帽,未使用,車的狀態,靜止(引擎熄火),機車與自行車,後車尾,,,無(車輛駕駛者因素),尚未發現肇事因素,否,120.70118,24.07045
2026,6.0,20260629.0,161500.0,A1,彰化縣警察局,彰化縣線西鄉中華路(路燈:30110)前,晴,有照明未開啟或故障,村里道路,40.0,單路部分,直路,路段,慢車道,柏油,乾燥,無缺陷,無障礙物,無遮蔽物,良好,無號誌,無號誌,中央分向島,寬式(50公分以上),車道線(無標記),快慢車道分隔線,有,車輛本身,路上翻車、摔倒,駕駛者,恍神、緊張、心不在焉分心駕駛,死亡1;受傷0,1.0,機車,普通重型,女,66.0,戴半罩式安全帽,未使用,車的狀態,向前直行中,機車與自行車,右側車身,,,駕駛者,恍神、緊張、心不在焉分心駕駛,否,120.454806,24.136794
2026,6.0,20260629.0,161500.0,A1,彰化縣警察局,彰化縣線西鄉中華路(路燈:30110)前,晴,有照明未開啟或故障,村里道路,40.0,單路部分,直路,路段,慢車道,柏油,乾燥,無缺陷,無障礙物,無遮蔽物,良好,無號誌,無號誌,中央分向島,寬式(50公分以上),車道線(無標記),快慢車道分隔線,有,車輛本身,路上翻車、摔倒,駕駛者,恍神、緊張、心不在焉分心駕駛,死亡1;受傷0,2.0,,,無或物(動物、堆置物),-1.0,,,,,,,,,無(非車輛駕駛人因素),尚未發現肇事因素,否,120.454806,24.136794
2026,6.0,20260629.0,190600.0,A1,高雄市政府警察局,高雄市路竹區村中山路617號前0.0公尺,晴,有照明且開啟,市區道路,60.0,單路部分,直路,路段,慢車道,柏油,乾燥,無缺陷,無障礙物,無遮蔽物,良好,行車管制號誌,正常,中央分向島,寬式(50公分以上),車道線(無標記),快慢車道分隔線,有,車與車,追撞,駕駛者,超速駕駛,死亡2;受傷3,1.0,小客車(含客、貨兩用),自用,男,24.0,不明,不明,車的狀態,向前直行中,汽車,前車頭,,,駕駛者,超速駕駛,否,120.256817,22.865407