發生年度,發生月份,發生日期,發生時間,事故類別名稱,處理單位名稱警局層,發生地點,天候名稱,光線名稱,道路類別-第1當事者-名稱,速限-第1當事者,道路型態大類別名稱,道路型態子類別名稱,事故位置大類別名稱,事故位置子類別名稱,路面狀況-路面鋪裝名稱,路面狀況-路面狀態名稱,路面狀況-路面缺陷名稱,道路障礙-障礙物名稱,道路障礙-視距品質名稱,道路障礙-視距名稱,號誌-號誌種類名稱,號誌-號誌動作名稱,車道劃分設施-分向設施大類別名稱,車道劃分設施-分向設施子類別名稱,車道劃分設施-分道設施-快車道或一般車道間名稱,車道劃分設施-分道設施-快慢車道間名稱,車道劃分設施-分道設施-路面邊線名稱,事故類型及型態大類別名稱,事故類型及型態子類別名稱,肇因研判大類別名稱-主要,肇因研判子類別名稱-主要,死亡受傷人數,當事者順位,當事者區分-類別-大類別名稱-車種,當事者區分-類別-子類別名稱-車種,當事者屬-性-別名稱,當事者事故發生時年齡,保護裝備名稱,行動電話或電腦或其他相類功能裝置名稱,當事者行動狀態大類別名稱,當事者行動狀態子類別名稱,車輛撞擊部位大類別名稱-最初,車輛撞擊部位子類別名稱-最初,車輛撞擊部位大類別名稱-其他,車輛撞擊部位子類別名稱-其他,肇因研判大類別名稱-個別,肇因研判子類別名稱-個別,肇事逃逸類別名稱-是否肇逃,經度,緯度
2026,6.0,20260629.0,190600.0,A1,高雄市政府警察局,高雄市路竹區村中山路617號前0.0公尺,晴,有照明且開啟,市區道路,60.0,單路部分,直路,路段,慢車道,柏油,乾燥,無缺陷,無障礙物,無遮蔽物,良好,行車管制號誌,正常,中央分向島,寬式(50公分以上),車道線(無標記),快慢車道分隔線,有,車與車,追撞,駕駛者,超速駕駛,死亡2;受傷3,2.0,機車,普通重型,男,30.0,戴非半罩式安全帽,不明,車的狀態,向前直行中,機車與自行車,後車尾,,,無(車輛駕駛者因素),尚未發現肇事因素,否,120.256817,22.865407
2026,6.0,20260629.0,190600.0,A1,高雄市政府警察局,高雄市路竹區村中山路617號前0.0公尺,晴,有照明且開啟,市區道路,60.0,單路部分,直路,路段,慢車道,柏油,乾燥,無缺陷,無障礙物,無遮蔽物,良好,行車管制號誌,正常,中央分向島,寬式(50公分以上),車道線(無標記),快慢車道分隔線,有,車與車,追撞,駕駛者,超速駕駛,死亡2;受傷3,3.0,機車,普通重型,女,40.0,戴非半罩式安全帽,不明,車的狀態,向前直行中,機車與自行車,後車尾,,,無(車輛駕駛者因素),尚未發現肇事因素,否,120.256817,22.865407
2026,6.0,20260629.0,190600.0,A1,高雄市政府警察局,高雄市路竹區村中山路617號前0.0公尺,晴,有照明且開啟,市區道路,60.0,單路部分,直路,路段,慢車道,柏油,乾燥,無缺陷,無障礙物,無遮蔽物,良好,行車管制號誌,正常,中央分向島,寬式(50公分以上),車道線(無標記),快慢車道分隔線,有,車與車,追撞,駕駛者,超速駕駛,死亡2;受傷3,4.0,小客車(含客、貨兩用),自用,男,31.0,不明,未使用,車的狀態,靜止(引擎熄火),汽車,後車尾,,,無(車輛駕駛者因素),尚未發現肇事因素,否,120.256817,22.865407
2026,6.0,20260629.0,190600.0,A1,高雄市政府警察局,高雄市路竹區村中山路617號前0.0公尺,晴,有照明且開啟,市區道路,60.0,單路部分,直路,路段,慢車道,柏油,乾燥,無缺陷,無障礙物,無遮蔽物,良好,行車管制號誌,正常,中央分向島,寬式(50公分以上),車道線(無標記),快慢車道分隔線,有,車與車,追撞,駕駛者,超速駕駛,死亡2;受傷3,5.0,,,無或物(動物、堆置物),115.0,,,,,,,,,無(非車輛駕駛人因素),尚未發現肇事因素,否,120.256817,22.865407
2026,6.0,20260629.0,190600.0,A1,高雄市政府警察局,高雄市路竹區村中山路617號前0.0公尺,晴,有照明且開啟,市區道路,60.0,單路部分,直路,路段,慢車道,柏油,乾燥,無缺陷,無障礙物,無遮蔽物,良好,行車管制號誌,正常,中央分向島,寬式(50公分以上),車道線(無標記),快慢車道分隔線,有,車與車,追撞,駕駛者,超速駕駛,死亡2;受傷3,6.0,人,乘客,女,26.0,不明,非駕駛人,人的狀態,其他,其他,無撞擊,,,無(非車輛駕駛人因素),尚未發現肇事因素,否,120.256817,22.865407
2026,6.0,20260629.0,190600.0,A1,高雄市政府警察局,高雄市路竹區村中山路617號前0.0公尺,晴,有照明且開啟,市區道路,60.0,單路部分,直路,路段,慢車道,柏油,乾燥,無缺陷,無障礙物,無遮蔽物,良好,行車管制號誌,正常,中央分向島,寬式(50公分以上),車道線(無標記),快慢車道分隔線,有,車與車,追撞,駕駛者,超速駕駛,死亡2;受傷3,7.0,人,乘客,女,0.0,不明,非駕駛人,人的狀態,其他,其他,無撞擊,,,無(非車輛駕駛人因素),尚未發現肇事因素,否,120.256817,22.865407
2026,6.0,20260629.0,225300.0,A1,南投縣政府警察局,南投縣竹山鎮鯉南路26之102號前,陰,有照明且開啟,縣道,40.0,單路部分,直路,路段,一般車道(未劃分快慢車道),柏油,乾燥,無缺陷,無障礙物,無遮蔽物,良好,無號誌,無號誌,雙向禁止超車線,附標記,未繪設車道線,未繪設快慢車道分隔線,有,車與車,追撞,其他,其他不當駕車行為,死亡1;受傷0,1.0,機車,普通重型,男,50.0,戴半罩式安全帽,未使用,車的狀態,向前直行中,機車與自行車,前車頭,,,其他,其他不當駕車行為,否,120.678746,23.749235
2026,6.0,20260629.0,225300.0,A1,南投縣政府警察局,南投縣竹山鎮鯉南路26之102號前,陰,有照明且開啟,縣道,40.0,單路部分,直路,路段,一般車道(未劃分快慢車道),柏油,乾燥,無缺陷,無障礙物,無遮蔽物,良好,無號誌,無號誌,雙向禁止超車線,附標記,未繪設車道線,未繪設快慢車道分隔線,有,車與車,追撞,其他,其他不當駕車行為,死亡1;受傷0,2.0,小貨車,自用,男,36.0,繫安全帶(使用幼童安全椅),未使用,車的狀態,靜止(引擎熄火),汽車,後車尾,,,無(車輛駕駛者因素),尚未發現肇事因素,否,120.678746,23.749235
2026,6.0,20260630.0,94100.0,A1,南投縣政府警察局,南投縣水里鄉中山路一段與博愛路口,晴,有照明未開啟或故障,省道,50.0,交岔路,四岔路,交叉路口,交叉口附近,柏油,乾燥,無缺陷,無障礙物,無遮蔽物,良好,行車管制號誌,正常,雙向禁止超車線,無標記,車道線(無標記),快慢車道分隔線,有,車與車,其他,駕駛者,右轉彎未依規定,死亡1;受傷0,1.0,大貨車,自用,男,29.0,繫安全帶(使用幼童安全椅),未使用,車的狀態,右轉彎,汽車,右前車頭(身),,,駕駛者,右轉彎未依規定,否,120.850516,23.811279
2026,6.0,20260630.0,94100.0,A1,南投縣政府警察局,南投縣水里鄉中山路一段與博愛路口,晴,有照明未開啟或故障,省道,50.0,交岔路,四岔路,交叉路口,交叉口附近,柏油,乾燥,無缺陷,無障礙物,無遮蔽物,良好,行車管制號誌,正常,雙向禁止超車線,無標記,車道線(無標記),快慢車道分隔線,有,車與車,其他,駕駛者,右轉彎未依規定,死亡1;受傷0,2.0,機車,普通重型,男,80.0,戴半罩式安全帽,未使用,不明,不明,機車與自行車,左側車身,,,無(車輛駕駛者因素),尚未發現肇事因素,否,120.850516,23.811279
2026,6.0,20260630.0,173435.0,A1,桃園市政府警察局,桃園市中壢區龍東路60號前0.0公尺附近,晴,有照明未開啟或故障,市區道路,50.0,單路部分,直路,路段,一般車道(未劃分快慢車道),柏油,乾燥,無缺陷,無障礙物,無遮蔽物,良好,無號誌,無號誌,行車分向線,無標記,未繪設車道線,未繪設快慢車道分隔線,有,車與車,追撞,駕駛者,吸食違禁物駕駛,死亡1;受傷1,1.0,小客車(含客、貨兩用),自用,男,48.0,不明,不明,車的狀態,向前直行中,汽車,左前車頭(身),,,駕駛者,吸食違禁物駕駛,是,121.250425,24.928579
2026,6.0,20260630.0,173435.0,A1,桃園市政府警察局,桃園市中壢區龍東路60號前0.0公尺附近,晴,有照明未開啟或故障,市區道路,50.0,單路部分,直路,路段,一般車道(未劃分快慢車道),柏油,乾燥,無缺陷,無障礙物,無遮蔽物,良好,無號誌,無號誌,行車分向線,無標記,未繪設車道線,未繪設快慢車道分隔線,有,車與車,追撞,駕駛者,吸食違禁物駕駛,死亡1;受傷1,2.0,機車,普通重型,男,59.0,不明,不明,車的狀態,左轉彎,機車與自行車,後車尾,,,無(車輛駕駛者因素),尚未發現肇事因素,否,121.250425,24.928579
2026,6.0,20260630.0,173435.0,A1,桃園市政府警察局,桃園市中壢區龍東路60號前0.0公尺附近,晴,有照明未開啟或故障,市區道路,50.0,單路部分,直路,路段,一般車道(未劃分快慢車道),柏油,乾燥,無缺陷,無障礙物,無遮蔽物,良好,無號誌,無號誌,行車分向線,無標記,未繪設車道線,未繪設快慢車道分隔線,有,車與車,追撞,駕駛者,吸食違禁物駕駛,死亡1;受傷1,3.0,機車,普通重型,女,47.0,不明,不明,車的狀態,向前直行中,其他,無撞擊,,,無(車輛駕駛者因素),尚未發現肇事因素,否,121.250425,24.928579
2026,6.0,20260630.0,173435.0,A1,桃園市政府警察局,桃園市中壢區龍東路60號前0.0公尺附近,晴,有照明未開啟或故障,市區道路,50.0,單路部分,直路,路段,一般車道(未劃分快慢車道),柏油,乾燥,無缺陷,無障礙物,無遮蔽物,良好,無號誌,無號誌,行車分向線,無標記,未繪設車道線,未繪設快慢車道分隔線,有,車與車,追撞,駕駛者,吸食違禁物駕駛,死亡1;受傷1,4.0,機車,普通重型,男,49.0,不明,不明,車的狀態,向前直行中,機車與自行車,左側車身,,,無(車輛駕駛者因素),尚未發現肇事因素,否,121.250425,24.928579
2026,6.0,20260630.0,173435.0,A1,桃園市政府警察局,桃園市中壢區龍東路60號前0.0公尺附近,晴,有照明未開啟或故障,市區道路,50.0,單路部分,直路,路段,一般車道(未劃分快慢車道),柏油,乾燥,無缺陷,無障礙物,無遮蔽物,良好,無號誌,無號誌,行車分向線,無標記,未繪設車道線,未繪設快慢車道分隔線,有,車與車,追撞,駕駛者,吸食違禁物駕駛,死亡1;受傷1,5.0,人,乘客,男,9.0,不明,非駕駛人,人的狀態,其他,其他,非汽、機及自行車,,,無(非車輛駕駛人因素),尚未發現肇事因素,否,121.250425,24.928579
2026,7.0,20260701.0,170600.0,A1,苗栗縣警察局,苗栗縣竹南鎮龍山路三段225號,晴,無照明,鄉道,50.0,單路部分,直路,路段,一般車道(未劃分快慢車道),柏油,乾燥,無缺陷,無障礙物,無遮蔽物,良好,無號誌,無號誌,雙向禁止超車線,無標記,未繪設車道線,未繪設快慢車道分隔線,有,車與車,其他,駕駛者,吸食違禁物駕駛,死亡1;受傷0,1.0,小客車(含客、貨兩用),自用,男,47.0,不明,不明,車的狀態,向前直行中,汽車,前車頭,,,駕駛者,吸食違禁物駕駛,是,120.881896,24.702378
2026,7.0,20260701.0,170600.0,A1,苗栗縣警察局,苗栗縣竹南鎮龍山路三段225號,晴,無照明,鄉道,50.0,單路部分,直路,路段,一般車道(未劃分快慢車道),柏油,乾燥,無缺陷,無障礙物,無遮蔽物,良好,無號誌,無號誌,雙向禁止超車線,無標記,未繪設車道線,未繪設快慢車道分隔線,有,車與車,其他,駕駛者,吸食違禁物駕駛,死亡1;受傷0,2.0,機車,普通重型,男,55.0,不明,不明,車的狀態,向前直行中,機車與自行車,前車頭,,,無(車輛駕駛者因素),尚未發現肇事因素,否,120.881896,24.702378
2026,7.0,20260701.0,170600.0,A1,苗栗縣警察局,苗栗縣竹南鎮龍山路三段225號,晴,無照明,鄉道,50.0,單路部分,直路,路段,一般車道(未劃分快慢車道),柏油,乾燥,無缺陷,無障礙物,無遮蔽物,良好,無號誌,無號誌,雙向禁止超車線,無標記,未繪設車道線,未繪設快慢車道分隔線,有,車與車,其他,駕駛者,吸食違禁物駕駛,死亡1;受傷0,3.0,機車,普通重型,女,37.0,不明,不明,車的狀態,靜止(引擎熄火),其他,不明,,,無(車輛駕駛者因素),尚未發現肇事因素,否,120.881896,24.702378
2026,7.0,20260701.0,170600.0,A1,苗栗縣警察局,苗栗縣竹南鎮龍山路三段225號,晴,無照明,鄉道,50.0,單路部分,直路,路段,一般車道(未劃分快慢車道),柏油,乾燥,無缺陷,無障礙物,無遮蔽物,良好,無號誌,無號誌,雙向禁止超車線,無標記,未繪設車道線,未繪設快慢車道分隔線,有,車與車,其他,駕駛者,吸食違禁物駕駛,死亡1;受傷0,4.0,機車,普通重型,女,34.0,不明,不明,車的狀態,靜止(引擎熄火),其他,不明,,,無(車輛駕駛者因素),尚未發現肇事因素,否,120.881896,24.702378
2026,7.0,20260701.0,170600.0,A1,苗栗縣警察局,苗栗縣竹南鎮龍山路三段225號,晴,無照明,鄉道,50.0,單路部分,直路,路段,一般車道(未劃分快慢車道),柏油,乾燥,無缺陷,無障礙物,無遮蔽物,良好,無號誌,無號誌,雙向禁止超車線,無標記,未繪設車道線,未繪設快慢車道分隔線,有,車與車,其他,駕駛者,吸食違禁物駕駛,死亡1;受傷0,5.0,機車,普通重型,女,38.0,不明,不明,車的狀態,靜止(引擎熄火),其他,不明,,,無(車輛駕駛者因素),尚未發現肇事因素,否,120.881896,24.702378
2026,7.0,20260701.0,170600.0,A1,苗栗縣警察局,苗栗縣竹南鎮龍山路三段225號,晴,無照明,鄉道,50.0,單路部分,直路,路段,一般車道(未劃分快慢車道),柏油,乾燥,無缺陷,無障礙物,無遮蔽物,良好,無號誌,無號誌,雙向禁止超車線,無標記,未繪設車道線,未繪設快慢車道分隔線,有,車與車,其他,駕駛者,吸食違禁物駕駛,死亡1;受傷0,6.0,,,無或物(動物、堆置物),-1.0,,,,,,,,,無(非車輛駕駛人因素),尚未發現肇事因素,否,120.881896,24.702378
2026,7.0,20260702.0,41700.0,A1,宜蘭縣政府警察局,宜蘭縣頭城鎮宜三路1段261號前0.0公尺附近,晴,有照明且開啟,鄉道,0.0,單路部分,直路,路段,一般車道(未劃分快慢車道),柏油,乾燥,無缺陷,無障礙物,無遮蔽物,良好,無號誌,無號誌,行車分向線,附標記,未繪設車道線,未繪設快慢車道分隔線,有,人與車,穿越道路中,非駕駛者,未依標誌或標線穿越道路,死亡1;受傷0,1.0,人,行人,男,88.0,其他(無需使用保護裝備之人),非駕駛人,人的狀態,步行,其他,非汽、機及自行車,,,非駕駛者,未依標誌或標線穿越道路,否,121.795505,24.846921
2026,7.0,20260702.0,41700.0,A1,宜蘭縣政府警察局,宜蘭縣頭城鎮宜三路1段261號前0.0公尺附近,晴,有照明且開啟,鄉道,0.0,單路部分,直路,路段,一般車道(未劃分快慢車道),柏油,乾燥,無缺陷,無障礙物,無遮蔽物,良好,無號誌,無號誌,行車分向線,附標記,未繪設車道線,未繪設快慢車道分隔線,有,人與車,穿越道路中,非駕駛者,未依標誌或標線穿越道路,死亡1;受傷0,2.0,小貨車,自用,男,50.0,繫安全帶(使用幼童安全椅),未使用,車的狀態,向前直行中,汽車,前車頭,,,駕駛者,恍神、緊張、心不在焉分心駕駛,否,121.795505,24.846921
2026,7.0,20260702.0,60000.0,A1,國道公路警察局,屏東縣竹田鄉國道3號 411公里800.0公尺處南向外側,晴,無照明,國道,110.0,單路部分,直路,路段,快車道,柏油,乾燥,無缺陷,無障礙物,無遮蔽物,良好,無號誌,無號誌,中央分向島,寬式(50公分以上),車道線(附標記),未繪設快慢車道分隔線,有,車與車,同向擦撞,駕駛者,恍神、緊張、心不在焉分心駕駛,死亡1;受傷0,1.0,小客車(含客、貨兩用),自用,男,26.0,未戴安全帽或未繫安全帶(未使用幼童安全椅),不明,車的狀態,向前直行中,汽車,右前車頭(身),汽車,後車尾,駕駛者,恍神、緊張、心不在焉分心駕駛,否,120.526433,22.597976
2026,7.0,20260702.0,60000.0,A1,國道公路警察局,屏東縣竹田鄉國道3號 411公里800.0公尺處南向外側,晴,無照明,國道,110.0,單路部分,直路,路段,快車道,柏油,乾燥,無缺陷,無障礙物,無遮蔽物,良好,無號誌,無號誌,中央分向島,寬式(50公分以上),車道線(附標記),未繪設快慢車道分隔線,有,車與車,同向擦撞,駕駛者,恍神、緊張、心不在焉分心駕駛,死亡1;受傷0,2.0,小客車(含客、貨兩用),自用,男,45.0,繫安全帶(使用幼童安全椅),未使用,車的狀態,向前直行中,汽車,左後車尾(身),,,無(車輛駕駛者因素),尚未發現肇事因素,否,120.526433,22.597976
2026,7.0,20260702.0,60000.0,A1,國道公路警察局,屏東縣竹田鄉國道3號 411公里800.0公尺處南向外側,晴,無照明,國道,110.0,單路部分,直路,路段,快車道,柏油,乾燥,無缺陷,無障礙物,無遮蔽物,良好,無號誌,無號誌,中央分向島,寬式(50公分以上),車道線(附標記),未繪設快慢車道分隔線,有,車與車,同向擦撞,駕駛者,恍神、緊張、心不在焉分心駕駛,死亡1;受傷0,3.0,,,無或物(動物、堆置物),-1.0,,,,,,,,,無(非車輛駕駛人因素),尚未發現肇事因素,否,120.526433,22.597976
2026,7.0,20260702.0,94027.0,A1,屏東縣政府警察局,屏東縣林邊鄉成功路口 / 屏東縣林邊鄉成功路口,晴,有照明且開啟,市區道路,50.0,交岔路,三岔路,交叉路口,交叉口附近,柏油,乾燥,無缺陷,無障礙物,無遮蔽物,良好,無號誌,無號誌,行車分向線,無標記,未繪設車道線,未繪設快慢車道分隔線,有,車輛本身,撞非固定設施,駕駛者,恍神、緊張、心不在焉分心駕駛,死亡1;受傷0,1.0,機車,普通重型,男,57.0,戴半罩式安全帽,未使用,車的狀態,向前直行中,機車與自行車,前車頭,,,駕駛者,恍神、緊張、心不在焉分心駕駛,否,120.499424,22.431962
2026,7.0,20260702.0,94027.0,A1,屏東縣政府警察局,屏東縣林邊鄉成功路口 / 屏東縣林邊鄉成功路口,晴,有照明且開啟,市區道路,50.0,交岔路,三岔路,交叉路口,交叉口附近,柏油,乾燥,無缺陷,無障礙物,無遮蔽物,良好,無號誌,無號誌,行車分向線,無標記,未繪設車道線,未繪設快慢車道分隔線,有,車輛本身,撞非固定設施,駕駛者,恍神、緊張、心不在焉分心駕駛,死亡1;受傷0,2.0,,,無或物(動物、堆置物),-1.0,,,,,,,,,無(非車輛駕駛人因素),尚未發現肇事因素,否,120.499424,22.431962
2026,7.0,20260703.0,123900.0,A1,高雄市政府警察局,高雄市橋頭區成功南路 / 高雄市橋頭區南溝路,晴,有照明未開啟或故障,市區道路,60.0,交岔路,四岔路,交叉路口,交叉路口內,柏油,乾燥,無缺陷,無障礙物,無遮蔽物,良好,行車管制號誌,正常,中央分向島,寬式(50公分以上),車道線(附標記),快慢車道分隔線,有,車與車,路口交岔撞,駕駛者,闖紅燈直行,死亡1;受傷4,1.0,機車,普通重型,男,74.0,戴半罩式安全帽,未使用,車的狀態,向前直行中,機車與自行車,前車頭,,,駕駛者,闖紅燈直行,否,120.311104,22.755504
2026,7.0,20260703.0,123900.0,A1,高雄市政府警察局,高雄市橋頭區成功南路 / 高雄市橋頭區南溝路,晴,有照明未開啟或故障,市區道路,60.0,交岔路,四岔路,交叉路口,交叉路口內,柏油,乾燥,無缺陷,無障礙物,無遮蔽物,良好,行車管制號誌,正常,中央分向島,寬式(50公分以上),車道線(附標記),快慢車道分隔線,有,車與車,路口交岔撞,駕駛者,闖紅燈直行,死亡1;受傷4,2.0,機車,普通重型,女,34.0,戴半罩式安全帽,未使用,車的狀態,向前直行中,機車與自行車,左側車身,,,無(車輛駕駛者因素),尚未發現肇事因素,否,120.311104,22.755504
2026,7.0,20260703.0,123900.0,A1,高雄市政府警察局,高雄市橋頭區成功南路 / 高雄市橋頭區南溝路,晴,有照明未開啟或故障,市區道路,60.0,交岔路,四岔路,交叉路口,交叉路口內,柏油,乾燥,無缺陷,無障礙物,無遮蔽物,良好,行車管制號誌,正常,中央分向島,寬式(50公分以上),車道線(附標記),快慢車道分隔線,有,車與車,路口交岔撞,駕駛者,闖紅燈直行,死亡1;受傷4,3.0,人,乘客,女,12.0,戴半罩式安全帽,非駕駛人,人的狀態,其他,其他,無撞擊,,,無(非車輛駕駛人因素),尚未發現肇事因素,否,120.311104,22.755504
2026,7.0,20260703.0,123900.0,A1,高雄市政府警察局,高雄市橋頭區成功南路 / 高雄市橋頭區南溝路,晴,有照明未開啟或故障,市區道路,60.0,交岔路,四岔路,交叉路口,交叉路口內,柏油,乾燥,無缺陷,無障礙物,無遮蔽物,良好,行車管制號誌,正常,中央分向島,寬式(50公分以上),車道線(附標記),快慢車道分隔線,有,車與車,路口交岔撞,駕駛者,闖紅燈直行,死亡1;受傷4,4.0,人,乘客,女,10.0,戴半罩式安全帽,非駕駛人,人的狀態,其他,其他,無撞擊,,,無(非車輛駕駛人因素),尚未發現肇事因素,否,120.311104,22.755504
2026,7.0,20260703.0,123900.0,A1,高雄市政府警察局,高雄市橋頭區成功南路 / 高雄市橋頭區南溝路,晴,有照明未開啟或故障,市區道路,60.0,交岔路,四岔路,交叉路口,交叉路口內,柏油,乾燥,無缺陷,無障礙物,無遮蔽物,良好,行車管制號誌,正常,中央分向島,寬式(50公分以上),車道線(附標記),快慢車道分隔線,有,車與車,路口交岔撞,駕駛者,闖紅燈直行,死亡1;受傷4,5.0,人,乘客,女,7.0,戴半罩式安全帽,非駕駛人,人的狀態,其他,其他,無撞擊,,,無(非車輛駕駛人因素),尚未發現肇事因素,否,120.311104,22.755504
2026,7.0,20260703.0,203400.0,A1,基隆市警察局,基隆市仁愛區孝二路 / 基隆市仁愛區忠四路,晴,有照明且開啟,市區道路,0.0,交岔路,四岔路,交叉路口,交叉口附近,柏油,乾燥,無缺陷,無障礙物,無遮蔽物,良好,行車管制號誌,正常,雙向禁止超車線,無標記,車道線(無標記),未繪設快慢車道分隔線,有,人與車,穿越道路中,非駕駛者,未依規定行走地下道、天橋穿越道路,死亡1;受傷0,1.0,人,行人,男,87.0,其他(無需使用保護裝備之人),非駕駛人,人的狀態,步行,其他,非汽、機及自行車,,,非駕駛者,未依規定行走地下道、天橋穿越道路,否,121.741105,25.129524
2026,7.0,20260703.0,203400.0,A1,基隆市警察局,基隆市仁愛區孝二路 / 基隆市仁愛區忠四路,晴,有照明且開啟,市區道路,0.0,交岔路,四岔路,交叉路口,交叉口附近,柏油,乾燥,無缺陷,無障礙物,無遮蔽物,良好,行車管制號誌,正常,雙向禁止超車線,無標記,車道線(無標記),未繪設快慢車道分隔線,有,人與車,穿越道路中,非駕駛者,未依規定行走地下道、天橋穿越道路,死亡1;受傷0,2.0,小客車(含客、貨兩用),自用,男,34.0,不明,不明,車的狀態,右轉彎,汽車,前車頭,,,無(車輛駕駛者因素),尚未發現肇事因素,否,121.741105,25.129524
2026,7.0,20260704.0,32500.0,A1,新北市政府警察局,新北市深坑區北深路3段 / 新北市深坑區北深路3段,晴,有照明且開啟,市區道路,40.0,交岔路,三岔路,交叉路口,交叉口附近,柏油,乾燥,無缺陷,無障礙物,無遮蔽物,良好,行車管制號誌(附設行人專用號誌),正常,雙向禁止超車線,無標記,車道線(無標記),未繪設快慢車道分隔線,無,人與車,對向通行中,駕駛者,起步時未注意安全,死亡1;受傷0,1.0,小客車(含客、貨兩用),自用,男,29.0,繫安全帶(使用幼童安全椅),未使用,車的狀態,起步,汽車,前車頭,,,駕駛者,起步時未注意安全,否,121.602468,25.003343
2026,7.0,20260704.0,32500.0,A1,新北市政府警察局,新北市深坑區北深路3段 / 新北市深坑區北深路3段,晴,有照明且開啟,市區道路,40.0,交岔路,三岔路,交叉路口,交叉口附近,柏油,乾燥,無缺陷,無障礙物,無遮蔽物,良好,行車管制號誌(附設行人專用號誌),正常,雙向禁止超車線,無標記,車道線(無標記),未繪設快慢車道分隔線,無,人與車,對向通行中,駕駛者,起步時未注意安全,死亡1;受傷0,2.0,人,行人,男,73.0,其他(無需使用保護裝備之人),非駕駛人,人的狀態,步行,其他,非汽、機及自行車,,,非駕駛者,未依號誌或手勢指揮(示)穿越道路,否,121.602468,25.003343
2026,7.0,20260704.0,65900.0,A1,屏東縣政府警察局,屏東縣枋山鄉台1線 455公里200.0公尺處附近向路肩,晴,無照明,省道,60.0,單路部分,直路,路段,路肩、路緣,柏油,乾燥,無缺陷,無障礙物,無遮蔽物,良好,無號誌,無號誌,中央分向島,寬式(50公分以上),未繪設車道線,快慢車道分隔線,有,車輛本身,撞非固定設施,駕駛者,恍神、緊張、心不在焉分心駕駛,死亡1;受傷1,1.0,小客車(含客、貨兩用),自用,男,26.0,繫安全帶(使用幼童安全椅),未使用,車的狀態,向前直行中,汽車,前車頭,汽車,後車尾,駕駛者,恍神、緊張、心不在焉分心駕駛,否,120.667891,22.23986
2026,7.0,20260704.0,65900.0,A1,屏東縣政府警察局,屏東縣枋山鄉台1線 455公里200.0公尺處附近向路肩,晴,無照明,省道,60.0,單路部分,直路,路段,路肩、路緣,柏油,乾燥,無缺陷,無障礙物,無遮蔽物,良好,無號誌,無號誌,中央分向島,寬式(50公分以上),未繪設車道線,快慢車道分隔線,有,車輛本身,撞非固定設施,駕駛者,恍神、緊張、心不在焉分心駕駛,死亡1;受傷1,2.0,,,無或物(動物、堆置物),-1.0,,,,,,,,,無(非車輛駕駛人因素),尚未發現肇事因素,否,120.667891,22.23986
2026,7.0,20260704.0,65900.0,A1,屏東縣政府警察局,屏東縣枋山鄉台1線 455公里200.0公尺處附近向路肩,晴,無照明,省道,60.0,單路部分,直路,路段,路肩、路緣,柏油,乾燥,無缺陷,無障礙物,無遮蔽物,良好,無號誌,無號誌,中央分向島,寬式(50公分以上),未繪設車道線,快慢車道分隔線,有,車輛本身,撞非固定設施,駕駛者,恍神、緊張、心不在焉分心駕駛,死亡1;受傷1,3.0,人,乘客,男,36.0,繫安全帶(使用幼童安全椅),非駕駛人,人的狀態,其他,其他,非汽、機及自行車,,,無(非車輛駕駛人因素),尚未發現肇事因素,否,120.667891,22.23986
2026,7.0,20260704.0,65900.0,A1,屏東縣政府警察局,屏東縣枋山鄉台1線 455公里200.0公尺處附近向路肩,晴,無照明,省道,60.0,單路部分,直路,路段,路肩、路緣,柏油,乾燥,無缺陷,無障礙物,無遮蔽物,良好,無號誌,無號誌,中央分向島,寬式(50公分以上),未繪設車道線,快慢車道分隔線,有,車輛本身,撞非固定設施,駕駛者,恍神、緊張、心不在焉分心駕駛,死亡1;受傷1,4.0,人,其他人,男,49.0,其他(無需使用保護裝備之人),非駕駛人,人的狀態,其他,其他,非汽、機及自行車,,,無(非車輛駕駛人因素),尚未發現肇事因素,否,120.667891,22.23986
2026,7.0,20260704.0,80200.0,A1,臺南市政府警察局,臺南市關廟區南雄路二段880巷進來(路燈編號310738),晴,有照明未開啟或故障,市區道路,30.0,單路部分,彎曲路及附近,其他,其他,柏油,乾燥,無缺陷,無障礙物,無遮蔽物,良好,無號誌,無號誌,無,無分向設施,未繪設車道線,未繪設快慢車道分隔線,無,車輛本身,衝出路外,駕駛者,恍神、緊張、心不在焉分心駕駛,死亡1;受傷0,1.0,慢車,腳踏自行車,男,46.0,其他(無需使用保護裝備之人),不明,車的狀態,左轉彎,機車與自行車,前車頭,,,駕駛者,恍神、緊張、心不在焉分心駕駛,否,120.321866,22.982896
2026,7.0,20260704.0,80200.0,A1,臺南市政府警察局,臺南市關廟區南雄路二段880巷進來(路燈編號310738),晴,有照明未開啟或故障,市區道路,30.0,單路部分,彎曲路及附近,其他,其他,柏油,乾燥,無缺陷,無障礙物,無遮蔽物,良好,無號誌,無號誌,無,無分向設施,未繪設車道線,未繪設快慢車道分隔線,無,車輛本身,衝出路外,駕駛者,恍神、緊張、心不在焉分心駕駛,死亡1;受傷0,2.0,,,無或物(動物、堆置物),-1.0,,,,,,,,,無(非車輛駕駛人因素),尚未發現肇事因素,否,120.321866,22.982896