發生年度,發生月份,發生日期,發生時間,事故類別名稱,處理單位名稱警局層,發生地點,天候名稱,光線名稱,道路類別-第1當事者-名稱,速限-第1當事者,道路型態大類別名稱,道路型態子類別名稱,事故位置大類別名稱,事故位置子類別名稱,路面狀況-路面鋪裝名稱,路面狀況-路面狀態名稱,路面狀況-路面缺陷名稱,道路障礙-障礙物名稱,道路障礙-視距品質名稱,道路障礙-視距名稱,號誌-號誌種類名稱,號誌-號誌動作名稱,車道劃分設施-分向設施大類別名稱,車道劃分設施-分向設施子類別名稱,車道劃分設施-分道設施-快車道或一般車道間名稱,車道劃分設施-分道設施-快慢車道間名稱,車道劃分設施-分道設施-路面邊線名稱,事故類型及型態大類別名稱,事故類型及型態子類別名稱,肇因研判大類別名稱-主要,肇因研判子類別名稱-主要,死亡受傷人數,當事者順位,當事者區分-類別-大類別名稱-車種,當事者區分-類別-子類別名稱-車種,當事者屬-性-別名稱,當事者事故發生時年齡,保護裝備名稱,行動電話或電腦或其他相類功能裝置名稱,當事者行動狀態大類別名稱,當事者行動狀態子類別名稱,車輛撞擊部位大類別名稱-最初,車輛撞擊部位子類別名稱-最初,車輛撞擊部位大類別名稱-其他,車輛撞擊部位子類別名稱-其他,肇因研判大類別名稱-個別,肇因研判子類別名稱-個別,肇事逃逸類別名稱-是否肇逃,經度,緯度
2026,7.0,20260705.0,75500.0,A1,臺中市政府警察局,臺中市西屯區福林里臺灣大道四段1058號前0.0公尺,晴,有照明未開啟或故障,市區道路,40.0,交岔路,三岔路,交叉路口,交叉路口內,柏油,乾燥,無缺陷,無障礙物,無遮蔽物,良好,行車管制號誌(附設行人專用號誌),正常,無,無分向設施,未繪設車道線,未繪設快慢車道分隔線,無,車與車,同向擦撞,其他,其他不當駕車行為,死亡1;受傷0,1.0,小客車(含客、貨兩用),自用,男,39.0,繫安全帶(使用幼童安全椅),未使用,車的狀態,右轉彎,汽車,右前車頭(身),,,其他,其他不當駕車行為,否,120.615283,24.183315
2026,7.0,20260705.0,75500.0,A1,臺中市政府警察局,臺中市西屯區福林里臺灣大道四段1058號前0.0公尺,晴,有照明未開啟或故障,市區道路,40.0,交岔路,三岔路,交叉路口,交叉路口內,柏油,乾燥,無缺陷,無障礙物,無遮蔽物,良好,行車管制號誌(附設行人專用號誌),正常,無,無分向設施,未繪設車道線,未繪設快慢車道分隔線,無,車與車,同向擦撞,其他,其他不當駕車行為,死亡1;受傷0,2.0,機車,普通重型,男,61.0,戴半罩式安全帽,未使用,車的狀態,向前直行中,機車與自行車,左側車身,,,其他,其他不當駕車行為,否,120.615283,24.183315
2026,7.0,20260705.0,103525.0,A1,苗栗縣警察局,苗栗縣三義鄉台13線54.8K處,晴,無照明,省道,50.0,單路部分,彎曲路及附近,路段,一般車道(未劃分快慢車道),柏油,乾燥,無缺陷,無障礙物,無遮蔽物,良好,無號誌,無號誌,中央分向島,窄式附柵欄,車道線(無標記),未繪設快慢車道分隔線,有,車輛本身,撞護欄(樁),無(車輛駕駛者因素),尚未發現肇事因素,死亡1;受傷0,1.0,機車,大型重型1(550C.C.以上),男,21.0,戴非半罩式安全帽,未使用,車的狀態,向前直行中,機車與自行車,前車頭,,,無(車輛駕駛者因素),尚未發現肇事因素,否,120.739112,24.360233
2026,7.0,20260705.0,103525.0,A1,苗栗縣警察局,苗栗縣三義鄉台13線54.8K處,晴,無照明,省道,50.0,單路部分,彎曲路及附近,路段,一般車道(未劃分快慢車道),柏油,乾燥,無缺陷,無障礙物,無遮蔽物,良好,無號誌,無號誌,中央分向島,窄式附柵欄,車道線(無標記),未繪設快慢車道分隔線,有,車輛本身,撞護欄(樁),無(車輛駕駛者因素),尚未發現肇事因素,死亡1;受傷0,2.0,,,無或物(動物、堆置物),-1.0,,,,,,,,,無(非車輛駕駛人因素),尚未發現肇事因素,否,120.739112,24.360233
2026,7.0,20260705.0,135300.0,A1,新北市政府警察局,新北市新店區安康路2段 / 新北市新店區薏仁坑路,晴,無照明,市區道路,50.0,交岔路,四岔路,交叉路口,交叉路口內,柏油,乾燥,無缺陷,無障礙物,無遮蔽物,良好,行車管制號誌(附設行人專用號誌),正常,雙向禁止超車線,附標記,車道線(附標記),未繪設快慢車道分隔線,有,車與車,其他,駕駛者,有號誌路口，轉彎車未讓直行車先行,死亡1;受傷1,1.0,小客車(含客、貨兩用),自用,男,60.0,繫安全帶(使用幼童安全椅),未使用,車的狀態,左轉彎,汽車,前車頭,,,駕駛者,有號誌路口，轉彎車未讓直行車先行,否,121.50037,24.957008
2026,7.0,20260705.0,135300.0,A1,新北市政府警察局,新北市新店區安康路2段 / 新北市新店區薏仁坑路,晴,無照明,市區道路,50.0,交岔路,四岔路,交叉路口,交叉路口內,柏油,乾燥,無缺陷,無障礙物,無遮蔽物,良好,行車管制號誌(附設行人專用號誌),正常,雙向禁止超車線,附標記,車道線(附標記),未繪設快慢車道分隔線,有,車與車,其他,駕駛者,有號誌路口，轉彎車未讓直行車先行,死亡1;受傷1,2.0,機車,大型重型2(250-550C.C.),男,21.0,戴半罩式安全帽,未使用,車的狀態,向前直行中,機車與自行車,前車頭,,,駕駛者,未依規定減速,否,121.50037,24.957008
2026,7.0,20260706.0,24831.0,A1,宜蘭縣政府警察局,宜蘭縣頭城鎮頭濱路1段300號前0.0公尺附近,陰,有照明且開啟,村里道路,30.0,交岔路,四岔路,交叉路口,交叉路口內,柏油,乾燥,無缺陷,無障礙物,無遮蔽物,良好,行車管制號誌,正常,中央分向島,寬式(50公分以上),未繪設車道線,快慢車道分隔線,有,車與車,路口交岔撞,駕駛者,闖紅燈直行,死亡1;受傷0,1.0,慢車,腳踏自行車,女,40.0,其他(無需使用保護裝備之人),未使用,車的狀態,向前直行中,機車與自行車,左側車身,,,駕駛者,闖紅燈直行,否,121.819566,24.817427
2026,7.0,20260706.0,24831.0,A1,宜蘭縣政府警察局,宜蘭縣頭城鎮頭濱路1段300號前0.0公尺附近,陰,有照明且開啟,村里道路,30.0,交岔路,四岔路,交叉路口,交叉路口內,柏油,乾燥,無缺陷,無障礙物,無遮蔽物,良好,行車管制號誌,正常,中央分向島,寬式(50公分以上),未繪設車道線,快慢車道分隔線,有,車與車,路口交岔撞,駕駛者,闖紅燈直行,死亡1;受傷0,2.0,半聯結車,營業用,男,52.0,繫安全帶(使用幼童安全椅),未使用,車的狀態,向前直行中,汽車,前車頭,,,無(車輛駕駛者因素),尚未發現肇事因素,否,121.819566,24.817427
2026,7.0,20260706.0,82605.0,A1,嘉義縣警察局,嘉義縣布袋鎮龍江里台61線270.9公里側車道,晴,有照明未開啟或故障,省道,50.0,單路部分,直路,其他,其他,柏油,乾燥,無缺陷,無障礙物,無遮蔽物,良好,無號誌,無號誌,無,無分向設施,車道線(無標記),未繪設快慢車道分隔線,有,車輛本身,衝出路外,其他,其他不當駕車行為,死亡1;受傷0,1.0,機車,普通重型,男,22.0,不明,未使用,不明,不明,機車與自行車,前車頭,,,其他,其他不當駕車行為,否,120.162044,23.384469
2026,7.0,20260706.0,82605.0,A1,嘉義縣警察局,嘉義縣布袋鎮龍江里台61線270.9公里側車道,晴,有照明未開啟或故障,省道,50.0,單路部分,直路,其他,其他,柏油,乾燥,無缺陷,無障礙物,無遮蔽物,良好,無號誌,無號誌,無,無分向設施,車道線(無標記),未繪設快慢車道分隔線,有,車輛本身,衝出路外,其他,其他不當駕車行為,死亡1;受傷0,2.0,,,無或物(動物、堆置物),-1.0,,,,,,,,,無(非車輛駕駛人因素),尚未發現肇事因素,否,120.162044,23.384469
2026,7.0,20260706.0,132700.0,A1,屏東縣政府警察局,屏東縣高樹鄉高美路300號附近(電桿高美幹125),晴,有照明未開啟或故障,村里道路,30.0,單路部分,直路,路段,一般車道(未劃分快慢車道),柏油,乾燥,無缺陷,無障礙物,無遮蔽物,良好,無號誌,無號誌,無,無分向設施,未繪設車道線,未繪設快慢車道分隔線,有,車輛本身,其他,駕駛者,酒醉(後)駕駛,死亡1;受傷0,1.0,機車,普通重型,男,39.0,戴半罩式安全帽,未使用,車的狀態,向前直行中,其他,無撞擊,,,駕駛者,酒醉(後)駕駛,是,120.575977,22.821227
2026,7.0,20260706.0,132700.0,A1,屏東縣政府警察局,屏東縣高樹鄉高美路300號附近(電桿高美幹125),晴,有照明未開啟或故障,村里道路,30.0,單路部分,直路,路段,一般車道(未劃分快慢車道),柏油,乾燥,無缺陷,無障礙物,無遮蔽物,良好,無號誌,無號誌,無,無分向設施,未繪設車道線,未繪設快慢車道分隔線,有,車輛本身,其他,駕駛者,酒醉(後)駕駛,死亡1;受傷0,2.0,,,無或物(動物、堆置物),-1.0,,,,,,,,,無(非車輛駕駛人因素),尚未發現肇事因素,否,120.575977,22.821227
2026,7.0,20260706.0,132700.0,A1,屏東縣政府警察局,屏東縣高樹鄉高美路300號附近(電桿高美幹125),晴,有照明未開啟或故障,村里道路,30.0,單路部分,直路,路段,一般車道(未劃分快慢車道),柏油,乾燥,無缺陷,無障礙物,無遮蔽物,良好,無號誌,無號誌,無,無分向設施,未繪設車道線,未繪設快慢車道分隔線,有,車輛本身,其他,駕駛者,酒醉(後)駕駛,死亡1;受傷0,3.0,人,乘客,男,74.0,戴半罩式安全帽,非駕駛人,人的狀態,其他,其他,非汽、機及自行車,,,非駕駛者,乘坐不當(慎),否,120.575977,22.821227
2026,7.0,20260707.0,182237.0,A1,屏東縣政府警察局,屏東縣內埔鄉中林村中林路1150號前0.0公尺,晴,無照明,鄉道,60.0,單路部分,直路,路段,一般車道(未劃分快慢車道),柏油,乾燥,無缺陷,無障礙物,無遮蔽物,良好,無號誌,無號誌,行車分向線,無標記,未繪設車道線,未繪設快慢車道分隔線,有,車輛本身,撞電桿,駕駛者,恍神、緊張、心不在焉分心駕駛,死亡1;受傷0,1.0,機車,普通重型,男,48.0,戴半罩式安全帽,未使用,車的狀態,向前直行中,機車與自行車,前車頭,,,駕駛者,恍神、緊張、心不在焉分心駕駛,否,120.598613,22.658915
2026,7.0,20260707.0,182237.0,A1,屏東縣政府警察局,屏東縣內埔鄉中林村中林路1150號前0.0公尺,晴,無照明,鄉道,60.0,單路部分,直路,路段,一般車道(未劃分快慢車道),柏油,乾燥,無缺陷,無障礙物,無遮蔽物,良好,無號誌,無號誌,行車分向線,無標記,未繪設車道線,未繪設快慢車道分隔線,有,車輛本身,撞電桿,駕駛者,恍神、緊張、心不在焉分心駕駛,死亡1;受傷0,2.0,,,無或物(動物、堆置物),-1.0,,,,,,,,,無(非車輛駕駛人因素),尚未發現肇事因素,否,120.598613,22.658915
2026,7.0,20260708.0,15105.0,A1,彰化縣警察局,彰化縣二林鎮豐田里福興巷豐田高幹K2091EE02 前,晴,無照明,鄉道,30.0,單路部分,直路,路段,一般車道(未劃分快慢車道),柏油,乾燥,無缺陷,無障礙物,無遮蔽物,良好,無號誌,無號誌,無,無分向設施,未繪設車道線,未繪設快慢車道分隔線,有,車輛本身,撞電桿,駕駛者,恍神、緊張、心不在焉分心駕駛,死亡1;受傷0,1.0,機車,普通重型,男,46.0,戴半罩式安全帽,未使用,車的狀態,向前直行中,機車與自行車,前車頭,,,駕駛者,恍神、緊張、心不在焉分心駕駛,否,120.386548,23.914017
2026,7.0,20260708.0,15105.0,A1,彰化縣警察局,彰化縣二林鎮豐田里福興巷豐田高幹K2091EE02 前,晴,無照明,鄉道,30.0,單路部分,直路,路段,一般車道(未劃分快慢車道),柏油,乾燥,無缺陷,無障礙物,無遮蔽物,良好,無號誌,無號誌,無,無分向設施,未繪設車道線,未繪設快慢車道分隔線,有,車輛本身,撞電桿,駕駛者,恍神、緊張、心不在焉分心駕駛,死亡1;受傷0,2.0,,,無或物(動物、堆置物),-1.0,,,,,,,,,無(非車輛駕駛人因素),尚未發現肇事因素,否,120.386548,23.914017
2026,7.0,20260708.0,70659.0,A1,屏東縣政府警察局,屏東縣竹田鄉連洲路口 / 屏東縣竹田鄉永興路口,晴,有照明未開啟或故障,鄉道,50.0,交岔路,四岔路,交叉路口,交叉路口內,柏油,乾燥,無缺陷,無障礙物,無遮蔽物,良好,無號誌,無號誌,無,無分向設施,未繪設車道線,未繪設快慢車道分隔線,有,車與車,路口交岔撞,駕駛者,無號誌路口，支線道未讓幹線道先行,死亡2;受傷1,1.0,機車,普通重型,男,20.0,戴非半罩式安全帽,未使用,車的狀態,向前直行中,機車與自行車,前車頭,,,駕駛者,無號誌路口，支線道未讓幹線道先行,否,120.52233,22.584703
2026,7.0,20260708.0,70659.0,A1,屏東縣政府警察局,屏東縣竹田鄉連洲路口 / 屏東縣竹田鄉永興路口,晴,有照明未開啟或故障,鄉道,50.0,交岔路,四岔路,交叉路口,交叉路口內,柏油,乾燥,無缺陷,無障礙物,無遮蔽物,良好,無號誌,無號誌,無,無分向設施,未繪設車道線,未繪設快慢車道分隔線,有,車與車,路口交岔撞,駕駛者,無號誌路口，支線道未讓幹線道先行,死亡2;受傷1,2.0,小客車(含客、貨兩用),自用,男,63.0,繫安全帶(使用幼童安全椅),未使用,車的狀態,向前直行中,汽車,右側車身,,,駕駛者,未保持行車安全距離,否,120.52233,22.584703
2026,7.0,20260708.0,70659.0,A1,屏東縣政府警察局,屏東縣竹田鄉連洲路口 / 屏東縣竹田鄉永興路口,晴,有照明未開啟或故障,鄉道,50.0,交岔路,四岔路,交叉路口,交叉路口內,柏油,乾燥,無缺陷,無障礙物,無遮蔽物,良好,無號誌,無號誌,無,無分向設施,未繪設車道線,未繪設快慢車道分隔線,有,車與車,路口交岔撞,駕駛者,無號誌路口，支線道未讓幹線道先行,死亡2;受傷1,3.0,人,乘客,男,26.0,戴半罩式安全帽,非駕駛人,人的狀態,靜立(止),其他,非汽、機及自行車,,,無(非車輛駕駛人因素),尚未發現肇事因素,否,120.52233,22.584703
2026,7.0,20260708.0,85000.0,A1,新北市政府警察局,新北市永和區環河東路3段78號前0.0公尺,晴,無照明,市區道路,50.0,單路部分,直路,路段,快車道,柏油,乾燥,無缺陷,無障礙物,無遮蔽物,良好,無號誌,無號誌,中央分向島,寬式(50公分以上),車道線(無標記),未繪設快慢車道分隔線,無,車輛本身,其他,其他,其他不當駕車行為,死亡1;受傷1,1.0,機車,普通重型,男,59.0,戴非半罩式安全帽,未使用,車的狀態,向前直行中,機車與自行車,前車頭,,,其他,其他不當駕車行為,否,121.527672,25.004855
2026,7.0,20260708.0,85000.0,A1,新北市政府警察局,新北市永和區環河東路3段78號前0.0公尺,晴,無照明,市區道路,50.0,單路部分,直路,路段,快車道,柏油,乾燥,無缺陷,無障礙物,無遮蔽物,良好,無號誌,無號誌,中央分向島,寬式(50公分以上),車道線(無標記),未繪設快慢車道分隔線,無,車輛本身,其他,其他,其他不當駕車行為,死亡1;受傷1,2.0,,,無或物(動物、堆置物),0.0,,,,,,,,,無(非車輛駕駛人因素),尚未發現肇事因素,否,121.527672,25.004855
2026,7.0,20260708.0,85000.0,A1,新北市政府警察局,新北市永和區環河東路3段78號前0.0公尺,晴,無照明,市區道路,50.0,單路部分,直路,路段,快車道,柏油,乾燥,無缺陷,無障礙物,無遮蔽物,良好,無號誌,無號誌,中央分向島,寬式(50公分以上),車道線(無標記),未繪設快慢車道分隔線,無,車輛本身,其他,其他,其他不當駕車行為,死亡1;受傷1,3.0,人,乘客,女,58.0,戴非半罩式安全帽,非駕駛人,人的狀態,其他,其他,非汽、機及自行車,,,無(非車輛駕駛人因素),尚未發現肇事因素,否,121.527672,25.004855
2026,7.0,20260708.0,85400.0,A1,澎湖縣政府警察局,澎湖縣馬公市忠孝路口 / 澎湖縣馬公市明遠路口,晴,有照明未開啟或故障,市區道路,50.0,交岔路,四岔路,交叉路口,交叉路口內,柏油,乾燥,無缺陷,無障礙物,無遮蔽物,良好,閃光號誌,正常,無,無分向設施,未繪設車道線,未繪設快慢車道分隔線,無,車與車,路口交岔撞,駕駛者,違反閃光號誌,死亡1;受傷0,1.0,機車,普通重型,男,30.0,戴半罩式安全帽,未使用,車的狀態,向前直行中,機車與自行車,前車頭,,,駕駛者,違反閃光號誌,否,119.567133,23.57072
2026,7.0,20260708.0,85400.0,A1,澎湖縣政府警察局,澎湖縣馬公市忠孝路口 / 澎湖縣馬公市明遠路口,晴,有照明未開啟或故障,市區道路,50.0,交岔路,四岔路,交叉路口,交叉路口內,柏油,乾燥,無缺陷,無障礙物,無遮蔽物,良好,閃光號誌,正常,無,無分向設施,未繪設車道線,未繪設快慢車道分隔線,無,車與車,路口交岔撞,駕駛者,違反閃光號誌,死亡1;受傷0,2.0,小客車(含客、貨兩用),自用,女,39.0,繫安全帶(使用幼童安全椅),未使用,車的狀態,向前直行中,汽車,左前車頭(身),,,駕駛者,恍神、緊張、心不在焉分心駕駛,否,119.567133,23.57072
2026,7.0,20260708.0,90400.0,A1,新北市政府警察局,新北市新莊區新樹路 / 新北市新莊區新樹路,晴,無照明,市區道路,50.0,交岔路,三岔路,交叉路口,交叉路口內,柏油,乾燥,無缺陷,無障礙物,無遮蔽物,良好,無號誌,無號誌,雙向禁止超車線,無標記,車道線(無標記),快慢車道分隔線,有,車與車,其他,駕駛者,違反其他標誌(線)禁制,死亡1;受傷0,1.0,小客車(含客、貨兩用),自用,男,61.0,繫安全帶(使用幼童安全椅),未使用,車的狀態,左轉彎,汽車,左前車頭(身),,,駕駛者,違反其他標誌(線)禁制,否,121.433237,25.018612
2026,7.0,20260708.0,90400.0,A1,新北市政府警察局,新北市新莊區新樹路 / 新北市新莊區新樹路,晴,無照明,市區道路,50.0,交岔路,三岔路,交叉路口,交叉路口內,柏油,乾燥,無缺陷,無障礙物,無遮蔽物,良好,無號誌,無號誌,雙向禁止超車線,無標記,車道線(無標記),快慢車道分隔線,有,車與車,其他,駕駛者,違反其他標誌(線)禁制,死亡1;受傷0,2.0,機車,普通重型,男,72.0,戴半罩式安全帽,未使用,車的狀態,向前直行中,機車與自行車,前車頭,,,無(車輛駕駛者因素),尚未發現肇事因素,否,121.433237,25.018612
2026,7.0,20260708.0,200801.0,A1,嘉義縣警察局,嘉義縣朴子市佳禾里167縣道與嘉45-1鄉道路口,晴,有照明且開啟,縣道,50.0,交岔路,四岔路,交叉路口,交叉路口內,柏油,乾燥,無缺陷,無障礙物,無遮蔽物,良好,行車管制號誌,正常,無,無分向設施,未繪設車道線,未繪設快慢車道分隔線,無,車與車,側撞,駕駛者,有號誌路口，轉彎車未讓直行車先行,死亡1;受傷1,1.0,機車,普通重型,女,50.0,戴半罩式安全帽,未使用,車的狀態,左轉彎,機車與自行車,右側車身,,,駕駛者,有號誌路口，轉彎車未讓直行車先行,否,120.26217,23.45248
2026,7.0,20260708.0,200801.0,A1,嘉義縣警察局,嘉義縣朴子市佳禾里167縣道與嘉45-1鄉道路口,晴,有照明且開啟,縣道,50.0,交岔路,四岔路,交叉路口,交叉路口內,柏油,乾燥,無缺陷,無障礙物,無遮蔽物,良好,行車管制號誌,正常,無,無分向設施,未繪設車道線,未繪設快慢車道分隔線,無,車與車,側撞,駕駛者,有號誌路口，轉彎車未讓直行車先行,死亡1;受傷1,2.0,小客車(含客、貨兩用),自用,男,33.0,繫安全帶(使用幼童安全椅),未使用,車的狀態,向前直行中,汽車,前車頭,,,駕駛者,恍神、緊張、心不在焉分心駕駛,否,120.26217,23.45248
2026,7.0,20260708.0,200801.0,A1,嘉義縣警察局,嘉義縣朴子市佳禾里167縣道與嘉45-1鄉道路口,晴,有照明且開啟,縣道,50.0,交岔路,四岔路,交叉路口,交叉路口內,柏油,乾燥,無缺陷,無障礙物,無遮蔽物,良好,行車管制號誌,正常,無,無分向設施,未繪設車道線,未繪設快慢車道分隔線,無,車與車,側撞,駕駛者,有號誌路口，轉彎車未讓直行車先行,死亡1;受傷1,3.0,,,無或物(動物、堆置物),-1.0,,,,,,,,,無(非車輛駕駛人因素),尚未發現肇事因素,否,120.26217,23.45248
2026,7.0,20260709.0,75347.0,A1,嘉義縣警察局,嘉義縣太保市東勢里故宮大道、嘉43線路口,晴,有照明未開啟或故障,鄉道,40.0,交岔路,四岔路,交叉路口,交叉路口內,柏油,乾燥,無缺陷,無障礙物,無遮蔽物,良好,行車管制號誌,正常,無,無分向設施,未繪設車道線,未繪設快慢車道分隔線,無,車與車,路口交岔撞,駕駛者,闖紅燈直行,死亡1;受傷1,1.0,機車,普通重型,女,42.0,戴非半罩式安全帽,未使用,車的狀態,向前直行中,機車與自行車,前車頭,,,駕駛者,闖紅燈直行,否,120.313058,23.466734
2026,7.0,20260709.0,75347.0,A1,嘉義縣警察局,嘉義縣太保市東勢里故宮大道、嘉43線路口,晴,有照明未開啟或故障,鄉道,40.0,交岔路,四岔路,交叉路口,交叉路口內,柏油,乾燥,無缺陷,無障礙物,無遮蔽物,良好,行車管制號誌,正常,無,無分向設施,未繪設車道線,未繪設快慢車道分隔線,無,車與車,路口交岔撞,駕駛者,闖紅燈直行,死亡1;受傷1,2.0,機車,普通重型,女,26.0,戴非半罩式安全帽,未使用,車的狀態,向前直行中,機車與自行車,前車頭,機車與自行車,左側車身,無(車輛駕駛者因素),尚未發現肇事因素,否,120.313058,23.466734
2026,7.0,20260710.0,125400.0,A1,苗栗縣警察局,苗栗縣獅潭鄉永興村獅象橋旁產業道路2K,晴,有照明未開啟或故障,村里道路,30.0,單路部分,直路,路段,路肩、路緣,柏油,乾燥,無缺陷,無障礙物,無遮蔽物,良好,無號誌,無號誌,無,無分向設施,未繪設車道線,未繪設快慢車道分隔線,無,車輛本身,路上翻車、摔倒,其他,其他不當駕車行為,死亡1;受傷0,1.0,機車,普通重型,女,74.0,戴非半罩式安全帽,不明,車的狀態,靜止(引擎熄火),機車與自行車,右側車身,,,其他,其他不當駕車行為,否,120.936378,24.566597
2026,7.0,20260710.0,125400.0,A1,苗栗縣警察局,苗栗縣獅潭鄉永興村獅象橋旁產業道路2K,晴,有照明未開啟或故障,村里道路,30.0,單路部分,直路,路段,路肩、路緣,柏油,乾燥,無缺陷,無障礙物,無遮蔽物,良好,無號誌,無號誌,無,無分向設施,未繪設車道線,未繪設快慢車道分隔線,無,車輛本身,路上翻車、摔倒,其他,其他不當駕車行為,死亡1;受傷0,2.0,,,無或物(動物、堆置物),-1.0,,,,,,,,,無(非車輛駕駛人因素),尚未發現肇事因素,否,120.936378,24.566597
2026,7.0,20260710.0,132100.0,A1,臺中市政府警察局,臺中市梧棲區永寧里中華路一段587號前0.0公尺,晴,有照明未開啟或故障,市區道路,0.0,單路部分,直路,路段,慢車道,柏油,乾燥,無缺陷,無障礙物,無遮蔽物,良好,無號誌,無號誌,中央分向島,寬式(50公分以上),車道線(無標記),快慢車道分隔線,有,車與車,倒車撞,駕駛者,倒車未依規定,死亡1;受傷0,1.0,小貨車,自用,男,45.0,繫安全帶(使用幼童安全椅),未使用,車的狀態,倒車,汽車,右後車尾(身),,,駕駛者,倒車未依規定,否,120.545767,24.229426
2026,7.0,20260710.0,132100.0,A1,臺中市政府警察局,臺中市梧棲區永寧里中華路一段587號前0.0公尺,晴,有照明未開啟或故障,市區道路,0.0,單路部分,直路,路段,慢車道,柏油,乾燥,無缺陷,無障礙物,無遮蔽物,良好,無號誌,無號誌,中央分向島,寬式(50公分以上),車道線(無標記),快慢車道分隔線,有,車與車,倒車撞,駕駛者,倒車未依規定,死亡1;受傷0,2.0,機車,普通重型,男,35.0,戴半罩式安全帽,未使用,車的狀態,向前直行中,機車與自行車,前車頭,,,駕駛者,超速駕駛,否,120.545767,24.229426
2026,7.0,20260710.0,150920.0,A1,彰化縣警察局,彰化縣鹿港鎮鹿和里鹿和路一段586號,雨,無照明,村里道路,60.0,單路部分,直路,路段,機車優先道,柏油,濕潤,無缺陷,無障礙物,無遮蔽物,良好,無號誌,無號誌,行車分向線,無標記,車道線(無標記),快慢車道分隔線,有,車與車,側撞,駕駛者,右轉彎未依規定,死亡1;受傷0,1.0,小客車(含客、貨兩用),自用,女,35.0,繫安全帶(使用幼童安全椅),未使用,車的狀態,右轉彎,汽車,右前車頭(身),,,駕駛者,右轉彎未依規定,否,120.451149,24.066706
2026,7.0,20260710.0,150920.0,A1,彰化縣警察局,彰化縣鹿港鎮鹿和里鹿和路一段586號,雨,無照明,村里道路,60.0,單路部分,直路,路段,機車優先道,柏油,濕潤,無缺陷,無障礙物,無遮蔽物,良好,無號誌,無號誌,行車分向線,無標記,車道線(無標記),快慢車道分隔線,有,車與車,側撞,駕駛者,右轉彎未依規定,死亡1;受傷0,2.0,機車,普通重型,女,17.0,戴非半罩式安全帽,未使用,車的狀態,向前直行中,機車與自行車,左側車身,,,駕駛者,恍神、緊張、心不在焉分心駕駛,否,120.451149,24.066706
2026,7.0,20260710.0,150920.0,A1,彰化縣警察局,彰化縣鹿港鎮鹿和里鹿和路一段586號,雨,無照明,村里道路,60.0,單路部分,直路,路段,機車優先道,柏油,濕潤,無缺陷,無障礙物,無遮蔽物,良好,無號誌,無號誌,行車分向線,無標記,車道線(無標記),快慢車道分隔線,有,車與車,側撞,駕駛者,右轉彎未依規定,死亡1;受傷0,3.0,小客車(含客、貨兩用),自用,男,61.0,不明,不明,車的狀態,靜止(引擎熄火),汽車,後車尾,,,其他,違規(臨時)停車,否,120.451149,24.066706
2026,7.0,20260712.0,113000.0,A1,新北市政府警察局,新北市新店區建國路 / 新北市新店區建國路,晴,有照明未開啟或故障,市區道路,50.0,交岔路,四岔路,其他,行人穿越道,柏油,乾燥,無缺陷,無障礙物,無遮蔽物,良好,無號誌,無號誌,雙向禁止超車線,無標記,車道線(無標記),未繪設快慢車道分隔線,有,人與車,穿越道路中,駕駛者,車輛未依規定暫停讓行人先行,死亡1;受傷0,1.0,機車,普通重型,男,63.0,戴半罩式安全帽,未使用,車的狀態,向前直行中,機車與自行車,前車頭,,,駕駛者,車輛未依規定暫停讓行人先行,否,121.540456,24.974835
2026,7.0,20260712.0,113000.0,A1,新北市政府警察局,新北市新店區建國路 / 新北市新店區建國路,晴,有照明未開啟或故障,市區道路,50.0,交岔路,四岔路,其他,行人穿越道,柏油,乾燥,無缺陷,無障礙物,無遮蔽物,良好,無號誌,無號誌,雙向禁止超車線,無標記,車道線(無標記),未繪設快慢車道分隔線,有,人與車,穿越道路中,駕駛者,車輛未依規定暫停讓行人先行,死亡1;受傷0,2.0,人,行人,女,71.0,其他(無需使用保護裝備之人),非駕駛人,人的狀態,步行,其他,非汽、機及自行車,,,無(非車輛駕駛人因素),尚未發現肇事因素,否,121.540456,24.974835
2026,7.0,20260712.0,121600.0,A1,臺北市政府警察局,臺北市大安區師大路125號前0.0公尺,晴,有照明未開啟或故障,市區道路,50.0,單路部分,直路,其他,行人穿越道,柏油,乾燥,無缺陷,無障礙物,無遮蔽物,良好,無號誌,無號誌,中央分向島,窄式無柵欄,未繪設車道線,未繪設快慢車道分隔線,無,人與車,穿越道路中,駕駛者,車輛未依規定暫停讓行人先行,死亡1;受傷0,1.0,小客車(含客、貨兩用),自用,男,34.0,繫安全帶(使用幼童安全椅),未使用,車的狀態,向前直行中,汽車,前車頭,,,駕駛者,車輛未依規定暫停讓行人先行,否,121.528202,25.021831
2026,7.0,20260712.0,121600.0,A1,臺北市政府警察局,臺北市大安區師大路125號前0.0公尺,晴,有照明未開啟或故障,市區道路,50.0,單路部分,直路,其他,行人穿越道,柏油,乾燥,無缺陷,無障礙物,無遮蔽物,良好,無號誌,無號誌,中央分向島,窄式無柵欄,未繪設車道線,未繪設快慢車道分隔線,無,人與車,穿越道路中,駕駛者,車輛未依規定暫停讓行人先行,死亡1;受傷0,2.0,人,行人,女,56.0,其他(無需使用保護裝備之人),非駕駛人,人的狀態,步行,其他,非汽、機及自行車,,,非駕駛者,穿越道路未注意左右來車,否,121.528202,25.021831